#include "coffee_ready_img.h"

#ifndef LV_ATTRIBUTE_MEM_ALIGN
#define LV_ATTRIBUTE_MEM_ALIGN
#endif

#ifndef LV_ATTRIBUTE_COFFEE_READY_ESPRESSO_IMG
#define LV_ATTRIBUTE_COFFEE_READY_ESPRESSO_IMG
#endif

static const
LV_ATTRIBUTE_MEM_ALIGN LV_ATTRIBUTE_LARGE_CONST LV_ATTRIBUTE_COFFEE_READY_ESPRESSO_IMG
uint8_t coffee_ready_espresso_img_map[] = {

    0xe7,0x39,0xe7,0x39,0xa6,0x31,0xa6,0x31,0xe7,0x39,0x69,0x4a,0x2b,0x63,0x4c,0x63,
    0x2c,0x63,0xca,0x5a,0xe7,0x39,0xe7,0x39,0xe7,0x39,0x86,0x31,0xe7,0x39,0x48,0x4a,
    0x48,0x4a,0xe7,0x39,0xc6,0x31,0xa6,0x31,0x85,0x31,0x85,0x31,0x85,0x31,0x85,0x31,
    0x85,0x31,0xc6,0x39,0xc6,0x39,0xa6,0x31,0xa6,0x31,0xa6,0x31,0x85,0x31,0x85,0x31,
    0xa6,0x31,0xa6,0x31,0x85,0x31,0x85,0x31,0xa6,0x31,0x85,0x31,0x85,0x31,0xc6,0x39,
    0x85,0x31,0xa6,0x31,0x85,0x31,0xc6,0x39,0xc6,0x39,0xa6,0x31,0xa6,0x39,0xa6,0x39,
    0xc6,0x39,0x07,0x42,0xc6,0x39,0xc6,0x39,0xc6,0x39,0xa6,0x31,0x85,0x31,0xa6,0x31,
    0xe7,0x39,0xe7,0x41,0xc6,0x39,0xa6,0x31,0x85,0x31,0x85,0x31,0x85,0x31,0xe7,0x39,
    0xe7,0x39,0xe7,0x39,0x28,0x42,0x28,0x42,0xc6,0x39,0x85,0x31,0xa6,0x31,0xc6,0x39,
    0xa6,0x31,0xa6,0x31,0xc6,0x39,0xc6,0x39,0xc6,0x39,0xc6,0x39,0xa6,0x39,0xa6,0x39,
    0xa6,0x39,0xe7,0x41,0xe7,0x39,0xc6,0x39,0xc6,0x39,0xe7,0x39,0xc6,0x39,0x28,0x42,
    0x28,0x4a,0x28,0x42,0x48,0x4a,0x48,0x4a,0x28,0x42,0x07,0x42,0x07,0x3a,0xe7,0x39,
    0x07,0x3a,0x07,0x3a,0xe7,0x39,0xc6,0x39,0xa6,0x31,0xe7,0x39,0x28,0x42,0x07,0x42,
    0xc6,0x39,0xc6,0x39,0xe7,0x39,0xc6,0x39,0xc6,0x39,0xc6,0x39,0xc6,0x39,0xe7,0x39,
    0xe7,0x41,0xe7,0x39,0xe7,0x39,0xc6,0x39,0xa6,0x39,0xe7,0x39,0xe7,0x39,0xe7,0x41,
    0x28,0x42,0x07,0x42,0xc7,0x39,0x08,0x42,0x28,0x42,0x08,0x42,0xe7,0x41,0xe7,0x39,
    0x07,0x42,0x49,0x4a,0xaa,0x52,0x28,0x42,0x08,0x42,0x08,0x42,0xe7,0x39,0xe7,0x39,
    0xe7,0x39,0xc7,0x39,0xa6,0x31,0xe7,0x39,0x08,0x42,0x28,0x42,0x08,0x42,0x28,0x42,
    0x28,0x42,0xe7,0x39,0xe7,0x39,0x07,0x42,0xc7,0x39,0xc7,0x39,0xa6,0x31,0xc7,0x39,
    0x28,0x42,0x07,0x42,0xc7,0x39,0xc6,0x39,0xc6,0x39,0xc6,0x39,0xe7,0x39,0x48,0x4a,
    0x48,0x4a,0xe7,0x39,0xc6,0x39,0x07,0x42,0xe7,0x39,0xe7,0x39,0xe7,0x39,0xa6,0x31,
    0xe7,0x39,0xe7,0x39,0xc6,0x39,0xe7,0x39,0x07,0x42,0x07,0x42,0x07,0x42,0xe7,0x39,
    0xc6,0x39,0xc7,0x39,0xc7,0x39,0xe7,0x39,0xa6,0x31,0xe7,0x39,0xe7,0x39,0xa6,0x31,
    0xe7,0x39,0xe7,0x39,0xc6,0x39,0x86,0x31,0xa6,0x31,0x86,0x31,0xc6,0x39,0xc7,0x39,
    0xa6,0x31,0xa6,0x31,0xc6,0x39,0xa6,0x31,0xc7,0x39,0x08,0x42,0x28,0x42,0xe7,0x39,
    0xc7,0x39,0xe7,0x39,0xc6,0x39,0xe7,0x39,0xe7,0x39,0xc7,0x39,0xc7,0x39,0xc7,0x39,
    0xc7,0x39,0xe7,0x39,0xc7,0x39,0xa6,0x31,0xe7,0x39,0xe7,0x39,0xc7,0x39,0xe7,0x39,
    0xe7,0x39,0xc7,0x39,0xc7,0x39,0xc6,0x39,0xc7,0x39,0xe7,0x39,0x08,0x42,0xe7,0x39,
    0xc7,0x39,0xc7,0x39,0xc7,0x39,0xe7,0x39,0xe7,0x39,0xc7,0x39,0xc7,0x39,0xe7,0x39,
    0x08,0x42,0xe7,0x39,0xa6,0x31,0xa6,0x31,0xe7,0x39,0x28,0x42,0x08,0x42,0xc7,0x39,
    0xe7,0x39,0xe7,0x39,0x08,0x42,0x08,0x42,0x08,0x42,0x49,0x4a,0x08,0x42,0x08,0x42,
    0xe7,0x39,0xe7,0x39,0x08,0x42,0xe7,0x39,0xe7,0x39,0x08,0x42,0xe7,0x39,0xe7,0x39,
    0x28,0x42,0x29,0x42,0xe8,0x39,0xe8,0x39,0x28,0x4a,0x69,0x52,0x89,0x52,0x28,0x4a,
    0x07,0x42,0x69,0x4a,0x89,0x52,0x27,0x42,0x48,0x4a,0x48,0x4a,0xc6,0x39,0xc6,0x39,
    0x89,0x52,0x69,0x4a,0x07,0x42,0x69,0x4a,0xeb,0x5a,0xca,0x5a,0x48,0x4a,0xc6,0x39,
    0xa6,0x31,0x85,0x31,0x65,0x31,0x65,0x29,0x65,0x31,0x85,0x31,0x85,0x31,0xa6,0x31,
    0x85,0x31,0x85,0x31,0xa6,0x31,0xa6,0x39,0xa6,0x31,0xa6,0x31,0x85,0x31,0x65,0x29,
    0x65,0x31,0x85,0x31,0xa6,0x31,0xa6,0x31,0x85,0x31,0xa6,0x39,0xa6,0x31,0xc6,0x39,
    0xc6,0x39,0xa6,0x31,0xc6,0x39,0xe7,0x39,0x07,0x42,0x07,0x42,0xc6,0x39,0xe7,0x39,
    0xe7,0x39,0xa6,0x31,0xa6,0x31,0x85,0x31,0x85,0x31,0xa6,0x31,0xa6,0x31,0xa6,0x31,
    0x85,0x31,0x85,0x31,0xa6,0x31,0x07,0x42,0x28,0x42,0xe7,0x39,0x28,0x42,0x28,0x42,
    0xa6,0x39,0xa6,0x31,0xa6,0x31,0xa6,0x31,0xc6,0x39,0xa6,0x39,0xc6,0x39,0xa6,0x31,
    0x85,0x31,0xa6,0x31,0xe7,0x39,0xc7,0x39,0xe7,0x39,0x07,0x42,0xc7,0x39,0xc6,0x39,
    0xc6,0x39,0xc6,0x39,0xc6,0x39,0x07,0x42,0x07,0x42,0xe7,0x39,0x07,0x3a,0x07,0x42,
    0x07,0x3a,0xe7,0x39,0xe7,0x39,0x07,0x42,0x07,0x42,0xe7,0x39,0xe7,0x39,0xc6,0x39,
    0xa6,0x31,0xe7,0x39,0xe7,0x39,0xe7,0x39,0xc6,0x39,0xc6,0x39,0xe7,0x39,0xe7,0x41,
    0x07,0x42,0xe7,0x39,0xc6,0x39,0xc6,0x39,0xc6,0x39,0xc6,0x39,0x07,0x42,0xc6,0x39,
    0xc6,0x39,0xe7,0x39,0xe7,0x41,0xe7,0x39,0xe7,0x39,0xe7,0x39,0xe7,0x39,0xc6,0x39,
    0xe7,0x39,0x08,0x42,0x28,0x42,0x28,0x4a,0x08,0x42,0x28,0x42,0x49,0x4a,0x28,0x42,
    0x48,0x4a,0xe7,0x39,0xe6,0x39,0x07,0x3a,0xc7,0x39,0xc7,0x39,0xc7,0x39,0xe7,0x39,
    0x48,0x4a,0x69,0x4a,0x07,0x42,0x28,0x42,0x28,0x42,0xa6,0x31,0xe7,0x39,0x08,0x42,
    0x07,0x42,0xe7,0x39,0xc7,0x39,0xe7,0x39,0x07,0x42,0xe7,0x39,0xe7,0x39,0xc7,0x39,
    0xc7,0x39,0xa6,0x31,0xe7,0x39,0x28,0x42,0x08,0x42,0xc7,0x39,0xc6,0x39,0x07,0x42,
    0x07,0x42,0xc6,0x39,0xa6,0x31,0xa6,0x31,0x07,0x42,0x08,0x42,0xe7,0x39,0xc7,0x39,
    0x07,0x42,0x07,0x42,0x07,0x42,0xe7,0x39,0xc6,0x39,0xe7,0x39,0xe7,0x39,0x07,0x42,
    0xe7,0x39,0xc6,0x39,0xc7,0x39,0xa6,0x31,0xc6,0x39,0x49,0x4a,0x48,0x4a,0xa6,0x31,
    0xa6,0x31,0x85,0x31,0xa6,0x31,0xc7,0x39,0xc7,0x39,0xc7,0x39,0xc6,0x39,0xc6,0x39,
    0xe7,0x39,0xe7,0x39,0x08,0x42,0xe7,0x39,0x07,0x42,0x07,0x42,0xc6,0x39,0xc6,0x39,
    0xc6,0x39,0xc6,0x39,0xc7,0x39,0xc7,0x39,0xe7,0x39,0xc6,0x39,0xa6,0x31,0xc7,0x39,
    0x08,0x42,0xe7,0x39,0xc7,0x39,0xc7,0x39,0xe7,0x39,0x07,0x42,0xe7,0x39,0xc6,0x39,
    0xa6,0x31,0xc6,0x39,0xc7,0x39,0xe7,0x39,0xe7,0x39,0xc7,0x39,0xc7,0x39,0xc7,0x39,
    0xe7,0x39,0xe7,0x39,0xe7,0x39,0xe7,0x39,0x08,0x42,0xe7,0x39,0xc7,0x39,0xc7,0x39,
    0xc7,0x39,0xc7,0x39,0xe7,0x39,0xc7,0x39,0xe7,0x39,0x28,0x42,0x08,0x42,0x08,0x42,
    0x28,0x42,0x49,0x4a,0x08,0x42,0x08,0x42,0x28,0x42,0x28,0x42,0x28,0x42,0x08,0x42,
    0x08,0x42,0x08,0x42,0xe7,0x39,0x08,0x42,0x08,0x42,0xe8,0x39,0x69,0x4a,0xaa,0x52,
    0x69,0x4a,0x89,0x52,0xaa,0x52,0x69,0x4a,0xc6,0x39,0xc6,0x39,0xc6,0x31,0x65,0x29,
    0xa5,0x31,0x85,0x31,0x44,0x29,0x65,0x29,0xe7,0x39,0x48,0x4a,0xe6,0x39,0xc6,0x31,
    0x89,0x4a,0x4c,0x6b,0xeb,0x5a,0x89,0x4a,0x28,0x42,0x07,0x42,0xe7,0x39,0xc6,0x39,
    0xc6,0x39,0xa6,0x31,0x85,0x31,0xa6,0x39,0xa6,0x31,0xa6,0x31,0x85,0x31,0xa6,0x31,
    0x85,0x31,0x85,0x31,0xa6,0x31,0xa6,0x39,0xa6,0x31,0xa6,0x31,0xa6,0x31,0xa6,0x31,
    0x85,0x31,0xa6,0x31,0xa6,0x31,0xa6,0x31,0xa6,0x31,0xa6,0x39,0xc6,0x39,0xe7,0x39,
    0xe7,0x41,0xe7,0x39,0xc6,0x39,0xe7,0x39,0xc6,0x39,0xa6,0x31,0xc6,0x39,0xc6,0x39,
    0x85,0x31,0x85,0x31,0xa6,0x31,0x85,0x31,0x85,0x31,0xa6,0x31,0xa6,0x31,0xc6,0x39,
    0xc6,0x39,0xa6,0x31,0xc6,0x39,0xc6,0x39,0xc6,0x39,0xa6,0x31,0x85,0x31,0xa6,0x31,
    0xc6,0x39,0xc6,0x39,0xc6,0x39,0xc6,0x39,0xc6,0x39,0xe7,0x39,0x07,0x42,0xe7,0x39,
    0xc7,0x39,0xc7,0x39,0xa6,0x39,0xc6,0x39,0xc6,0x39,0xa6,0x31,0xc6,0x39,0x07,0x42,
    0x28,0x4a,0xe7,0x39,0xe6,0x39,0xc6,0x39,0xe7,0x39,0x28,0x42,0x07,0x3a,0x07,0x42,
    0x07,0x42,0xe7,0x39,0xe7,0x39,0xe7,0x39,0xc6,0x39,0xe7,0x39,0xc6,0x39,0xe7,0x39,
    0xe7,0x39,0x07,0x42,0x07,0x42,0xe7,0x41,0xe7,0x39,0xa6,0x31,0x28,0x42,0x48,0x4a,
    0xe7,0x39,0x07,0x42,0x48,0x4a,0x07,0x42,0xe7,0x39,0xe7,0x39,0xe7,0x39,0xc7,0x39,
    0xc7,0x39,0xe7,0x39,0xe7,0x41,0xc7,0x39,0xc7,0x39,0xe7,0x41,0x08,0x42,0x28,0x42,
    0xc6,0x39,0xe7,0x39,0x28,0x42,0x08,0x42,0x28,0x42,0x08,0x42,0xe7,0x39,0x07,0x3a,
    0xe7,0x39,0xc7,0x39,0xc7,0x39,0xc7,0x39,0x28,0x42,0x48,0x4a,0x07,0x42,0x08,0x42,
    0x07,0x42,0xc7,0x39,0xe7,0x39,0xe7,0x39,0xe7,0x39,0xc7,0x39,0xc6,0x39,0xc7,0x39,
    0xe7,0x39,0x07,0x42,0xe7,0x39,0xe7,0x39,0xc7,0x39,0xa6,0x31,0xa6,0x31,0xe7,0x39,
    0xe7,0x39,0xe7,0x39,0x07,0x42,0xe7,0x39,0xc6,0x39,0xa6,0x31,0xa6,0x31,0xc6,0x39,
    0xe7,0x39,0x07,0x42,0xe7,0x39,0xe7,0x39,0x07,0x42,0xe7,0x39,0xe7,0x39,0x08,0x42,
    0xe7,0x39,0xe7,0x39,0xc6,0x39,0xe7,0x39,0xe7,0x39,0xc7,0x39,0xe7,0x39,0xc6,0x39,
    0xa6,0x31,0x08,0x42,0x28,0x42,0xa6,0x31,0xa6,0x31,0xa6,0x31,0xa6,0x31,0x07,0x42,
    0x08,0x42,0xe7,0x39,0x07,0x42,0xe7,0x39,0xc6,0x39,0xc7,0x39,0xe7,0x39,0xe7,0x39,
    0xe7,0x39,0xe7,0x39,0xc6,0x39,0xa6,0x31,0xa6,0x31,0xc6,0x39,0xc7,0x39,0xe7,0x39,
    0xc7,0x39,0xc6,0x39,0xc6,0x39,0xe7,0x39,0x07,0x42,0xe7,0x39,0xe7,0x39,0xe7,0x39,
    0x07,0x42,0x08,0x42,0x08,0x42,0xe7,0x39,0xc7,0x39,0xe7,0x39,0xe7,0x39,0xc7,0x39,
    0xe7,0x39,0xc7,0x39,0xc7,0x39,0xa6,0x31,0xc7,0x39,0x08,0x42,0x08,0x42,0x08,0x42,
    0x08,0x42,0x08,0x42,0x08,0x42,0xe7,0x39,0x28,0x42,0xe7,0x39,0x08,0x42,0xe7,0x39,
    0xe7,0x39,0x08,0x42,0xe7,0x39,0x08,0x42,0x28,0x42,0x08,0x42,0xe7,0x39,0xe7,0x39,
    0x28,0x42,0x08,0x42,0x08,0x42,0x08,0x42,0x28,0x42,0x28,0x42,0x28,0x42,0x28,0x42,
    0x28,0x42,0x29,0x42,0x8a,0x52,0xab,0x52,0xe7,0x41,0xe7,0x39,0xc6,0x39,0xa6,0x31,
    0x85,0x31,0x85,0x31,0x85,0x31,0x65,0x29,0x65,0x29,0x85,0x31,0x85,0x31,0x85,0x31,
    0x65,0x29,0x64,0x29,0x65,0x29,0x85,0x31,0xc6,0x31,0x68,0x4a,0x89,0x4a,0x28,0x42,
    0x07,0x42,0x07,0x42,0xe7,0x41,0xe7,0x39,0xe7,0x39,0x07,0x42,0x07,0x42,0xe7,0x39,
    0xe7,0x39,0xc6,0x39,0x85,0x31,0x85,0x31,0xa6,0x31,0x85,0x31,0x85,0x31,0x85,0x31,
    0x65,0x31,0xa6,0x31,0xa6,0x39,0x85,0x31,0x65,0x31,0xa6,0x31,0x85,0x31,0xa6,0x31,
    0xa6,0x39,0xe7,0x39,0xe7,0x39,0xc6,0x39,0xc6,0x39,0xe7,0x41,0x07,0x42,0xc6,0x39,
    0xa6,0x39,0xe7,0x39,0xc6,0x39,0xc6,0x39,0xc6,0x39,0xc6,0x39,0xa6,0x31,0x85,0x31,
    0xa6,0x31,0xc6,0x39,0xa6,0x31,0xa6,0x31,0x85,0x31,0xc6,0x39,0xe7,0x39,0xa6,0x31,
    0x85,0x31,0x65,0x29,0x65,0x29,0x85,0x31,0xc6,0x39,0xe7,0x39,0xc6,0x39,0xc6,0x39,
    0xc6,0x39,0xc6,0x39,0xe7,0x41,0xe7,0x39,0xc6,0x39,0xa6,0x31,0xc6,0x39,0xc6,0x39,
    0xc6,0x39,0xc6,0x39,0xc6,0x39,0xe7,0x39,0x48,0x4a,0x27,0x42,0x07,0x3a,0xc6,0x39,
    0xe6,0x39,0x27,0x42,0x07,0x42,0xe7,0x39,0xe7,0x39,0xe7,0x39,0xe7,0x39,0xc6,0x39,
    0x07,0x42,0x07,0x42,0xc7,0x39,0xe7,0x39,0x07,0x42,0x28,0x42,0x07,0x42,0xe7,0x41,
    0xe7,0x41,0xa6,0x39,0x07,0x42,0x69,0x52,0x07,0x42,0x07,0x42,0x28,0x4a,0x28,0x42,
    0xe7,0x39,0xe7,0x39,0xe7,0x41,0x49,0x4a,0x69,0x4a,0x08,0x42,0x08,0x42,0xe7,0x39,
    0xc6,0x39,0xc7,0x39,0xc7,0x39,0x08,0x42,0xc6,0x39,0xe7,0x39,0x08,0x42,0xe7,0x39,
    0xe7,0x39,0x28,0x42,0x07,0x42,0xe7,0x39,0x27,0x42,0x07,0x42,0xc7,0x39,0xe7,0x39,
    0xe7,0x39,0xc6,0x39,0xe7,0x39,0x07,0x42,0xe7,0x39,0xc7,0x39,0xc7,0x39,0xc6,0x39,
    0xc7,0x39,0xe7,0x39,0xc7,0x39,0xa6,0x31,0xa6,0x31,0xe7,0x39,0xe7,0x39,0xc6,0x39,
    0xc6,0x39,0xa6,0x31,0xa6,0x31,0xa6,0x31,0xc6,0x39,0xe7,0x39,0xc7,0x39,0xa6,0x31,
    0xc6,0x39,0xc6,0x39,0xc7,0x39,0xc6,0x39,0xc7,0x39,0xc7,0x39,0xc7,0x39,0xe7,0x39,
    0x08,0x42,0xe7,0x39,0xc7,0x39,0xe7,0x39,0x08,0x42,0xe7,0x39,0xc6,0x39,0xa6,0x31,
    0xc7,0x39,0x07,0x42,0xc7,0x39,0xc6,0x39,0xc7,0x39,0xc7,0x39,0xe7,0x39,0xc6,0x39,
    0xa6,0x31,0xa6,0x31,0xa6,0x31,0x07,0x42,0x08,0x42,0xe7,0x39,0x07,0x42,0xe7,0x39,
    0xa6,0x31,0xc6,0x39,0xc7,0x39,0xc6,0x39,0xc6,0x39,0xc6,0x39,0xc7,0x39,0xe7,0x39,
    0xc6,0x39,0xa6,0x31,0xc6,0x39,0xe7,0x39,0xc7,0x39,0xe7,0x39,0xe7,0x39,0xc7,0x39,
    0xc7,0x39,0xc7,0x39,0x07,0x42,0x07,0x42,0xe7,0x39,0xe7,0x39,0x08,0x42,0x07,0x42,
    0xe7,0x39,0xe7,0x39,0xc7,0x39,0xe7,0x39,0xe7,0x39,0xe7,0x39,0xc7,0x39,0xe7,0x39,
    0x08,0x42,0x28,0x42,0xe7,0x39,0x08,0x42,0x28,0x42,0xe7,0x39,0xe7,0x39,0xc7,0x39,
    0x08,0x42,0xe7,0x39,0xc7,0x39,0x08,0x42,0xe7,0x39,0x08,0x42,0xe7,0x39,0xe7,0x39,
    0xc7,0x39,0xc7,0x39,0xe7,0x39,0xc7,0x39,0x28,0x42,0x08,0x42,0xe7,0x39,0x08,0x42,
    0x28,0x42,0x08,0x42,0x08,0x42,0x08,0x42,0x28,0x42,0x69,0x4a,0x49,0x4a,0x29,0x42,
    0xa6,0x39,0xa6,0x31,0x85,0x31,0x85,0x31,0xa6,0x31,0xa6,0x31,0x85,0x31,0x85,0x31,
    0xa6,0x31,0xe7,0x39,0xa6,0x39,0x85,0x31,0x85,0x31,0x65,0x29,0x65,0x29,0x65,0x29,
    0x85,0x29,0xc6,0x31,0xe7,0x39,0x85,0x31,0x44,0x29,0x85,0x31,0xa6,0x31,0xa6,0x31,
    0xa6,0x39,0xc6,0x39,0xc6,0x39,0xc6,0x39,0xc6,0x39,0xc6,0x39,0xa6,0x31,0x07,0x42,
    0x07,0x42,0xa6,0x31,0xc6,0x39,0xc6,0x39,0x85,0x31,0x85,0x31,0xa6,0x31,0x65,0x31,
    0x65,0x29,0x85,0x31,0xa6,0x31,0xa6,0x31,0xa6,0x31,0xe7,0x39,0xe7,0x39,0xe7,0x39,
    0x07,0x42,0x28,0x42,0x07,0x42,0xc6,0x39,0xc6,0x39,0xe7,0x39,0xa6,0x39,0xc6,0x39,
    0xe7,0x39,0xe7,0x39,0xa6,0x31,0x85,0x31,0x86,0x31,0xa6,0x31,0x85,0x31,0xa6,0x31,
    0x86,0x31,0xe7,0x39,0xc6,0x39,0x85,0x31,0x65,0x31,0x44,0x29,0x44,0x29,0x44,0x29,
    0x86,0x31,0xe7,0x39,0xc6,0x39,0xc6,0x39,0xc6,0x39,0xa6,0x39,0xa6,0x39,0x07,0x42,
    0x28,0x42,0xa6,0x31,0xa6,0x39,0x07,0x42,0xc6,0x39,0xe7,0x39,0x07,0x42,0xe7,0x39,
    0xc6,0x39,0xe7,0x39,0xe7,0x39,0xe7,0x39,0xc6,0x39,0xe7,0x39,0x07,0x42,0xc6,0x39,
    0xe7,0x39,0xe7,0x39,0xc6,0x39,0xe7,0x39,0x27,0x42,0xc6,0x39,0xc6,0x39,0xe7,0x39,
    0x28,0x4a,0x28,0x4a,0xe7,0x39,0xe7,0x39,0x07,0x42,0xc6,0x39,0xe7,0x39,0x48,0x4a,
    0xe7,0x39,0xe7,0x39,0x28,0x42,0x07,0x42,0xc6,0x39,0xc6,0x39,0xe7,0x41,0x28,0x42,
    0x07,0x42,0x07,0x42,0x28,0x42,0xe7,0x41,0xc6,0x39,0x85,0x31,0x85,0x31,0xe7,0x41,
    0xe7,0x41,0xe7,0x39,0xc7,0x39,0xc6,0x39,0xc7,0x39,0xe7,0x39,0xe7,0x39,0xe7,0x39,
    0xe7,0x39,0x07,0x42,0x28,0x42,0xe7,0x39,0xe7,0x39,0xe7,0x39,0xe7,0x39,0x28,0x42,
    0x28,0x42,0xe7,0x39,0xc7,0x39,0xc6,0x39,0xa6,0x31,0xc7,0x39,0xa6,0x31,0xa6,0x31,
    0xc6,0x39,0xc7,0x39,0xc7,0x39,0xc7,0x39,0xa6,0x31,0xa6,0x31,0xa6,0x31,0xc6,0x39,
    0xe7,0x39,0xe7,0x39,0xa6,0x31,0xa6,0x31,0xc7,0x39,0xe7,0x39,0xe7,0x39,0xc6,0x39,
    0xa6,0x31,0xa6,0x31,0xc7,0x39,0x28,0x42,0xe7,0x39,0xe7,0x39,0xe7,0x39,0xc7,0x39,
    0xc7,0x39,0xe7,0x39,0xc7,0x39,0x86,0x31,0xe7,0x39,0x07,0x42,0xa6,0x31,0x86,0x31,
    0xa6,0x31,0xc6,0x39,0xe7,0x39,0x08,0x42,0xe7,0x39,0xa6,0x31,0xc7,0x39,0xc7,0x39,
    0xa6,0x31,0xe7,0x39,0x07,0x42,0xe7,0x39,0xe7,0x39,0xa6,0x31,0xe7,0x39,0xc7,0x39,
    0xc6,0x39,0x07,0x42,0xe7,0x39,0xe7,0x39,0xe7,0x39,0xe7,0x39,0xe7,0x39,0xe7,0x39,
    0xc7,0x39,0xe7,0x39,0xc7,0x39,0xc6,0x39,0xe7,0x39,0xa6,0x31,0xc7,0x39,0x28,0x42,
    0x08,0x42,0xe7,0x39,0x07,0x42,0x28,0x42,0x07,0x42,0x08,0x42,0x07,0x42,0xc7,0x39,
    0xc7,0x39,0xc7,0x39,0xc7,0x39,0x08,0x42,0x28,0x42,0x08,0x42,0xc7,0x39,0x69,0x4a,
    0x69,0x4a,0xe7,0x39,0xe7,0x39,0xc7,0x39,0xe7,0x39,0xc7,0x39,0xa6,0x31,0xc7,0x39,
    0x08,0x42,0x49,0x4a,0x49,0x4a,0x08,0x42,0xe7,0x39,0x08,0x42,0x08,0x42,0x07,0x42,
    0x28,0x42,0x28,0x42,0x08,0x42,0xe7,0x39,0xe8,0x39,0xe7,0x39,0xe7,0x39,0x08,0x42,
    0x08,0x42,0x8a,0x52,0x69,0x4a,0x08,0x42,0xc6,0x39,0xa6,0x39,0xa6,0x39,0xc6,0x39,
    0xa6,0x39,0xe7,0x39,0xc6,0x39,0xa6,0x39,0xc6,0x39,0xc6,0x39,0xa6,0x31,0xa6,0x31,
    0xa6,0x31,0xa6,0x31,0xc6,0x39,0xc6,0x39,0xe6,0x39,0xe7,0x39,0xc6,0x39,0x85,0x31,
    0x24,0x21,0x44,0x29,0x65,0x31,0x65,0x31,0x65,0x31,0x85,0x31,0x65,0x31,0x85,0x31,
    0x85,0x31,0x85,0x31,0x85,0x31,0xe7,0x41,0x07,0x42,0xa6,0x31,0xc6,0x39,0xe7,0x39,
    0xa6,0x31,0x44,0x29,0xa6,0x31,0xa6,0x31,0x85,0x31,0xa6,0x31,0xc6,0x39,0xa6,0x31,
    0x65,0x29,0x85,0x31,0x85,0x31,0xa6,0x39,0xe7,0x39,0xe7,0x39,0xa6,0x31,0xa6,0x31,
    0xe7,0x39,0x07,0x42,0xe7,0x39,0xc6,0x39,0xc6,0x39,0xc6,0x39,0xa6,0x39,0xc6,0x39,
    0xc6,0x39,0xa6,0x39,0xa6,0x31,0xa6,0x31,0xa6,0x31,0xc7,0x39,0xa6,0x31,0x85,0x31,
    0x86,0x31,0x85,0x31,0x65,0x31,0x44,0x29,0x44,0x29,0x65,0x31,0x86,0x39,0xc6,0x39,
    0xe7,0x41,0xc7,0x39,0xa6,0x39,0xe7,0x39,0x48,0x4a,0xc6,0x39,0xa6,0x39,0x07,0x42,
    0xe7,0x39,0xc6,0x39,0x07,0x42,0xc6,0x39,0xc6,0x39,0xc6,0x39,0xc6,0x39,0xc7,0x39,
    0xa6,0x31,0xa6,0x31,0xe7,0x39,0xe7,0x39,0xe7,0x39,0xc6,0x39,0xa6,0x31,0x07,0x42,
    0x07,0x42,0xc6,0x39,0xe6,0x39,0x48,0x42,0x07,0x42,0x07,0x42,0xc6,0x39,0xc6,0x39,
    0xc6,0x39,0xa6,0x31,0xc6,0x39,0x28,0x42,0xe7,0x39,0xe7,0x39,0x28,0x42,0x07,0x42,
    0x07,0x42,0x07,0x42,0x07,0x42,0xe7,0x41,0xe7,0x39,0xc6,0x39,0xc6,0x39,0xe7,0x41,
    0xe7,0x39,0xc6,0x39,0xe7,0x41,0xe7,0x39,0xe7,0x39,0xc6,0x39,0xe7,0x39,0x07,0x42,
    0xe7,0x39,0xc7,0x39,0xe7,0x39,0xe7,0x39,0xc6,0x39,0xa6,0x31,0xc6,0x39,0xc6,0x39,
    0xc6,0x39,0xe7,0x39,0x07,0x42,0x28,0x42,0x08,0x42,0x07,0x42,0xe7,0x39,0xc7,0x39,
    0xc6,0x39,0xe7,0x39,0xc6,0x39,0xe7,0x39,0xe7,0x39,0xa6,0x31,0xc7,0x39,0xe7,0x39,
    0xc7,0x39,0xa6,0x31,0xc7,0x39,0xc7,0x39,0xe7,0x39,0xe7,0x39,0xc7,0x39,0xa7,0x31,
    0xc7,0x39,0x28,0x42,0x28,0x42,0xe7,0x39,0xc7,0x39,0xc7,0x39,0xe7,0x39,0x08,0x42,
    0x08,0x42,0x08,0x42,0x08,0x42,0xe7,0x39,0xc7,0x39,0xc7,0x39,0xc7,0x39,0xa6,0x31,
    0xe7,0x39,0xc7,0x39,0xc7,0x39,0xc7,0x39,0xe7,0x39,0xa6,0x31,0x86,0x31,0x69,0x4a,
    0x28,0x42,0xa6,0x31,0xa6,0x31,0xc6,0x39,0xc6,0x39,0xe7,0x39,0xc7,0x39,0xc6,0x39,
    0xe7,0x39,0xa6,0x31,0xe7,0x39,0x07,0x42,0xe7,0x39,0x28,0x42,0xe7,0x39,0xe7,0x39,
    0x07,0x42,0x28,0x42,0x28,0x42,0x07,0x42,0xc7,0x39,0xe7,0x39,0xc6,0x39,0xa6,0x31,
    0xc6,0x39,0xe7,0x39,0xc7,0x39,0x28,0x42,0x49,0x4a,0xe7,0x39,0xc7,0x39,0x07,0x42,
    0xe7,0x39,0x07,0x42,0xe7,0x39,0xc7,0x39,0xe7,0x39,0xc6,0x39,0xc7,0x39,0x07,0x42,
    0x07,0x42,0xe7,0x39,0xe7,0x39,0x69,0x4a,0x49,0x4a,0x08,0x42,0x08,0x42,0xe7,0x39,
    0xe7,0x39,0xc7,0x39,0xc7,0x39,0xc7,0x39,0xc7,0x39,0xe7,0x39,0xe7,0x39,0x28,0x42,
    0x08,0x42,0x08,0x42,0x08,0x42,0x08,0x42,0xe7,0x39,0x07,0x42,0xe7,0x39,0xe7,0x39,
    0xe8,0x39,0xe8,0x39,0x08,0x42,0x08,0x42,0x49,0x4a,0xeb,0x5a,0x8a,0x52,0x28,0x42,
    0xc6,0x39,0xa6,0x39,0xa6,0x31,0xa6,0x31,0xa6,0x31,0xe7,0x39,0xe7,0x39,0xc6,0x39,
    0xc6,0x39,0xa6,0x31,0x85,0x31,0x85,0x31,0xa6,0x39,0xc6,0x39,0xe7,0x39,0x28,0x42,
    0x28,0x42,0x07,0x42,0x07,0x42,0xe7,0x39,0x85,0x31,0x65,0x31,0x85,0x31,0x85,0x31,
    0x65,0x31,0x85,0x31,0x65,0x31,0x65,0x31,0x65,0x29,0x65,0x31,0x85,0x31,0xa6,0x39,
    0xc6,0x39,0xa6,0x31,0xc6,0x39,0x07,0x42,0xe7,0x39,0x65,0x31,0x85,0x31,0xa6,0x31,
    0x85,0x31,0x85,0x31,0xa6,0x31,0xa6,0x31,0x85,0x31,0x85,0x31,0x65,0x29,0xa6,0x31,
    0xc6,0x39,0xa6,0x31,0xa6,0x31,0xa6,0x39,0xc6,0x39,0xe7,0x39,0xe7,0x39,0xc6,0x39,
    0xa6,0x31,0xc6,0x39,0xc6,0x39,0xc7,0x39,0xe7,0x39,0xc6,0x39,0xa6,0x31,0xa6,0x31,
    0x85,0x31,0x85,0x31,0xc6,0x39,0x86,0x31,0x65,0x29,0x65,0x29,0x44,0x29,0x65,0x31,
    0x65,0x31,0x65,0x31,0xa6,0x39,0xa6,0x39,0x07,0x42,0xe7,0x41,0xa6,0x39,0xa6,0x39,
    0xe7,0x41,0xc6,0x39,0xe7,0x39,0xe7,0x41,0xc6,0x39,0xa6,0x31,0xc6,0x39,0xa6,0x31,
    0xe7,0x39,0xc7,0x39,0xc7,0x39,0xc7,0x39,0xc7,0x39,0xe7,0x39,0xc7,0x39,0xe7,0x39,
    0xe7,0x39,0xc6,0x39,0xc6,0x39,0xe7,0x39,0xe7,0x39,0xe7,0x39,0xc6,0x39,0x07,0x3a,
    0xe7,0x39,0xe7,0x39,0xe7,0x39,0xc6,0x39,0xc6,0x39,0xc6,0x39,0xe7,0x39,0x08,0x42,
    0x08,0x42,0x28,0x42,0x28,0x42,0x28,0x42,0x08,0x42,0xe7,0x41,0xe7,0x39,0xe7,0x39,
    0xe7,0x39,0xa6,0x31,0xc6,0x39,0x07,0x42,0xe7,0x39,0xc6,0x39,0xc6,0x39,0xa6,0x31,
    0xe7,0x39,0xc7,0x39,0xe7,0x39,0x28,0x42,0xc7,0x39,0xc6,0x39,0xe7,0x39,0x07,0x42,
    0x08,0x42,0x28,0x42,0x07,0x42,0xe7,0x39,0xe7,0x39,0xc7,0x39,0xc7,0x39,0xc7,0x39,
    0x07,0x42,0x07,0x42,0xe7,0x39,0xc7,0x39,0xc6,0x39,0xc7,0x39,0xc7,0x39,0xe7,0x39,
    0xe7,0x39,0xc6,0x39,0xa6,0x31,0xc7,0x39,0xc7,0x39,0xa6,0x31,0xc7,0x39,0xe7,0x39,
    0xe7,0x39,0xe7,0x39,0xe7,0x39,0xc7,0x39,0xa6,0x31,0xe7,0x39,0x08,0x42,0xc7,0x39,
    0xc7,0x39,0xe7,0x39,0xc7,0x39,0xa6,0x31,0xc7,0x39,0xe7,0x39,0xe7,0x39,0xc7,0x39,
    0xc7,0x39,0xc7,0x39,0xe7,0x39,0xc7,0x39,0xc7,0x39,0xc7,0x39,0xc7,0x39,0xc7,0x39,
    0x08,0x42,0xa6,0x31,0xa6,0x31,0xe7,0x39,0xc7,0x39,0xa6,0x31,0xa6,0x31,0xa6,0x31,
    0xe7,0x39,0xe7,0x39,0xc7,0x39,0xc7,0x39,0xc7,0x39,0xc7,0x39,0xc6,0x39,0xe7,0x39,
    0xc6,0x39,0xc7,0x39,0xe7,0x39,0x07,0x42,0x28,0x42,0x28,0x42,0x07,0x42,0x07,0x42,
    0x07,0x42,0xe7,0x39,0xc6,0x39,0xa6,0x31,0xc7,0x39,0xe7,0x39,0xe7,0x39,0x08,0x42,
    0x49,0x4a,0xe7,0x39,0xe7,0x39,0x07,0x42,0x07,0x42,0xe7,0x39,0xc6,0x39,0xc7,0x39,
    0xe7,0x39,0xc7,0x39,0xc6,0x39,0xe7,0x39,0xe7,0x39,0xe7,0x39,0xe7,0x39,0xe7,0x39,
    0xc7,0x39,0xe7,0x39,0xe7,0x39,0xe7,0x39,0xc7,0x39,0xc7,0x39,0x08,0x42,0x08,0x42,
    0xa6,0x31,0xc7,0x39,0xc7,0x39,0xe7,0x39,0xe7,0x39,0xe7,0x39,0xe7,0x39,0xe7,0x39,
    0xc7,0x39,0xe7,0x39,0xe7,0x39,0xe7,0x39,0xe7,0x39,0x28,0x42,0x49,0x4a,0x69,0x4a,
    0xaa,0x52,0xcb,0x5a,0x49,0x4a,0x28,0x42,0xc6,0x39,0xa6,0x39,0xa6,0x31,0x85,0x31,
    0x85,0x31,0x85,0x31,0xa6,0x31,0xa6,0x31,0xa6,0x31,0x85,0x31,0x85,0x31,0xa6,0x31,
    0xc6,0x39,0xc6,0x39,0xe7,0x39,0x28,0x42,0x27,0x42,0x07,0x42,0x28,0x42,0x28,0x42,
    0x07,0x42,0xe6,0x39,0xc6,0x39,0xa6,0x39,0x85,0x31,0x85,0x31,0x65,0x29,0x65,0x29,
    0x65,0x29,0x65,0x31,0xa6,0x31,0x85,0x31,0x44,0x29,0x44,0x29,0x65,0x31,0xc6,0x39,
    0xc6,0x39,0x85,0x31,0xa6,0x31,0xa6,0x31,0x85,0x31,0xa6,0x31,0xa6,0x31,0xc6,0x39,
    0xc6,0x39,0xa6,0x31,0xc6,0x39,0xe7,0x41,0x07,0x42,0xa6,0x39,0xc6,0x39,0xe7,0x39,
    0x85,0x31,0x85,0x31,0xc6,0x39,0xc6,0x39,0xc6,0x39,0xe7,0x39,0xe6,0x39,0xa6,0x31,
    0xa6,0x31,0xa6,0x31,0x86,0x31,0x86,0x31,0x85,0x31,0x85,0x31,0xa6,0x31,0xa6,0x31,
    0xa6,0x31,0xc6,0x39,0x65,0x31,0x44,0x29,0x65,0x31,0xa6,0x39,0xa6,0x39,0xa6,0x39,
    0xc7,0x41,0xc7,0x39,0xa6,0x39,0xc6,0x39,0xc6,0x39,0xc6,0x39,0xe7,0x39,0x07,0x42,
    0xe7,0x39,0xe7,0x41,0xe7,0x41,0xa6,0x31,0xa6,0x31,0xc6,0x39,0xc7,0x39,0xc7,0x39,
    0xc7,0x39,0xe7,0x39,0xc7,0x39,0xc6,0x39,0xe7,0x39,0x28,0x4a,0x08,0x42,0xc6,0x31,
    0xa6,0x31,0xc6,0x39,0xc6,0x31,0xc6,0x39,0xe7,0x39,0xe7,0x39,0xc6,0x39,0xc6,0x39,
    0xc6,0x39,0x07,0x42,0x48,0x4a,0x28,0x42,0x08,0x42,0x08,0x42,0x08,0x42,0x08,0x42,
    0x08,0x42,0x28,0x42,0x48,0x4a,0xe7,0x41,0xe7,0x39,0xe7,0x39,0xe7,0x41,0xe7,0x41,
    0xe7,0x39,0x07,0x42,0xe7,0x39,0x85,0x31,0xc6,0x39,0xe7,0x39,0x08,0x42,0x08,0x42,
    0xc6,0x39,0xe7,0x39,0xe7,0x39,0xe7,0x39,0x07,0x42,0x69,0x4a,0x69,0x4a,0x28,0x42,
    0x48,0x4a,0xe7,0x39,0xc6,0x39,0xe7,0x39,0xe7,0x39,0xe7,0x39,0xe7,0x39,0xc7,0x39,
    0xc6,0x39,0xc7,0x39,0xc7,0x39,0xc7,0x39,0x07,0x42,0x07,0x42,0xe7,0x39,0xe7,0x39,
    0xe7,0x39,0xc7,0x39,0xc7,0x39,0xe7,0x39,0xe7,0x39,0x08,0x42,0x08,0x42,0xe7,0x39,
    0xc7,0x39,0xc7,0x39,0xe7,0x39,0xe7,0x39,0xc7,0x39,0xa6,0x31,0xa6,0x31,0xc7,0x39,
    0xc7,0x39,0xa6,0x31,0xa6,0x31,0xc7,0x39,0xc7,0x39,0xe7,0x39,0xe7,0x39,0xc7,0x39,
    0xc7,0x39,0x49,0x4a,0x08,0x42,0xa6,0x31,0xc7,0x39,0xa6,0x31,0xa6,0x31,0xa6,0x31,
    0xa6,0x31,0xa6,0x31,0xc6,0x39,0x86,0x31,0x86,0x31,0xc7,0x39,0xc7,0x39,0xc7,0x39,
    0xc6,0x39,0xe7,0x39,0x07,0x42,0x07,0x42,0xa6,0x31,0xc6,0x39,0x07,0x42,0x08,0x42,
    0x07,0x42,0x27,0x42,0x07,0x42,0xe7,0x39,0xe7,0x39,0x08,0x42,0x28,0x42,0xe7,0x39,
    0x07,0x42,0x07,0x42,0xc6,0x39,0xc7,0x39,0x28,0x42,0xe7,0x39,0xc6,0x39,0xe7,0x39,
    0x08,0x42,0xe7,0x39,0xe7,0x39,0xe7,0x39,0xe7,0x39,0xe7,0x39,0xc7,0x39,0xe7,0x39,
    0xc7,0x39,0xc7,0x39,0xc7,0x39,0xe7,0x39,0xc7,0x39,0xe7,0x39,0x08,0x42,0x08,0x42,
    0xe7,0x39,0xe7,0x39,0x08,0x42,0x08,0x42,0xe7,0x39,0x49,0x4a,0x49,0x4a,0x08,0x42,
    0xe7,0x39,0xe7,0x39,0xe7,0x39,0xc7,0x39,0xc7,0x39,0xe7,0x39,0xe7,0x39,0xe7,0x39,
    0xe7,0x39,0xe8,0x39,0x08,0x42,0x49,0x4a,0x49,0x4a,0x28,0x42,0x28,0x42,0xe7,0x39,
    0xe7,0x39,0xa6,0x39,0xa6,0x31,0xa6,0x31,0xa6,0x31,0x85,0x31,0x85,0x31,0xa6,0x31,
    0x85,0x31,0xa6,0x31,0xa6,0x31,0xc6,0x39,0xe7,0x39,0xc6,0x39,0xc6,0x39,0x28,0x42,
    0x48,0x42,0x69,0x4a,0x69,0x4a,0x28,0x42,0x28,0x42,0x27,0x42,0xe7,0x39,0xc6,0x39,
    0xc6,0x39,0xa6,0x31,0x85,0x31,0x85,0x31,0x85,0x31,0x85,0x31,0xa6,0x31,0xa6,0x31,
    0x85,0x31,0x65,0x29,0x24,0x21,0x65,0x29,0x65,0x29,0x65,0x29,0xa6,0x39,0xa6,0x31,
    0xa6,0x31,0xc6,0x39,0x65,0x31,0xa6,0x31,0xc6,0x39,0xc6,0x39,0xc6,0x39,0xe7,0x39,
    0x28,0x4a,0x07,0x42,0xe7,0x39,0xe7,0x41,0xe7,0x39,0x07,0x42,0xe7,0x39,0xc6,0x39,
    0xc6,0x39,0xe7,0x39,0xc6,0x39,0xa6,0x31,0x85,0x31,0xa6,0x31,0xa6,0x31,0x86,0x31,
    0xa6,0x31,0xa6,0x31,0x85,0x31,0x86,0x31,0x85,0x31,0xc6,0x39,0xa6,0x31,0x44,0x29,
    0x65,0x29,0x65,0x29,0x65,0x29,0x85,0x31,0xc6,0x39,0xc6,0x39,0xa6,0x31,0xc6,0x39,
    0xc6,0x39,0xe7,0x39,0xe7,0x39,0xe7,0x39,0xc6,0x39,0x07,0x42,0x07,0x42,0xc6,0x39,
    0xa6,0x39,0x86,0x31,0xa6,0x39,0xc7,0x39,0xa6,0x39,0xa6,0x31,0xc6,0x39,0xa6,0x39,
    0xe7,0x39,0x28,0x42,0x07,0x42,0xc6,0x31,0xa6,0x31,0xa6,0x31,0xc6,0x39,0xc6,0x39,
    0xe7,0x39,0xe7,0x39,0x07,0x42,0x28,0x42,0x28,0x4a,0x07,0x42,0xc7,0x39,0x86,0x31,
    0x07,0x42,0x08,0x42,0xc7,0x39,0xc7,0x39,0xc7,0x39,0x07,0x42,0x28,0x4a,0x07,0x42,
    0xe7,0x39,0xe7,0x39,0x07,0x42,0x07,0x42,0xc6,0x39,0x28,0x42,0x28,0x42,0xc6,0x39,
    0x28,0x42,0xe7,0x39,0x08,0x42,0x28,0x42,0xe7,0x39,0xe7,0x39,0x07,0x42,0x07,0x42,
    0xe7,0x39,0xe7,0x39,0x08,0x42,0x07,0x42,0x07,0x42,0xc7,0x39,0xe7,0x39,0xe7,0x39,
    0xe7,0x39,0xe7,0x39,0xc7,0x39,0x28,0x42,0x28,0x42,0xc7,0x39,0xc7,0x39,0x07,0x42,
    0x07,0x42,0xe7,0x39,0xe7,0x39,0x08,0x42,0xc7,0x39,0x86,0x31,0xa6,0x31,0xc6,0x39,
    0xc7,0x39,0x28,0x42,0x08,0x42,0xc7,0x39,0xc7,0x39,0xc7,0x39,0xc6,0x39,0xc7,0x39,
    0xa6,0x31,0xa6,0x31,0xc7,0x39,0xe7,0x39,0xe7,0x39,0xa6,0x31,0xc7,0x39,0xc7,0x39,
    0xc7,0x39,0xc7,0x39,0x08,0x42,0x08,0x42,0xe7,0x39,0x69,0x4a,0x28,0x42,0xe7,0x39,
    0xe7,0x39,0xa6,0x31,0x86,0x31,0xe7,0x39,0xe7,0x39,0xc6,0x39,0xc6,0x39,0x86,0x31,
    0x65,0x29,0x86,0x31,0xa6,0x31,0xc6,0x39,0xa6,0x31,0xc6,0x39,0x07,0x42,0x07,0x42,
    0xc7,0x39,0xe7,0x39,0xe7,0x39,0xc7,0x39,0xc6,0x39,0x07,0x42,0x28,0x42,0x27,0x42,
    0xc6,0x39,0xe7,0x39,0x48,0x4a,0x08,0x42,0xe7,0x39,0xe7,0x39,0xc7,0x39,0xc6,0x39,
    0xe7,0x39,0xc7,0x39,0xc6,0x39,0x28,0x42,0x48,0x4a,0xc6,0x39,0xe7,0x39,0xc7,0x39,
    0xc7,0x39,0xc6,0x39,0xc7,0x39,0x07,0x42,0xc6,0x39,0x86,0x31,0xa6,0x31,0xc6,0x39,
    0xe7,0x39,0x08,0x42,0x08,0x42,0xe7,0x39,0xe7,0x39,0x08,0x42,0xe7,0x39,0x08,0x42,
    0x69,0x4a,0x49,0x4a,0x28,0x42,0xe7,0x39,0xe7,0x39,0xc7,0x39,0xe7,0x39,0xe7,0x39,
    0xe7,0x39,0xe7,0x39,0xc7,0x39,0xe7,0x39,0xe7,0x39,0xe7,0x39,0xe7,0x39,0x08,0x42,
    0x08,0x42,0x08,0x42,0x08,0x42,0xc7,0x39,0xc6,0x39,0x85,0x31,0x85,0x31,0xa6,0x31,
    0xa6,0x39,0x85,0x31,0x85,0x31,0xa6,0x39,0xa6,0x31,0xa6,0x31,0xa6,0x31,0xa6,0x31,
    0xc6,0x39,0xa6,0x31,0xc6,0x39,0xe7,0x39,0x27,0x42,0x48,0x4a,0x68,0x4a,0x48,0x4a,
    0x48,0x4a,0x07,0x42,0x07,0x42,0xe7,0x39,0xe7,0x39,0xc6,0x39,0xa6,0x31,0xa6,0x31,
    0xa6,0x31,0xc6,0x39,0xc6,0x39,0xc6,0x39,0xc6,0x39,0x85,0x31,0x65,0x29,0x65,0x31,
    0x85,0x31,0x65,0x29,0x85,0x31,0x85,0x31,0xa6,0x31,0xc6,0x39,0x65,0x29,0x65,0x29,
    0x85,0x31,0x85,0x31,0xa6,0x39,0xe7,0x39,0x07,0x42,0x28,0x42,0xc6,0x39,0xc6,0x39,
    0x07,0x42,0x07,0x42,0xe7,0x39,0xe7,0x39,0xc6,0x39,0xa6,0x39,0xc6,0x39,0xa6,0x31,
    0xa6,0x31,0xa6,0x31,0xc6,0x39,0xa6,0x31,0x85,0x31,0xa6,0x31,0xc6,0x39,0xc6,0x39,
    0x85,0x31,0x85,0x31,0xa6,0x31,0x85,0x31,0xa6,0x31,0x85,0x31,0x85,0x31,0xa6,0x31,
    0xc6,0x39,0xc6,0x39,0xe7,0x39,0x07,0x42,0xc6,0x39,0xc6,0x39,0xe7,0x41,0xc6,0x39,
    0x85,0x31,0xe7,0x39,0xe7,0x39,0xc6,0x39,0xe7,0x39,0xc6,0x39,0xa6,0x39,0xa6,0x39,
    0xa6,0x31,0xc6,0x39,0xc7,0x39,0xc7,0x39,0xc6,0x39,0xe7,0x39,0xc7,0x39,0xc6,0x31,
    0xc6,0x31,0xc6,0x39,0xe7,0x39,0xc6,0x31,0xe7,0x41,0x07,0x42,0x28,0x42,0x48,0x4a,
    0x07,0x42,0xa6,0x39,0xa6,0x31,0xc6,0x39,0xe7,0x41,0xe7,0x39,0xe7,0x39,0xe7,0x39,
    0xc7,0x39,0xe7,0x41,0x28,0x42,0x07,0x42,0x07,0x42,0xe7,0x41,0x07,0x42,0x28,0x4a,
    0xe7,0x41,0x07,0x42,0xc6,0x39,0xa6,0x39,0x07,0x42,0xc7,0x39,0xa6,0x31,0xc6,0x39,
    0x28,0x42,0xc7,0x39,0xc6,0x39,0x28,0x42,0x28,0x42,0xe7,0x39,0x08,0x42,0xe7,0x39,
    0xe7,0x39,0xc6,0x39,0xe7,0x39,0xc7,0x39,0xc7,0x39,0xc7,0x39,0xc7,0x39,0x07,0x42,
    0x28,0x42,0xe7,0x39,0xc7,0x39,0xe7,0x39,0xe7,0x39,0xa6,0x31,0xa6,0x31,0xa6,0x31,
    0xa6,0x31,0xa6,0x31,0xa6,0x31,0xa6,0x31,0xa6,0x31,0x28,0x42,0x49,0x4a,0xa6,0x31,
    0xa6,0x31,0xc7,0x39,0xc7,0x39,0xc7,0x39,0xa6,0x31,0xa6,0x31,0xc7,0x39,0xe7,0x39,
    0xc7,0x39,0xa6,0x31,0xc7,0x39,0xc7,0x39,0xc7,0x39,0xa6,0x31,0xc7,0x39,0xa6,0x31,
    0xa6,0x31,0xe7,0x39,0x08,0x42,0xe7,0x39,0xc7,0x39,0xc7,0x39,0xc7,0x39,0x08,0x42,
    0xe7,0x39,0xa6,0x31,0xa6,0x31,0x86,0x31,0x86,0x31,0xa6,0x31,0xc6,0x39,0xe7,0x39,
    0xc6,0x39,0xc7,0x39,0xc7,0x39,0xa6,0x31,0xc7,0x39,0x08,0x42,0xe7,0x39,0xe7,0x39,
    0xc6,0x39,0xe7,0x39,0x28,0x42,0x28,0x42,0x07,0x42,0xc6,0x39,0x07,0x42,0x07,0x42,
    0xa6,0x31,0x86,0x31,0xc6,0x39,0xe7,0x39,0x07,0x42,0xe7,0x39,0xc7,0x39,0xe7,0x39,
    0xe7,0x39,0xe7,0x39,0xe7,0x39,0xc7,0x39,0xe7,0x39,0xe7,0x39,0xc6,0x39,0xc7,0x39,
    0xa6,0x31,0xa6,0x31,0xc6,0x39,0xc7,0x39,0x28,0x42,0x28,0x42,0x28,0x42,0x08,0x42,
    0xe7,0x39,0xe7,0x39,0x08,0x42,0x08,0x42,0x49,0x4a,0x28,0x42,0xe7,0x39,0xc7,0x39,
    0xe7,0x39,0xa6,0x31,0xa6,0x31,0xc7,0x39,0x07,0x42,0x08,0x42,0xe7,0x39,0x08,0x42,
    0x08,0x42,0xc7,0x39,0xe7,0x39,0xe7,0x39,0xe7,0x39,0xe7,0x39,0x28,0x42,0x08,0x42,
    0xa6,0x39,0xa6,0x31,0xa6,0x31,0xa6,0x31,0xa6,0x31,0xa6,0x31,0xa6,0x31,0xa6,0x39,
    0xa6,0x31,0xa6,0x31,0xa6,0x31,0x85,0x31,0x85,0x31,0xa6,0x31,0xe7,0x39,0x07,0x42,
    0x07,0x42,0x48,0x4a,0x89,0x4a,0xa9,0x52,0x89,0x4a,0x48,0x42,0x69,0x4a,0x27,0x42,
    0x07,0x3a,0x07,0x3a,0xc6,0x39,0xa6,0x31,0xc6,0x39,0xc6,0x39,0xc6,0x39,0xa6,0x31,
    0xa6,0x31,0xa6,0x31,0xa6,0x31,0xa6,0x31,0x85,0x31,0x85,0x31,0x85,0x31,0x85,0x31,
    0x85,0x31,0xc6,0x39,0xc6,0x39,0xa6,0x31,0xa6,0x31,0x85,0x31,0x85,0x31,0xc6,0x39,
    0xe7,0x41,0x07,0x42,0xc6,0x39,0xc6,0x39,0xc6,0x39,0xa6,0x39,0xa6,0x39,0xc6,0x39,
    0xc6,0x39,0xa6,0x31,0x85,0x31,0xa6,0x31,0xa6,0x31,0xa6,0x31,0xc6,0x39,0xa6,0x31,
    0x85,0x31,0xc6,0x39,0xc6,0x39,0xc6,0x39,0xa6,0x31,0xa6,0x31,0x85,0x31,0xa6,0x31,
    0xc6,0x39,0xc6,0x39,0xa6,0x39,0xc6,0x39,0xe7,0x39,0xe7,0x39,0x07,0x42,0x07,0x42,
    0xc6,0x39,0xc6,0x39,0x07,0x42,0xe7,0x39,0xc6,0x39,0x07,0x42,0x07,0x42,0x07,0x42,
    0x07,0x42,0xc6,0x39,0xa6,0x39,0xa6,0x39,0xc6,0x39,0xe7,0x39,0x08,0x42,0xe7,0x39,
    0xe7,0x39,0xc7,0x39,0xe7,0x39,0xe6,0x39,0xe6,0x39,0xe7,0x39,0x07,0x3a,0x07,0x42,
    0x48,0x4a,0x69,0x52,0x07,0x42,0x07,0x42,0x07,0x42,0xc6,0x39,0x07,0x42,0x07,0x42,
    0xe7,0x39,0xe7,0x41,0x28,0x42,0x08,0x42,0xe7,0x39,0x07,0x42,0x28,0x42,0xe7,0x41,
    0xc6,0x39,0xe7,0x39,0xe7,0x39,0xe7,0x39,0x07,0x42,0x07,0x42,0x07,0x42,0xe7,0x39,
    0xe7,0x41,0xe7,0x39,0x86,0x31,0xa6,0x31,0x28,0x42,0xc7,0x39,0xa6,0x31,0xe7,0x39,
    0xe7,0x39,0xc7,0x39,0xe7,0x39,0xe7,0x39,0x28,0x42,0x28,0x42,0xa6,0x31,0xc6,0x39,
    0xc7,0x39,0xc7,0x39,0xe7,0x39,0xe7,0x39,0xe7,0x39,0xe7,0x39,0xe7,0x39,0xe7,0x39,
    0x07,0x42,0xe7,0x39,0xa6,0x31,0x86,0x31,0xa6,0x31,0xc7,0x39,0xa6,0x31,0x86,0x31,
    0xa6,0x31,0xe7,0x39,0x08,0x42,0xa6,0x31,0xa6,0x31,0xe7,0x39,0xc7,0x39,0x07,0x42,
    0xc7,0x39,0xc7,0x39,0xc7,0x39,0xe7,0x39,0xe7,0x39,0xa6,0x31,0xa6,0x31,0xc7,0x39,
    0xc7,0x39,0xa6,0x31,0xa6,0x31,0xa6,0x31,0xc7,0x39,0xa6,0x31,0xc7,0x39,0xc7,0x39,
    0x08,0x42,0xe7,0x39,0xc7,0x39,0xe7,0x39,0xa6,0x31,0x86,0x31,0xc6,0x39,0xa6,0x31,
    0xa6,0x31,0xc6,0x39,0x07,0x42,0x08,0x42,0x07,0x42,0x07,0x42,0xe7,0x39,0xc7,0x39,
    0xe7,0x39,0x07,0x42,0xe7,0x39,0x08,0x42,0x07,0x42,0x27,0x42,0x48,0x4a,0x48,0x42,
    0x28,0x42,0x28,0x42,0x07,0x42,0x07,0x42,0xe7,0x39,0xc6,0x39,0xc6,0x39,0xe7,0x39,
    0xe7,0x39,0x28,0x42,0x08,0x42,0xc7,0x39,0xe7,0x39,0x07,0x42,0xe7,0x39,0xc6,0x39,
    0xe7,0x39,0x08,0x42,0xc7,0x39,0xa6,0x31,0x86,0x31,0xc7,0x39,0xc6,0x39,0xe7,0x39,
    0x49,0x4a,0x49,0x4a,0x08,0x42,0xe7,0x39,0xc7,0x39,0xc7,0x39,0x08,0x42,0xe7,0x39,
    0xe7,0x39,0x28,0x42,0x28,0x42,0xe7,0x39,0xc7,0x39,0xa6,0x31,0x86,0x31,0xe7,0x39,
    0x28,0x42,0xe7,0x39,0xe7,0x39,0xe7,0x39,0xe7,0x39,0xc7,0x39,0xe7,0x39,0xe7,0x39,
    0xc7,0x39,0xe7,0x39,0x28,0x42,0x28,0x42,0xa6,0x31,0xa6,0x39,0xa6,0x39,0xa6,0x31,
    0xa6,0x31,0xa6,0x39,0xc6,0x39,0xa6,0x31,0x85,0x31,0xa6,0x31,0xa6,0x31,0x85,0x31,
    0xa6,0x31,0xc6,0x39,0xe7,0x39,0xe7,0x39,0xe6,0x39,0x27,0x42,0x69,0x4a,0x89,0x52,
    0x89,0x52,0x48,0x4a,0x89,0x52,0x69,0x4a,0x28,0x42,0x07,0x42,0xe7,0x39,0xc6,0x39,
    0xc6,0x39,0xc6,0x39,0xa6,0x31,0x85,0x31,0x85,0x31,0xa6,0x31,0xc6,0x39,0xc6,0x39,
    0x85,0x31,0xa6,0x31,0xc6,0x39,0xa6,0x39,0xa6,0x31,0x07,0x42,0xe7,0x39,0xa6,0x31,
    0xc6,0x39,0xc6,0x39,0x85,0x31,0x85,0x31,0xc6,0x39,0x07,0x42,0x07,0x42,0xe7,0x41,
    0xc6,0x39,0xa6,0x39,0xa6,0x31,0xa6,0x39,0xc6,0x39,0xc6,0x39,0xa6,0x31,0xa6,0x31,
    0xa6,0x31,0x85,0x31,0xa6,0x31,0xa6,0x31,0x85,0x31,0xa6,0x39,0xc6,0x39,0xc6,0x39,
    0xc6,0x39,0xc6,0x39,0xa6,0x39,0xc6,0x39,0xc6,0x39,0xc6,0x39,0xa6,0x39,0xc6,0x39,
    0xe7,0x41,0xc6,0x39,0xc6,0x39,0xe7,0x39,0xc6,0x39,0xc6,0x39,0xe7,0x39,0xa6,0x31,
    0xc6,0x39,0x28,0x4a,0x48,0x4a,0x28,0x42,0xc6,0x39,0xc7,0x39,0xc7,0x39,0xe7,0x39,
    0xe7,0x39,0xe7,0x41,0x07,0x42,0xc6,0x39,0xc6,0x39,0xc6,0x39,0xe7,0x39,0xe6,0x39,
    0x07,0x42,0x07,0x42,0x68,0x4a,0x0b,0x5b,0x69,0x4a,0x28,0x42,0xe7,0x39,0x07,0x42,
    0x28,0x42,0xe7,0x39,0x48,0x4a,0x28,0x42,0xc6,0x39,0xc6,0x39,0x28,0x42,0x07,0x42,
    0xe7,0x39,0xe7,0x39,0x07,0x42,0xe7,0x39,0xe7,0x39,0xc6,0x39,0xe7,0x39,0xc6,0x39,
    0xe7,0x41,0x28,0x4a,0x48,0x4a,0xe7,0x41,0xe7,0x39,0x07,0x42,0xc6,0x39,0xa6,0x31,
    0x07,0x42,0xe7,0x39,0x07,0x42,0x28,0x42,0xe7,0x39,0xe7,0x39,0x07,0x42,0x07,0x42,
    0x28,0x42,0x08,0x42,0xc6,0x39,0xe7,0x39,0xe7,0x39,0xe7,0x39,0xe7,0x39,0x07,0x42,
    0xe7,0x39,0xe7,0x39,0x08,0x42,0x07,0x42,0x07,0x42,0xe7,0x39,0xa6,0x31,0x86,0x31,
    0xc7,0x39,0xc7,0x39,0xa6,0x31,0xa6,0x31,0xc7,0x39,0xe7,0x39,0xe7,0x39,0xa6,0x31,
    0xa6,0x31,0xc7,0x39,0xc7,0x39,0x07,0x42,0x08,0x42,0x08,0x42,0xc7,0x39,0xc7,0x39,
    0x08,0x42,0xc7,0x39,0xa6,0x31,0xa6,0x31,0xc7,0x39,0xc7,0x39,0xc7,0x39,0xc7,0x39,
    0xe7,0x39,0xa6,0x31,0x86,0x31,0xe7,0x39,0x49,0x4a,0x08,0x42,0xe7,0x39,0xe7,0x39,
    0xa6,0x31,0x86,0x31,0xc7,0x39,0xc6,0x39,0xa6,0x31,0xc6,0x39,0x07,0x42,0x28,0x42,
    0xe7,0x39,0xe7,0x39,0xc6,0x39,0xe7,0x39,0xe7,0x39,0xc7,0x39,0xc7,0x39,0xe7,0x39,
    0x07,0x42,0x07,0x42,0x27,0x42,0xe6,0x39,0xe7,0x39,0x07,0x42,0x07,0x3a,0xe7,0x39,
    0xe7,0x39,0xc6,0x39,0xa6,0x31,0xc7,0x39,0xe7,0x39,0xe7,0x39,0x07,0x42,0xc6,0x39,
    0xc7,0x39,0x28,0x42,0x08,0x42,0xc7,0x39,0xe7,0x39,0x08,0x42,0xe7,0x39,0xa6,0x31,
    0xc6,0x39,0xc7,0x39,0xe7,0x39,0x07,0x42,0xe7,0x39,0xe7,0x39,0xe7,0x39,0xa6,0x31,
    0xa6,0x31,0x08,0x42,0x28,0x42,0x28,0x42,0xe7,0x39,0xe7,0x39,0x08,0x42,0xc7,0x39,
    0xe7,0x39,0xe7,0x39,0xe7,0x39,0xe7,0x39,0x07,0x42,0xe7,0x39,0x08,0x42,0x49,0x4a,
    0x8a,0x52,0x29,0x42,0x08,0x42,0x08,0x42,0x08,0x42,0x08,0x42,0x08,0x42,0x49,0x4a,
    0xc6,0x39,0xc6,0x39,0xa6,0x31,0x85,0x31,0x85,0x31,0xa6,0x31,0xa6,0x39,0xa6,0x31,
    0x85,0x31,0x85,0x31,0x85,0x31,0x85,0x31,0xa6,0x39,0xc6,0x39,0xc6,0x39,0xe7,0x39,
    0xc6,0x39,0xe7,0x39,0x28,0x42,0x68,0x4a,0x48,0x4a,0xe7,0x39,0x28,0x42,0x48,0x42,
    0x48,0x4a,0xe7,0x41,0xc6,0x39,0xc6,0x39,0xa6,0x31,0xa6,0x31,0x85,0x31,0xa6,0x31,
    0xc6,0x39,0xa6,0x39,0xa6,0x31,0xa6,0x31,0xc6,0x39,0xa6,0x39,0xc6,0x39,0xe7,0x39,
    0xe7,0x39,0x28,0x42,0xc6,0x39,0x85,0x31,0xa6,0x39,0xc6,0x39,0xa6,0x31,0x65,0x29,
    0x65,0x29,0xc6,0x39,0xe7,0x41,0xc6,0x39,0xa6,0x31,0xa6,0x31,0xc6,0x39,0xc6,0x39,
    0xc6,0x39,0xc6,0x39,0xc6,0x39,0xc6,0x39,0xa6,0x39,0x85,0x31,0xa6,0x31,0xa6,0x31,
    0xa6,0x31,0xa6,0x39,0xa6,0x31,0xa6,0x39,0xc6,0x39,0xc6,0x39,0xe7,0x39,0xe7,0x39,
    0xe7,0x39,0x07,0x42,0xe7,0x39,0xe7,0x39,0xe7,0x39,0xa6,0x39,0xc6,0x39,0xc6,0x39,
    0xa6,0x31,0xa6,0x31,0xc6,0x39,0x85,0x31,0x85,0x31,0xc6,0x39,0x07,0x42,0x07,0x42,
    0xc6,0x39,0xc7,0x39,0xc7,0x39,0xe7,0x39,0xe7,0x39,0x08,0x42,0x28,0x42,0x28,0x42,
    0xe7,0x39,0x48,0x4a,0x28,0x4a,0xe7,0x39,0x07,0x42,0x07,0x42,0x89,0x4a,0x0b,0x63,
    0x69,0x4a,0x28,0x4a,0x07,0x42,0x07,0x42,0xe7,0x39,0x07,0x42,0x69,0x4a,0x48,0x4a,
    0xe7,0x41,0xc6,0x39,0x07,0x42,0x07,0x42,0xe7,0x39,0xe7,0x39,0xe7,0x39,0x07,0x42,
    0x07,0x42,0xa6,0x31,0xe7,0x39,0x48,0x4a,0x07,0x42,0x07,0x42,0x07,0x42,0xe7,0x39,
    0xe7,0x39,0x07,0x42,0xe7,0x39,0xc7,0x39,0xe7,0x39,0x08,0x42,0x08,0x42,0x28,0x42,
    0x28,0x42,0xc7,0x39,0xe7,0x39,0x08,0x42,0x07,0x42,0xa6,0x31,0xc7,0x39,0xe7,0x39,
    0xe7,0x39,0xc7,0x39,0xc7,0x39,0xe7,0x39,0x07,0x42,0x07,0x42,0x07,0x42,0x07,0x42,
    0xe7,0x39,0xc7,0x39,0xa6,0x31,0xc7,0x39,0xe7,0x39,0xc7,0x39,0xc7,0x39,0x07,0x42,
    0x08,0x42,0x08,0x42,0xe7,0x39,0x08,0x42,0xe7,0x39,0xc7,0x39,0xe7,0x39,0x08,0x42,
    0x28,0x42,0x28,0x42,0xc7,0x39,0xa6,0x31,0xc7,0x39,0xc7,0x39,0xc7,0x39,0xa6,0x31,
    0xa6,0x31,0xa6,0x31,0xc7,0x39,0x08,0x42,0x08,0x42,0xa6,0x31,0xa6,0x31,0xe7,0x39,
    0xe7,0x39,0xc7,0x39,0x08,0x42,0xc7,0x39,0xc6,0x39,0xc6,0x39,0xe7,0x39,0xc7,0x39,
    0xc7,0x39,0xa6,0x31,0xe7,0x39,0xe7,0x39,0xc7,0x39,0xc7,0x39,0xa6,0x31,0xe7,0x39,
    0xe7,0x39,0xc7,0x39,0xe7,0x39,0xe7,0x39,0xe7,0x39,0xe7,0x39,0x07,0x42,0xe7,0x39,
    0x07,0x3a,0x07,0x3a,0x07,0x42,0x28,0x42,0x07,0x42,0xc6,0x39,0xa6,0x31,0xe7,0x39,
    0x08,0x42,0xe7,0x39,0x07,0x42,0xe7,0x39,0xa6,0x31,0xa6,0x31,0xe7,0x39,0xe7,0x39,
    0xc7,0x39,0xc7,0x39,0x07,0x42,0xe7,0x39,0xe7,0x39,0xe7,0x39,0x28,0x42,0x08,0x42,
    0xa6,0x31,0xa6,0x31,0xc7,0x39,0xe7,0x39,0x08,0x42,0x08,0x42,0x08,0x42,0x49,0x4a,
    0x28,0x42,0x08,0x42,0xe7,0x39,0xe7,0x39,0x08,0x42,0x08,0x42,0xe7,0x39,0xc7,0x39,
    0x08,0x42,0x28,0x42,0x08,0x42,0x89,0x52,0xcb,0x5a,0x08,0x42,0xe7,0x39,0x28,0x42,
    0x28,0x42,0x49,0x4a,0x28,0x42,0x28,0x42,0xc6,0x39,0xa6,0x39,0xc6,0x39,0xa6,0x39,
    0x85,0x31,0xa6,0x31,0xa6,0x31,0xa6,0x31,0x85,0x31,0x65,0x29,0x65,0x31,0x85,0x31,
    0xa6,0x31,0xe7,0x39,0xe7,0x39,0x07,0x42,0xe7,0x39,0xc6,0x31,0xc6,0x39,0x07,0x3a,
    0xe6,0x39,0xa6,0x31,0xc6,0x39,0xc6,0x39,0xe7,0x39,0xc6,0x39,0xa6,0x31,0xa6,0x31,
    0xa6,0x31,0x85,0x31,0x85,0x31,0xa6,0x31,0xa6,0x39,0xa6,0x31,0x85,0x31,0xa6,0x31,
    0xe7,0x39,0xe7,0x41,0xc6,0x39,0xc6,0x39,0xc6,0x39,0xe7,0x39,0xc6,0x39,0xa6,0x31,
    0xa6,0x31,0xa6,0x31,0x85,0x31,0x85,0x31,0x85,0x31,0xa6,0x31,0xc6,0x39,0xa6,0x31,
    0x85,0x31,0x85,0x31,0xa6,0x39,0xa6,0x39,0xa6,0x31,0xa6,0x31,0xc6,0x39,0xc6,0x39,
    0xa6,0x31,0x85,0x31,0xa6,0x31,0xa6,0x39,0xc6,0x39,0xc6,0x39,0xa6,0x31,0xa6,0x31,
    0xc6,0x39,0xc6,0x39,0xc6,0x39,0xc6,0x39,0xc6,0x39,0x07,0x42,0x48,0x4a,0x28,0x4a,
    0xc6,0x39,0x85,0x31,0xc6,0x39,0xe7,0x39,0xa6,0x39,0xc6,0x39,0xe7,0x39,0xe7,0x39,
    0xe7,0x39,0xe7,0x39,0x07,0x42,0x07,0x42,0xe7,0x41,0x07,0x42,0xe7,0x39,0xc6,0x39,
    0xc7,0x39,0x07,0x42,0x48,0x4a,0x49,0x4a,0x28,0x42,0x49,0x4a,0x28,0x42,0xc6,0x39,
    0xe7,0x39,0x28,0x42,0xa9,0x52,0x68,0x4a,0x28,0x42,0x48,0x4a,0x07,0x42,0xe7,0x39,
    0x28,0x42,0x27,0x42,0x28,0x42,0x27,0x42,0x27,0x42,0xc6,0x39,0xc6,0x39,0xc6,0x39,
    0xe7,0x39,0x07,0x42,0xc6,0x39,0xe7,0x41,0x07,0x42,0xc6,0x39,0xe7,0x39,0x69,0x4a,
    0x48,0x4a,0xe7,0x39,0xe7,0x39,0x07,0x42,0x28,0x42,0x08,0x42,0x28,0x42,0x08,0x42,
    0xc6,0x39,0xa6,0x31,0xc6,0x39,0x08,0x42,0x28,0x42,0x28,0x42,0xe7,0x39,0xc6,0x39,
    0xc6,0x39,0xc6,0x39,0xc7,0x39,0xc6,0x39,0xc7,0x39,0xc7,0x39,0xa6,0x31,0xc7,0x39,
    0x07,0x42,0x07,0x42,0xe7,0x39,0xc7,0x39,0xe7,0x39,0xe7,0x39,0xc7,0x39,0xe7,0x39,
    0xc7,0x39,0xa6,0x31,0xe7,0x39,0x07,0x42,0xe7,0x39,0xe7,0x39,0xa6,0x31,0xe7,0x39,
    0xe7,0x39,0xe7,0x39,0xe7,0x39,0xe7,0x39,0x08,0x42,0x08,0x42,0xe7,0x39,0xe7,0x39,
    0xc7,0x39,0xa6,0x31,0xc7,0x39,0xa6,0x31,0xa6,0x31,0xa6,0x31,0x8a,0x52,0xaa,0x52,
    0x08,0x42,0xe7,0x39,0xe7,0x39,0xe7,0x39,0xc7,0x39,0xa6,0x31,0xc7,0x39,0xc7,0x39,
    0xc7,0x39,0xc7,0x39,0xc7,0x39,0xa6,0x31,0xe7,0x39,0xc7,0x39,0xc6,0x39,0xe7,0x39,
    0x07,0x42,0xe7,0x39,0xc7,0x39,0xe7,0x39,0xc7,0x39,0xc7,0x39,0xc7,0x39,0xc7,0x39,
    0xc6,0x39,0xe7,0x39,0x28,0x42,0x07,0x42,0x07,0x3a,0x07,0x42,0x28,0x42,0x48,0x4a,
    0x28,0x42,0xe7,0x39,0xc7,0x39,0xe7,0x39,0xe7,0x39,0xe7,0x39,0xe7,0x39,0xc7,0x39,
    0xa6,0x31,0xa6,0x31,0xa6,0x31,0xc7,0x39,0xc6,0x39,0xa6,0x31,0xe7,0x39,0xe7,0x39,
    0xa6,0x31,0xe7,0x39,0xe7,0x39,0xc7,0x39,0xe7,0x39,0x08,0x42,0x08,0x42,0x28,0x42,
    0x69,0x4a,0x28,0x42,0xe7,0x39,0xe7,0x39,0x28,0x42,0x8a,0x52,0x08,0x42,0x08,0x42,
    0x28,0x42,0xe7,0x39,0xc7,0x39,0xc6,0x39,0x28,0x42,0x69,0x4a,0x8a,0x52,0x8a,0x52,
    0x69,0x4a,0x08,0x42,0x28,0x42,0x08,0x42,0x08,0x42,0x49,0x4a,0x08,0x42,0x08,0x42,
    0xa6,0x31,0xa6,0x31,0xa6,0x39,0xc6,0x39,0xc6,0x39,0xa6,0x31,0xa6,0x31,0xa6,0x31,
    0xa6,0x31,0x85,0x31,0x85,0x31,0x85,0x31,0xc6,0x39,0x07,0x42,0x07,0x42,0x07,0x3a,
    0xe7,0x39,0xc6,0x39,0xc6,0x31,0xe7,0x39,0xa6,0x39,0xe7,0x39,0xc6,0x39,0x65,0x31,
    0xa6,0x31,0x85,0x31,0x85,0x31,0x85,0x31,0xa6,0x31,0xa6,0x31,0x85,0x31,0x65,0x31,
    0x85,0x31,0x85,0x31,0x85,0x31,0x85,0x31,0xa6,0x39,0xe7,0x39,0xc6,0x39,0x65,0x29,
    0x65,0x29,0xc6,0x39,0x07,0x42,0xc6,0x39,0xa6,0x31,0xa6,0x31,0x85,0x31,0xc6,0x39,
    0xa6,0x31,0xa6,0x31,0xc6,0x39,0xa6,0x31,0xa6,0x31,0xa6,0x31,0x85,0x31,0xa6,0x31,
    0xa6,0x31,0xa6,0x31,0xa6,0x31,0xc6,0x39,0xe7,0x39,0x85,0x31,0xa6,0x31,0xc6,0x39,
    0xe7,0x39,0xe7,0x39,0xa6,0x39,0xc6,0x39,0xc6,0x39,0xc6,0x39,0xe6,0x39,0xc6,0x39,
    0xc6,0x39,0xe7,0x39,0x48,0x4a,0x28,0x42,0xe7,0x39,0x85,0x31,0x65,0x31,0xc7,0x39,
    0xc6,0x39,0xa6,0x39,0xc6,0x39,0xc6,0x39,0xe7,0x39,0xe7,0x39,0x07,0x42,0x28,0x42,
    0x07,0x42,0x28,0x42,0x07,0x42,0xe7,0x39,0xa6,0x39,0xc7,0x39,0xe7,0x39,0xe7,0x41,
    0x07,0x42,0x07,0x42,0x08,0x42,0x28,0x42,0x28,0x42,0x89,0x52,0x69,0x4a,0x27,0x42,
    0x48,0x4a,0x48,0x4a,0x07,0x42,0xe7,0x39,0x07,0x42,0x48,0x4a,0x48,0x4a,0x48,0x4a,
    0x48,0x4a,0xc6,0x39,0xe7,0x39,0x07,0x42,0xe7,0x41,0x07,0x42,0xe7,0x39,0xe6,0x39,
    0xe7,0x39,0xe7,0x41,0xe7,0x39,0xe7,0x39,0x07,0x42,0xe7,0x39,0xe7,0x39,0xe7,0x39,
    0x28,0x42,0x28,0x42,0xe7,0x39,0xe7,0x39,0xc6,0x39,0xa6,0x31,0xe7,0x39,0x28,0x42,
    0xe7,0x39,0xe7,0x39,0xe7,0x39,0xa6,0x31,0xa6,0x31,0xc7,0x39,0xc7,0x39,0xe7,0x39,
    0xe7,0x39,0xe7,0x39,0xe7,0x39,0x28,0x42,0x08,0x42,0xc7,0x39,0xc7,0x39,0xc7,0x39,
    0xa6,0x31,0xe7,0x39,0xe8,0x39,0x08,0x42,0x28,0x42,0x49,0x4a,0x28,0x42,0xe7,0x39,
    0xe7,0x39,0xe7,0x39,0xc7,0x39,0x08,0x42,0x49,0x4a,0xe7,0x39,0xc6,0x39,0xa6,0x31,
    0xc7,0x39,0x28,0x42,0x28,0x42,0xe7,0x39,0xe7,0x39,0xc7,0x39,0xa6,0x31,0xa6,0x31,
    0xc7,0x39,0xc7,0x39,0xe7,0x39,0xe7,0x39,0xa6,0x31,0xc7,0x39,0xc7,0x39,0xc7,0x39,
    0xc7,0x39,0xa6,0x31,0xa6,0x31,0xc7,0x39,0xc7,0x39,0xe7,0x39,0xc6,0x39,0xa6,0x31,
    0xc6,0x39,0xc6,0x39,0xc6,0x39,0xe7,0x39,0xe7,0x39,0xc6,0x39,0xc6,0x39,0xe7,0x39,
    0xc6,0x39,0xc7,0x39,0xc7,0x39,0xc6,0x39,0xe7,0x39,0xe7,0x39,0xe7,0x39,0xe7,0x39,
    0xe7,0x39,0xe7,0x39,0xe7,0x39,0x07,0x42,0x48,0x4a,0x28,0x42,0x28,0x42,0xe7,0x39,
    0xc6,0x39,0xe7,0x39,0xe7,0x39,0xe7,0x39,0xc7,0x39,0xa6,0x31,0xc6,0x39,0xe7,0x39,
    0xa6,0x31,0xa6,0x31,0xc6,0x39,0xe7,0x39,0xc6,0x39,0xe7,0x39,0xe7,0x39,0xa6,0x31,
    0xe7,0x39,0x48,0x4a,0x49,0x4a,0x28,0x42,0x49,0x4a,0x08,0x42,0xa7,0x39,0xc7,0x39,
    0xe7,0x39,0x28,0x4a,0xe8,0x41,0xc7,0x39,0x08,0x42,0x49,0x4a,0xe7,0x39,0xe7,0x39,
    0x69,0x4a,0x89,0x4a,0x0c,0x63,0x8a,0x52,0xe7,0x39,0xc7,0x39,0x08,0x3a,0x28,0x42,
    0x08,0x42,0xe7,0x39,0xe7,0x39,0x08,0x42,0xa6,0x31,0xa6,0x39,0xa6,0x31,0xa6,0x31,
    0xc6,0x39,0xa6,0x31,0x85,0x31,0xa6,0x31,0x85,0x31,0x65,0x31,0x85,0x31,0xa6,0x31,
    0xa6,0x31,0xe7,0x39,0x07,0x42,0x07,0x3a,0xc6,0x39,0xe7,0x39,0xe6,0x39,0xe7,0x39,
    0xa6,0x31,0xe7,0x39,0xe7,0x41,0xa6,0x31,0x85,0x31,0xa6,0x31,0x85,0x31,0x85,0x31,
    0xa6,0x31,0xc6,0x39,0xa5,0x31,0xa5,0x31,0xa6,0x31,0x85,0x31,0x85,0x31,0xa6,0x31,
    0xa6,0x31,0xe7,0x39,0xa6,0x39,0x65,0x29,0x85,0x31,0xa6,0x39,0xe7,0x41,0xe7,0x39,
    0xc6,0x39,0xc6,0x39,0xa6,0x31,0xc6,0x39,0xc6,0x39,0xa6,0x39,0x85,0x31,0xa6,0x31,
    0xa6,0x39,0xc6,0x39,0xa6,0x31,0xc6,0x39,0xe7,0x39,0xa6,0x31,0x85,0x31,0xc6,0x39,
    0xe7,0x39,0xc6,0x39,0xe7,0x39,0x07,0x42,0x07,0x42,0x07,0x42,0xe7,0x39,0xc6,0x39,
    0xa6,0x39,0xc6,0x39,0xe7,0x39,0xe7,0x39,0xe7,0x41,0xe7,0x39,0xc6,0x39,0xc6,0x39,
    0xe7,0x39,0xa6,0x31,0x65,0x31,0xc6,0x39,0xc6,0x39,0x85,0x31,0xc6,0x39,0xc6,0x39,
    0xc6,0x39,0xc6,0x39,0xc6,0x39,0x07,0x42,0x28,0x42,0x48,0x4a,0x48,0x4a,0x28,0x4a,
    0xe7,0x39,0xe6,0x39,0x07,0x42,0x07,0x42,0xe7,0x41,0x07,0x42,0x08,0x42,0x28,0x42,
    0x89,0x4a,0x89,0x4a,0x07,0x42,0x28,0x42,0x07,0x42,0xe7,0x39,0xe7,0x39,0xe6,0x39,
    0x07,0x42,0x48,0x4a,0x69,0x4a,0x48,0x4a,0x28,0x42,0xe7,0x39,0xe7,0x39,0x07,0x42,
    0x48,0x4a,0x28,0x42,0x07,0x42,0x07,0x42,0xe7,0x39,0x07,0x42,0x07,0x42,0x07,0x42,
    0x07,0x42,0xc6,0x39,0x07,0x42,0x07,0x42,0xe7,0x39,0xe7,0x39,0xc6,0x39,0x07,0x42,
    0xe7,0x39,0xa6,0x31,0xa6,0x31,0xa6,0x31,0xa6,0x31,0xe7,0x39,0x28,0x42,0x08,0x42,
    0xe7,0x39,0xa6,0x31,0xa6,0x31,0xc7,0x39,0xc7,0x39,0xc7,0x39,0x08,0x42,0x28,0x42,
    0x08,0x42,0xc7,0x39,0xc7,0x39,0x08,0x42,0xe7,0x39,0x28,0x42,0x49,0x4a,0xe7,0x39,
    0xe7,0x39,0xe7,0x39,0xc7,0x39,0xe7,0x39,0x08,0x42,0xc7,0x39,0xc7,0x39,0x49,0x4a,
    0xcb,0x5a,0x28,0x42,0xe7,0x39,0xa6,0x31,0xe7,0x39,0x08,0x42,0xe7,0x39,0xe7,0x39,
    0x08,0x42,0xe7,0x39,0xc7,0x39,0xc7,0x39,0xe7,0x39,0xc7,0x39,0xa6,0x31,0xa6,0x31,
    0xa6,0x31,0xa6,0x31,0xa6,0x31,0xa6,0x31,0xa6,0x31,0xc7,0x39,0xc7,0x39,0xc7,0x39,
    0xc6,0x39,0xe7,0x39,0xc6,0x39,0xa6,0x31,0xa6,0x31,0xa6,0x31,0xa6,0x31,0xc7,0x39,
    0xe7,0x39,0xe7,0x39,0xe7,0x39,0xe7,0x39,0xc6,0x39,0xe7,0x39,0xe7,0x39,0xe7,0x39,
    0x07,0x42,0x07,0x42,0xe7,0x39,0xe7,0x39,0x07,0x42,0x07,0x42,0x08,0x42,0x07,0x42,
    0x28,0x42,0x49,0x4a,0x48,0x4a,0x07,0x42,0x07,0x42,0x07,0x42,0xc7,0x39,0xc6,0x39,
    0xc7,0x39,0xc6,0x39,0xa6,0x31,0xe7,0x39,0x07,0x42,0xc7,0x39,0xa6,0x31,0xc6,0x39,
    0xe7,0x39,0xe7,0x39,0x07,0x42,0xc7,0x39,0xe7,0x39,0x28,0x42,0x28,0x42,0x07,0x42,
    0x07,0x42,0xa7,0x31,0xe7,0x39,0x28,0x42,0x08,0x42,0xe7,0x41,0xe7,0x39,0xc7,0x39,
    0x08,0x42,0x29,0x4a,0x08,0x42,0x28,0x42,0x8a,0x52,0x49,0x4a,0xcb,0x5a,0xaa,0x52,
    0x08,0x42,0x08,0x42,0x08,0x42,0x28,0x42,0xe7,0x39,0xc7,0x39,0x08,0x42,0x08,0x42,
    0x85,0x31,0xa6,0x31,0xa6,0x31,0x85,0x31,0xa6,0x31,0xa6,0x39,0xa6,0x31,0xa6,0x31,
    0x85,0x31,0x85,0x31,0xa6,0x31,0xe7,0x39,0xa6,0x39,0xc6,0x39,0xe7,0x39,0xc6,0x39,
    0xc6,0x39,0xe7,0x39,0xc6,0x39,0xc6,0x39,0xa6,0x31,0x85,0x31,0xa6,0x39,0xe7,0x39,
    0xc6,0x39,0xa6,0x39,0xc6,0x39,0xc6,0x39,0x85,0x31,0xa6,0x31,0xc6,0x39,0xc6,0x39,
    0xa6,0x39,0xa6,0x31,0xa6,0x31,0x85,0x31,0x85,0x31,0xa6,0x31,0x85,0x31,0x44,0x29,
    0x85,0x31,0xc6,0x39,0xe7,0x39,0xc6,0x39,0xe7,0x39,0xe7,0x39,0xc6,0x39,0xc6,0x39,
    0xe7,0x39,0xe7,0x39,0xa6,0x31,0xa6,0x31,0xc6,0x39,0xe7,0x39,0xc6,0x39,0xe7,0x39,
    0xe7,0x39,0xa6,0x31,0xa6,0x31,0xa6,0x39,0xc6,0x39,0xe7,0x39,0x07,0x42,0x28,0x42,
    0x07,0x42,0x07,0x42,0xe7,0x41,0xc6,0x39,0xa6,0x31,0xc6,0x31,0xc6,0x39,0xc6,0x39,
    0xc6,0x39,0xa6,0x31,0xa6,0x31,0xc6,0x39,0xc6,0x39,0xa6,0x31,0xa6,0x39,0xc7,0x39,
    0xe6,0x39,0x85,0x31,0xc6,0x39,0xc6,0x39,0xa6,0x31,0xc6,0x39,0xc6,0x39,0xe7,0x39,
    0x48,0x4a,0x69,0x52,0x48,0x4a,0x28,0x42,0x28,0x42,0x07,0x42,0x28,0x42,0x28,0x4a,
    0x07,0x42,0x07,0x42,0x07,0x42,0x48,0x4a,0xeb,0x5a,0x69,0x4a,0x48,0x4a,0x69,0x4a,
    0x28,0x42,0x07,0x3a,0x07,0x42,0x07,0x42,0x28,0x42,0x07,0x42,0x28,0x42,0x28,0x42,
    0xc6,0x39,0xc6,0x39,0xc6,0x39,0xe7,0x39,0x48,0x4a,0x07,0x42,0xc6,0x39,0xe7,0x39,
    0x07,0x42,0x07,0x42,0xe7,0x39,0x28,0x42,0x07,0x42,0xc6,0x39,0x28,0x42,0x28,0x42,
    0xc7,0x39,0xe7,0x39,0x28,0x42,0x08,0x42,0xe7,0x39,0xe7,0x39,0xe7,0x39,0xc6,0x39,
    0xa6,0x31,0xa6,0x31,0xe7,0x39,0x49,0x4a,0x28,0x42,0xc7,0x39,0xc7,0x39,0xe7,0x39,
    0xe7,0x39,0xc7,0x39,0xc7,0x39,0xe7,0x39,0xe7,0x39,0xe7,0x39,0x08,0x42,0x49,0x4a,
    0x28,0x42,0xe7,0x39,0xc7,0x39,0xc7,0x39,0xe7,0x39,0x08,0x42,0xe7,0x39,0x28,0x42,
    0x28,0x42,0xc7,0x39,0xa6,0x31,0x08,0x42,0x28,0x42,0xe7,0x39,0xe7,0x39,0xe7,0x39,
    0x08,0x42,0x08,0x42,0xe7,0x39,0x08,0x42,0x08,0x42,0x08,0x42,0x08,0x42,0xe7,0x39,
    0xc7,0x39,0xc7,0x39,0xc7,0x39,0xc7,0x39,0xc7,0x39,0xc7,0x39,0xc7,0x39,0xa6,0x31,
    0xa6,0x31,0xc7,0x39,0xe7,0x39,0xe7,0x39,0xa6,0x31,0xc6,0x39,0xa6,0x31,0x86,0x31,
    0xc6,0x39,0xa6,0x31,0xa6,0x31,0xc6,0x39,0xe7,0x39,0x08,0x42,0xe7,0x39,0xe7,0x39,
    0x07,0x42,0x08,0x42,0x07,0x42,0x07,0x42,0x07,0x42,0x07,0x42,0xe7,0x39,0xe7,0x39,
    0xe7,0x39,0x07,0x42,0x28,0x42,0x48,0x4a,0x48,0x4a,0x48,0x4a,0x48,0x4a,0x27,0x42,
    0x07,0x42,0x28,0x42,0x07,0x42,0xc7,0x39,0xa6,0x31,0xc7,0x39,0x86,0x31,0xc6,0x39,
    0x28,0x42,0xe7,0x39,0xa6,0x31,0xc7,0x39,0xc6,0x31,0xc6,0x39,0xe7,0x39,0x07,0x42,
    0x07,0x42,0x08,0x42,0xe7,0x39,0xe7,0x39,0x08,0x42,0xc7,0x39,0xc7,0x39,0x28,0x42,
    0xe7,0x39,0xa6,0x31,0xc7,0x39,0x08,0x42,0x28,0x42,0xe7,0x39,0xe7,0x39,0x08,0x42,
    0xaa,0x52,0xaa,0x52,0xaa,0x52,0x8a,0x52,0x07,0x3a,0xc7,0x39,0xe7,0x39,0x28,0x42,
    0x69,0x4a,0x08,0x42,0xe7,0x39,0xe7,0x39,0xa6,0x31,0xc6,0x39,0xc6,0x39,0xa6,0x31,
    0xa6,0x31,0xc6,0x39,0xa6,0x39,0xa6,0x31,0xa6,0x31,0xa6,0x31,0xc6,0x39,0x07,0x42,
    0x28,0x42,0x48,0x4a,0x48,0x4a,0x07,0x42,0x07,0x3a,0xc6,0x39,0xc6,0x31,0xc6,0x39,
    0xc6,0x39,0xc6,0x39,0xc6,0x39,0xe7,0x39,0xe7,0x41,0xe7,0x39,0xc6,0x39,0xc6,0x39,
    0xa6,0x31,0xc6,0x39,0xc6,0x39,0xc6,0x39,0x85,0x31,0x85,0x31,0xc6,0x39,0xa6,0x31,
    0x85,0x31,0xa6,0x31,0xa6,0x39,0x85,0x31,0xc6,0x39,0x07,0x42,0x07,0x42,0xc6,0x39,
    0xa6,0x31,0xc6,0x39,0xe7,0x39,0xe7,0x39,0x07,0x42,0x07,0x42,0xc6,0x39,0xa6,0x39,
    0xa6,0x39,0xe7,0x39,0xa6,0x39,0xc6,0x39,0xe7,0x39,0xa6,0x39,0xa6,0x31,0xa6,0x31,
    0xa6,0x31,0xa6,0x31,0xc6,0x39,0xc6,0x39,0xc6,0x39,0xc6,0x39,0xc6,0x39,0xe7,0x39,
    0xc6,0x39,0xc6,0x39,0xc6,0x39,0xa6,0x31,0xa6,0x31,0xc6,0x39,0xc6,0x39,0xc6,0x39,
    0xa6,0x31,0xa6,0x31,0xc6,0x39,0xa6,0x31,0x85,0x31,0x44,0x29,0xa6,0x31,0xa6,0x31,
    0x85,0x31,0xa6,0x39,0xc6,0x39,0xc6,0x39,0x07,0x42,0x07,0x42,0x48,0x4a,0x07,0x42,
    0xe7,0x39,0x07,0x42,0xe7,0x39,0x07,0x42,0x28,0x42,0x48,0x4a,0x28,0x4a,0xca,0x5a,
    0xca,0x5a,0x28,0x42,0x48,0x4a,0x89,0x52,0x69,0x4a,0x48,0x4a,0x48,0x4a,0x07,0x42,
    0x07,0x3a,0xe7,0x41,0x07,0x42,0x07,0x42,0xe7,0x39,0x07,0x42,0x07,0x42,0x28,0x42,
    0x28,0x4a,0x07,0x42,0xe7,0x39,0xe7,0x39,0x07,0x42,0xc6,0x39,0xc6,0x39,0x07,0x42,
    0xe7,0x39,0x28,0x42,0x08,0x42,0x07,0x42,0x08,0x42,0x08,0x42,0x08,0x42,0xe7,0x39,
    0xe7,0x39,0xe7,0x39,0xe7,0x39,0xe7,0x39,0xc6,0x39,0x86,0x31,0x65,0x29,0xe7,0x39,
    0x08,0x42,0xe7,0x39,0x08,0x42,0x08,0x42,0x08,0x42,0x08,0x42,0xc7,0x39,0xe7,0x39,
    0xe7,0x39,0xe7,0x39,0xe7,0x39,0x08,0x42,0x08,0x42,0xc7,0x39,0xe7,0x39,0x28,0x42,
    0x28,0x42,0x08,0x42,0x08,0x42,0x49,0x4a,0x28,0x42,0xc7,0x39,0xc7,0x39,0xe7,0x39,
    0xc7,0x39,0xa6,0x31,0xa6,0x31,0xc7,0x39,0x08,0x42,0x08,0x42,0xe7,0x39,0xe7,0x39,
    0x08,0x42,0x28,0x42,0x08,0x42,0x08,0x42,0xe7,0x39,0xe7,0x39,0xc7,0x39,0xc7,0x39,
    0xc7,0x39,0x08,0x42,0xc7,0x39,0xc7,0x39,0xc7,0x39,0xa6,0x31,0xc7,0x39,0xe7,0x39,
    0xe7,0x39,0xc7,0x39,0x86,0x31,0x86,0x31,0xa6,0x31,0xa6,0x31,0xa6,0x31,0xc7,0x39,
    0xc7,0x39,0xe7,0x39,0xc7,0x39,0xa6,0x31,0xc7,0x39,0x07,0x42,0x28,0x42,0x28,0x42,
    0x07,0x42,0xe7,0x39,0xe7,0x39,0x07,0x42,0x08,0x42,0x08,0x42,0x08,0x42,0x28,0x42,
    0x49,0x4a,0x89,0x52,0x89,0x4a,0x28,0x42,0x07,0x3a,0xe7,0x39,0x07,0x42,0xe7,0x39,
    0xa6,0x31,0xc6,0x39,0xc6,0x39,0xa6,0x31,0xc7,0x39,0xc6,0x39,0xc6,0x39,0xe7,0x39,
    0xc6,0x39,0xa6,0x31,0xa6,0x31,0xc7,0x39,0xc7,0x39,0xc7,0x39,0xa6,0x31,0xc7,0x39,
    0x07,0x42,0xe7,0x39,0xc7,0x39,0xe7,0x39,0x86,0x31,0xa6,0x31,0xc7,0x39,0x08,0x42,
    0x49,0x4a,0xe7,0x39,0xe7,0x39,0x08,0x3a,0xcb,0x52,0xeb,0x5a,0x69,0x4a,0x08,0x42,
    0xe7,0x39,0xc7,0x39,0xc7,0x39,0x28,0x42,0x69,0x4a,0x08,0x42,0xe7,0x39,0xe7,0x39,
    0xc6,0x39,0xc6,0x39,0xc6,0x39,0xc6,0x39,0xc6,0x39,0xc6,0x39,0xa6,0x39,0xa6,0x31,
    0xa6,0x31,0xa6,0x31,0xa6,0x31,0xe7,0x39,0x07,0x42,0x69,0x52,0xaa,0x52,0xaa,0x52,
    0xaa,0x52,0x27,0x42,0xc6,0x31,0xa6,0x31,0x85,0x31,0xc6,0x39,0x28,0x42,0xe7,0x39,
    0xc6,0x39,0x07,0x42,0x07,0x42,0x07,0x42,0xe7,0x39,0xa6,0x31,0xc6,0x39,0x07,0x42,
    0xc6,0x39,0x85,0x31,0xc6,0x39,0xc6,0x39,0x85,0x31,0xc6,0x39,0xe7,0x39,0xc6,0x39,
    0xc6,0x39,0xe7,0x39,0xc6,0x39,0xc6,0x39,0xa6,0x31,0xc6,0x39,0xc6,0x39,0xe7,0x39,
    0x07,0x42,0xe7,0x41,0xe7,0x39,0xc6,0x39,0x85,0x31,0xc6,0x39,0xe7,0x39,0xe7,0x39,
    0xc6,0x39,0xc6,0x39,0xc6,0x39,0xe7,0x39,0xe7,0x39,0xa6,0x31,0xa6,0x31,0xa6,0x39,
    0xa6,0x31,0x07,0x42,0xe7,0x41,0xe7,0x39,0xe7,0x39,0xc6,0x39,0xc6,0x39,0xa6,0x31,
    0xa6,0x31,0xc6,0x39,0xa6,0x39,0xc6,0x39,0xa6,0x31,0x85,0x31,0xa6,0x39,0x85,0x31,
    0x44,0x29,0x44,0x29,0xa6,0x39,0xa6,0x31,0xa6,0x31,0xa6,0x39,0xc6,0x39,0xc6,0x39,
    0xe7,0x39,0x07,0x42,0x48,0x4a,0x07,0x42,0x07,0x42,0xe7,0x39,0xa6,0x31,0xc6,0x39,
    0x07,0x42,0x49,0x4a,0x69,0x4a,0xca,0x5a,0xaa,0x52,0x48,0x42,0x28,0x42,0x69,0x4a,
    0x48,0x4a,0x28,0x42,0x27,0x42,0xe7,0x39,0x07,0x42,0x07,0x42,0x07,0x42,0xe7,0x39,
    0x07,0x42,0x48,0x4a,0x28,0x42,0x07,0x42,0xe7,0x39,0x07,0x42,0x28,0x42,0x48,0x4a,
    0x07,0x42,0xe7,0x41,0xe7,0x39,0xc6,0x39,0xa6,0x31,0xe7,0x41,0xe7,0x41,0x07,0x42,
    0x28,0x42,0x08,0x42,0xe7,0x39,0xe7,0x39,0x07,0x42,0x07,0x42,0xc7,0x39,0xa6,0x31,
    0xc6,0x39,0xc6,0x39,0x86,0x31,0xc7,0x39,0xe7,0x39,0xc7,0x39,0xe7,0x39,0xe7,0x39,
    0xe7,0x39,0x08,0x42,0xe7,0x39,0xc7,0x39,0xc7,0x39,0xc7,0x39,0xc7,0x39,0xc7,0x39,
    0xc7,0x39,0xc7,0x39,0xe7,0x39,0x28,0x42,0xe7,0x39,0xc7,0x39,0xe7,0x39,0xe7,0x39,
    0xc7,0x39,0xc7,0x39,0xe7,0x39,0xc7,0x39,0x86,0x31,0xa6,0x31,0xa6,0x31,0xa6,0x31,
    0xc7,0x39,0xc7,0x39,0xe7,0x39,0x08,0x42,0x28,0x42,0x49,0x4a,0x28,0x42,0x28,0x42,
    0x49,0x4a,0xe7,0x39,0xc7,0x39,0xe7,0x39,0x08,0x42,0x49,0x4a,0x08,0x42,0xc7,0x39,
    0xa6,0x31,0xa6,0x31,0x28,0x42,0x49,0x4a,0x28,0x42,0x28,0x42,0xe7,0x39,0xc6,0x39,
    0xa6,0x31,0xa6,0x31,0xa6,0x31,0xa6,0x31,0xa6,0x31,0xc6,0x39,0xc7,0x39,0xa6,0x31,
    0xa6,0x31,0xe7,0x39,0x69,0x4a,0x48,0x4a,0x07,0x42,0xe7,0x39,0x28,0x42,0x48,0x4a,
    0x28,0x42,0x49,0x4a,0x08,0x42,0x08,0x42,0x49,0x4a,0x48,0x4a,0x48,0x4a,0x48,0x4a,
    0x48,0x4a,0x07,0x42,0x07,0x42,0x28,0x42,0x28,0x42,0x07,0x42,0xe7,0x39,0xc6,0x39,
    0xe7,0x39,0x08,0x42,0xe7,0x39,0xa6,0x31,0xc6,0x39,0xc6,0x39,0x86,0x31,0xa6,0x31,
    0xa6,0x31,0xa6,0x31,0x85,0x31,0xa6,0x31,0xc7,0x39,0xc7,0x39,0xe7,0x39,0xe7,0x39,
    0xc7,0x39,0xe7,0x39,0xe7,0x39,0xc7,0x39,0x08,0x42,0xe7,0x39,0xc7,0x39,0xe7,0x39,
    0x28,0x42,0x28,0x42,0x08,0x42,0xc7,0x39,0xe7,0x39,0xe8,0x41,0xe8,0x41,0xc7,0x39,
    0xe7,0x41,0xc7,0x39,0xc7,0x39,0xc7,0x39,0xa6,0x39,0xc6,0x39,0xc6,0x39,0xc6,0x39,
    0xc6,0x39,0xc6,0x39,0xc6,0x39,0xc6,0x39,0xa6,0x31,0x85,0x31,0x85,0x31,0xc6,0x39,
    0xc6,0x39,0x07,0x42,0x48,0x4a,0xeb,0x5a,0xce,0x7b,0xea,0x5a,0xe7,0x39,0xc6,0x39,
    0xa6,0x31,0x85,0x31,0xc6,0x39,0xa6,0x31,0xa6,0x31,0x28,0x42,0x89,0x52,0x48,0x4a,
    0x48,0x4a,0xe6,0x39,0xe7,0x39,0x69,0x4a,0x69,0x52,0x07,0x42,0xc6,0x39,0xa6,0x39,
    0xa6,0x31,0xc6,0x39,0xc6,0x39,0xa6,0x31,0xa6,0x39,0xc6,0x39,0xc6,0x39,0xa6,0x39,
    0xa6,0x31,0xc6,0x39,0xe7,0x39,0xc6,0x39,0xc6,0x39,0xe7,0x39,0xa6,0x31,0xa6,0x31,
    0xc6,0x39,0xc6,0x39,0xc6,0x39,0xe7,0x41,0xc6,0x39,0xe7,0x39,0x07,0x42,0x07,0x42,
    0x07,0x42,0xe7,0x39,0xe7,0x41,0xe7,0x39,0xc6,0x39,0xe7,0x41,0xe7,0x39,0xe7,0x39,
    0xc6,0x39,0xc6,0x39,0xc6,0x39,0xc6,0x39,0xc6,0x39,0xa6,0x31,0xc6,0x39,0xa6,0x31,
    0x85,0x31,0x85,0x31,0x65,0x31,0x65,0x29,0x65,0x29,0x65,0x29,0x85,0x31,0xa6,0x31,
    0xc6,0x39,0x28,0x42,0x07,0x42,0xe7,0x39,0xe7,0x39,0x69,0x4a,0xaa,0x52,0x28,0x42,
    0x07,0x42,0xe7,0x39,0xa6,0x31,0xc6,0x39,0x28,0x42,0x48,0x4a,0x28,0x42,0x69,0x4a,
    0x69,0x4a,0x89,0x52,0x69,0x4a,0xe7,0x39,0xe7,0x39,0x48,0x42,0x07,0x42,0xc6,0x39,
    0xc6,0x39,0xe7,0x39,0x07,0x42,0x28,0x42,0x28,0x42,0xe7,0x41,0xe7,0x41,0xe7,0x39,
    0xe7,0x39,0xe7,0x39,0x07,0x42,0xca,0x5a,0x28,0x42,0x07,0x42,0x28,0x42,0x07,0x42,
    0xe7,0x39,0xe7,0x39,0x28,0x42,0x28,0x42,0x07,0x42,0x28,0x42,0x28,0x42,0x08,0x42,
    0x28,0x42,0x07,0x42,0xc6,0x39,0xe7,0x39,0xc7,0x39,0xe7,0x39,0x07,0x42,0xc7,0x39,
    0xc7,0x39,0xc7,0x39,0xe7,0x39,0xe7,0x39,0xe7,0x39,0x08,0x42,0xe7,0x39,0xa6,0x31,
    0xc7,0x39,0xc7,0x39,0xe7,0x39,0xe7,0x39,0xc6,0x39,0xc6,0x39,0x07,0x42,0x08,0x42,
    0xa6,0x31,0xc7,0x39,0xc7,0x39,0xe7,0x39,0xc6,0x39,0xc7,0x39,0xe7,0x39,0xa6,0x31,
    0xa6,0x31,0xa6,0x31,0xc7,0x39,0xc7,0x39,0xe7,0x39,0xc7,0x39,0x08,0x42,0x08,0x42,
    0x08,0x42,0x49,0x4a,0x8a,0x52,0x49,0x4a,0x28,0x42,0x08,0x42,0xc7,0x39,0xe7,0x39,
    0x08,0x42,0x08,0x42,0xe7,0x39,0xc7,0x39,0xa6,0x31,0xe7,0x39,0x49,0x4a,0x49,0x4a,
    0x08,0x42,0x28,0x42,0x69,0x4a,0x69,0x4a,0xc7,0x39,0xa6,0x31,0xc7,0x39,0xc6,0x39,
    0xc6,0x39,0xa6,0x31,0xa6,0x31,0xa6,0x31,0xc6,0x39,0xe7,0x39,0x07,0x42,0x08,0x42,
    0xc7,0x39,0xe7,0x39,0x28,0x42,0x48,0x4a,0x28,0x42,0x48,0x4a,0x28,0x42,0x08,0x42,
    0x48,0x4a,0x49,0x4a,0x48,0x4a,0x28,0x42,0x07,0x42,0x28,0x42,0x48,0x4a,0x69,0x4a,
    0x69,0x4a,0x07,0x42,0xc6,0x39,0xc6,0x39,0x07,0x42,0xe7,0x39,0xa6,0x31,0x85,0x31,
    0xa5,0x31,0xc6,0x39,0xc6,0x39,0x86,0x31,0xa6,0x31,0xc6,0x39,0x85,0x31,0xa6,0x31,
    0xc6,0x39,0xc7,0x39,0xc7,0x39,0x08,0x42,0xe7,0x39,0xe7,0x39,0xc7,0x39,0xa6,0x31,
    0xe7,0x39,0x08,0x42,0xe7,0x39,0xe7,0x39,0xc7,0x39,0xc7,0x39,0x08,0x42,0x08,0x42,
    0xe7,0x39,0xe7,0x39,0xe7,0x39,0xe7,0x41,0xe7,0x41,0xc7,0x39,0xa6,0x39,0xc7,0x39,
    0xa6,0x31,0xc6,0x39,0xe7,0x39,0xe7,0x39,0xe7,0x39,0x28,0x42,0x07,0x42,0xa6,0x39,
    0xa6,0x39,0xa6,0x31,0xa6,0x31,0xc6,0x39,0xc6,0x39,0xc6,0x39,0xc6,0x39,0x07,0x42,
    0xeb,0x5a,0x4c,0x6b,0xaa,0x52,0x07,0x42,0xc6,0x31,0xa6,0x31,0x85,0x31,0xa6,0x31,
    0xc6,0x39,0xc6,0x39,0x48,0x42,0x48,0x4a,0x89,0x4a,0x07,0x42,0xc6,0x39,0x28,0x42,
    0x69,0x4a,0x69,0x4a,0x28,0x42,0xc6,0x39,0xa6,0x39,0xa6,0x39,0xa6,0x39,0xa6,0x31,
    0xa6,0x31,0xc6,0x39,0xa6,0x39,0xc6,0x39,0xc6,0x39,0xc6,0x39,0xc6,0x39,0xa6,0x31,
    0xc6,0x39,0xa6,0x39,0xa6,0x31,0xa6,0x31,0xa6,0x39,0xc6,0x39,0xc6,0x39,0xc6,0x39,
    0xa6,0x31,0xe7,0x39,0x07,0x42,0xc6,0x39,0xe7,0x39,0xe7,0x39,0x07,0x42,0xe7,0x39,
    0xa6,0x39,0xc6,0x39,0xc6,0x39,0xc6,0x39,0xe7,0x39,0xc6,0x39,0xc6,0x39,0xe7,0x39,
    0xe7,0x39,0xa6,0x39,0xc6,0x39,0x85,0x31,0x85,0x31,0x85,0x31,0x85,0x31,0x85,0x31,
    0x65,0x29,0x65,0x29,0x65,0x31,0x65,0x31,0x65,0x31,0xe7,0x39,0xa6,0x31,0x85,0x31,
    0x85,0x31,0x08,0x42,0x89,0x52,0x69,0x52,0x07,0x42,0xc6,0x39,0xc6,0x39,0xc6,0x39,
    0x07,0x42,0x07,0x42,0x28,0x42,0x48,0x4a,0x48,0x4a,0x48,0x4a,0xaa,0x52,0x69,0x4a,
    0xe7,0x39,0x48,0x4a,0x68,0x4a,0x07,0x42,0xe6,0x39,0xc6,0x39,0xe7,0x41,0x07,0x42,
    0x07,0x42,0x07,0x42,0x07,0x42,0x07,0x42,0x07,0x42,0xe7,0x39,0xe7,0x39,0x69,0x4a,
    0x48,0x42,0xe7,0x39,0x07,0x42,0x07,0x42,0x48,0x4a,0x08,0x42,0x07,0x42,0xe7,0x39,
    0x07,0x42,0x28,0x42,0x08,0x42,0x08,0x42,0x48,0x4a,0x28,0x42,0xe7,0x39,0x07,0x42,
    0xe7,0x39,0x07,0x42,0x08,0x42,0xc7,0x39,0xa6,0x31,0xc7,0x39,0xc7,0x39,0xc7,0x39,
    0xe7,0x39,0xc7,0x39,0xc7,0x39,0xc7,0x39,0xe7,0x39,0xc7,0x39,0xe7,0x39,0x28,0x42,
    0xe7,0x39,0xc7,0x39,0xe7,0x39,0xc6,0x39,0x85,0x31,0xa6,0x31,0xa6,0x31,0x08,0x42,
    0x07,0x42,0xc7,0x39,0xe7,0x39,0xa6,0x31,0xc7,0x39,0xc7,0x39,0xc7,0x39,0xc7,0x39,
    0xe7,0x39,0xc7,0x39,0x08,0x42,0xe7,0x39,0xc7,0x39,0x08,0x42,0x69,0x4a,0x28,0x42,
    0x08,0x42,0x28,0x42,0xe7,0x39,0xc7,0x39,0xe7,0x39,0xe7,0x39,0xc7,0x39,0xe7,0x39,
    0xc7,0x39,0xc7,0x39,0xe7,0x39,0xc7,0x39,0xc7,0x39,0xe7,0x39,0x69,0x4a,0xaa,0x52,
    0x08,0x42,0xa6,0x31,0xe7,0x39,0xe7,0x39,0xc7,0x39,0xc6,0x39,0xa6,0x31,0xc7,0x39,
    0xc7,0x39,0x07,0x42,0x49,0x4a,0x28,0x42,0x08,0x42,0x08,0x42,0xe7,0x39,0xe7,0x39,
    0xc7,0x39,0x07,0x42,0x28,0x42,0x28,0x42,0x08,0x42,0x69,0x4a,0x89,0x52,0x48,0x42,
    0x48,0x42,0x28,0x42,0x28,0x42,0x69,0x4a,0x89,0x52,0x07,0x42,0xa6,0x31,0xc7,0x39,
    0xe7,0x39,0xc7,0x39,0xa6,0x31,0xa6,0x31,0xc6,0x39,0xc6,0x39,0xa6,0x31,0x86,0x31,
    0xc7,0x39,0xe7,0x39,0x86,0x31,0x86,0x31,0xe7,0x39,0xc7,0x39,0xc7,0x39,0xe7,0x39,
    0xc7,0x39,0xa6,0x31,0xa6,0x31,0xc7,0x39,0x69,0x4a,0x49,0x4a,0xc7,0x39,0x08,0x42,
    0x08,0x42,0xe7,0x39,0x08,0x42,0x08,0x42,0xc7,0x39,0x08,0x42,0xe7,0x39,0x08,0x42,
    0x08,0x42,0xc7,0x39,0xe7,0x39,0xe7,0x41,0xe7,0x39,0xc6,0x39,0xc6,0x39,0xe7,0x39,
    0xc6,0x39,0x28,0x4a,0x07,0x42,0xa6,0x31,0xa6,0x31,0xc6,0x39,0xa6,0x31,0xa6,0x31,
    0xa6,0x39,0xc6,0x39,0xc6,0x39,0xa6,0x31,0xe6,0x39,0x89,0x52,0x89,0x52,0x28,0x42,
    0x07,0x3a,0x07,0x42,0x07,0x42,0xc6,0x39,0xa6,0x31,0x85,0x31,0xc6,0x31,0xe7,0x39,
    0x07,0x42,0xe7,0x39,0xa6,0x31,0xa6,0x31,0x07,0x42,0x28,0x4a,0x48,0x4a,0x28,0x42,
    0xe7,0x41,0xc6,0x39,0xa6,0x39,0x85,0x31,0xa6,0x31,0xa6,0x31,0xa6,0x31,0xc6,0x39,
    0x07,0x42,0x28,0x42,0xc6,0x39,0xa6,0x39,0xe7,0x39,0xc6,0x39,0xe7,0x39,0xc6,0x39,
    0xa6,0x31,0xc6,0x39,0x07,0x42,0xc6,0x39,0xa6,0x31,0xc6,0x39,0xc6,0x39,0xa6,0x39,
    0xc6,0x39,0xc6,0x39,0xa6,0x39,0xc6,0x39,0xe7,0x39,0xe7,0x39,0xa6,0x31,0xa6,0x31,
    0xc6,0x39,0xc6,0x39,0xe7,0x39,0x28,0x42,0x28,0x4a,0xe7,0x39,0xc6,0x39,0x85,0x31,
    0x65,0x31,0x85,0x31,0x85,0x31,0x85,0x31,0x65,0x31,0x65,0x31,0x85,0x31,0x85,0x31,
    0x85,0x31,0xe7,0x39,0xc6,0x39,0x44,0x29,0x85,0x31,0xc7,0x39,0x07,0x42,0x07,0x42,
    0xe7,0x39,0xe7,0x41,0xe7,0x39,0xe7,0x41,0x48,0x4a,0x07,0x42,0x28,0x42,0x07,0x42,
    0x07,0x42,0x07,0x42,0x28,0x42,0x48,0x4a,0x28,0x42,0x07,0x42,0x28,0x42,0x28,0x42,
    0x27,0x42,0x07,0x42,0x07,0x42,0xe7,0x39,0xe7,0x39,0x28,0x42,0x48,0x4a,0x28,0x42,
    0x07,0x42,0x07,0x42,0x07,0x42,0x48,0x42,0x28,0x42,0xe6,0x39,0x07,0x42,0x08,0x42,
    0x07,0x42,0x07,0x42,0xc6,0x39,0xc7,0x39,0xe7,0x39,0xe7,0x39,0x08,0x42,0x28,0x42,
    0x07,0x42,0x28,0x42,0x07,0x42,0xe7,0x39,0x07,0x42,0x28,0x42,0x08,0x42,0x08,0x42,
    0xe7,0x39,0xc7,0x39,0xc7,0x39,0xc7,0x39,0xa6,0x31,0xc7,0x39,0xc7,0x39,0xc7,0x39,
    0xc7,0x39,0xe7,0x39,0x28,0x42,0xe7,0x39,0xc7,0x39,0xe7,0x39,0xc7,0x39,0xc7,0x39,
    0xa6,0x31,0xa6,0x31,0xc7,0x39,0xe7,0x39,0xe7,0x39,0xe7,0x39,0xa6,0x31,0xa6,0x31,
    0xc7,0x39,0xc7,0x39,0xa6,0x31,0xe7,0x39,0xe7,0x39,0xc7,0x39,0xe7,0x39,0xc7,0x39,
    0xa6,0x31,0xc7,0x39,0xe7,0x39,0xe7,0x39,0xc7,0x39,0xc7,0x39,0xe7,0x39,0xe7,0x39,
    0xe7,0x39,0x28,0x42,0x08,0x42,0xc7,0x39,0xe7,0x39,0x08,0x42,0x08,0x42,0xe7,0x39,
    0xe7,0x39,0xc6,0x39,0xe7,0x39,0x28,0x42,0x28,0x42,0xc7,0x39,0xc7,0x39,0xe7,0x39,
    0xc6,0x39,0xc6,0x39,0xa6,0x31,0x07,0x42,0xe7,0x39,0x07,0x42,0x28,0x42,0xe7,0x39,
    0x07,0x42,0x07,0x42,0xc7,0x39,0xc7,0x39,0xc7,0x39,0xe7,0x39,0x08,0x42,0x48,0x4a,
    0x28,0x42,0x69,0x4a,0x69,0x4a,0x48,0x42,0x68,0x4a,0x48,0x4a,0x28,0x42,0x48,0x4a,
    0x69,0x4a,0x08,0x42,0xc7,0x39,0x07,0x42,0x07,0x42,0x07,0x42,0xe7,0x39,0xc7,0x39,
    0xe6,0x39,0xc6,0x39,0x86,0x31,0xa6,0x31,0xe7,0x39,0xe7,0x39,0xa6,0x31,0xc6,0x39,
    0xc7,0x39,0x28,0x42,0x08,0x42,0x08,0x42,0x69,0x4a,0x49,0x4a,0x49,0x4a,0x08,0x42,
    0x69,0x4a,0x49,0x4a,0xc7,0x39,0xe7,0x39,0xe7,0x39,0xc7,0x39,0xe7,0x39,0xe7,0x39,
    0xe7,0x39,0x08,0x42,0x08,0x42,0xe7,0x39,0xe8,0x41,0xc7,0x39,0xc7,0x39,0xa7,0x39,
    0x89,0x52,0x69,0x4a,0x07,0x42,0xe7,0x39,0xa6,0x39,0xc6,0x39,0xc6,0x39,0xa6,0x31,
    0xa6,0x31,0xa6,0x31,0x85,0x31,0xa6,0x31,0xa6,0x31,0xa6,0x31,0xa6,0x39,0xe6,0x39,
    0xe6,0x39,0xa5,0x31,0xc6,0x39,0x07,0x42,0xe7,0x39,0x69,0x4a,0x0b,0x63,0x89,0x52,
    0x07,0x3a,0xa6,0x31,0x85,0x31,0x85,0x31,0xa6,0x31,0xe6,0x39,0xc6,0x39,0xe7,0x39,
    0xc6,0x39,0xa6,0x31,0xa6,0x31,0xe7,0x41,0x48,0x4a,0x48,0x4a,0xe7,0x39,0xc6,0x39,
    0xe7,0x39,0xe7,0x39,0xe7,0x41,0x07,0x42,0x07,0x42,0x07,0x42,0x07,0x42,0xe7,0x41,
    0xe7,0x39,0xc6,0x39,0xe7,0x39,0xe7,0x39,0x85,0x31,0xa6,0x31,0xc6,0x39,0xc6,0x39,
    0xc6,0x39,0xc6,0x39,0xe7,0x39,0xc6,0x39,0xc6,0x39,0xc6,0x39,0x85,0x31,0xc6,0x39,
    0xe7,0x39,0xc6,0x39,0xa6,0x31,0x85,0x31,0xc6,0x39,0x07,0x42,0xe7,0x39,0xe7,0x39,
    0xe7,0x41,0xc6,0x39,0xe7,0x39,0xc6,0x39,0xa6,0x39,0x85,0x31,0x85,0x31,0x85,0x31,
    0x85,0x31,0xa6,0x31,0x85,0x31,0xa6,0x31,0xa6,0x39,0xc6,0x39,0x28,0x4a,0xe7,0x39,
    0xe7,0x41,0x69,0x4a,0x69,0x4a,0x07,0x42,0xe7,0x39,0xe7,0x39,0x28,0x42,0xca,0x5a,
    0xaa,0x52,0xc6,0x39,0xc7,0x39,0xa6,0x39,0xe7,0x39,0x69,0x4a,0x07,0x42,0xe7,0x39,
    0x07,0x42,0xe7,0x39,0xe7,0x39,0x28,0x42,0xe7,0x39,0xc6,0x39,0xe7,0x41,0xe7,0x39,
    0x07,0x42,0x69,0x4a,0x48,0x4a,0x48,0x4a,0x48,0x4a,0x28,0x42,0x07,0x42,0x07,0x42,
    0x28,0x42,0xe7,0x39,0x08,0x42,0x28,0x42,0x07,0x42,0x07,0x42,0xe7,0x39,0xe7,0x39,
    0xc7,0x39,0xc7,0x39,0x49,0x4a,0x28,0x42,0xe7,0x39,0xc7,0x39,0xe7,0x39,0xe7,0x39,
    0x08,0x42,0x08,0x42,0x07,0x42,0x28,0x42,0x08,0x42,0xe7,0x39,0xe7,0x39,0xe7,0x39,
    0xc7,0x39,0xc7,0x39,0xc7,0x39,0x08,0x42,0xe7,0x39,0xe7,0x39,0x08,0x42,0x28,0x42,
    0x07,0x42,0xe7,0x39,0xc7,0x39,0xe7,0x39,0xe7,0x39,0xc6,0x39,0xc7,0x39,0xc7,0x39,
    0xc7,0x39,0xe7,0x39,0x08,0x42,0x28,0x42,0xc7,0x39,0xa6,0x31,0xc7,0x39,0xc7,0x39,
    0xc7,0x39,0xc7,0x39,0xa6,0x31,0xa6,0x31,0xa6,0x31,0xe7,0x39,0xe7,0x39,0xe7,0x39,
    0xc7,0x39,0xc7,0x39,0xc7,0x39,0xe7,0x39,0xc7,0x39,0x08,0x42,0xe7,0x39,0xa6,0x31,
    0xc7,0x39,0x08,0x42,0x08,0x42,0xe7,0x39,0xa6,0x31,0xc6,0x39,0xa6,0x31,0xa6,0x31,
    0xc6,0x39,0xe7,0x39,0xe7,0x39,0xe7,0x39,0xc7,0x39,0xc7,0x39,0xe7,0x39,0x08,0x42,
    0x28,0x42,0x28,0x42,0xc7,0x39,0xe7,0x39,0xc7,0x39,0xc7,0x39,0xe7,0x39,0x07,0x42,
    0x28,0x42,0x08,0x42,0xe7,0x39,0x28,0x42,0x28,0x42,0x8a,0x52,0x48,0x4a,0x28,0x42,
    0x28,0x42,0x68,0x4a,0x48,0x4a,0x28,0x42,0x28,0x42,0xe7,0x39,0x07,0x42,0x49,0x4a,
    0x28,0x42,0x08,0x42,0xe7,0x39,0xc6,0x39,0xc6,0x39,0xc6,0x39,0xa6,0x31,0xc7,0x39,
    0xe7,0x39,0xc6,0x39,0xc7,0x39,0xe7,0x39,0xc7,0x39,0x49,0x4a,0x08,0x42,0x08,0x42,
    0x0c,0x63,0x4d,0x6b,0xcb,0x5a,0x08,0x42,0x08,0x42,0xe7,0x39,0xe7,0x39,0xe7,0x39,
    0xc7,0x39,0xc7,0x39,0xe7,0x39,0x28,0x42,0x28,0x42,0x08,0x42,0x08,0x42,0xe7,0x39,
    0xe8,0x41,0xe8,0x41,0xe7,0x39,0xa7,0x39,0x28,0x42,0xca,0x5a,0x89,0x52,0x07,0x42,
    0xa6,0x39,0xa6,0x31,0xa6,0x31,0xa6,0x31,0xa6,0x31,0x65,0x31,0x85,0x31,0xa6,0x31,
    0xa6,0x31,0x86,0x31,0xc6,0x39,0xc6,0x31,0xc6,0x31,0xc6,0x31,0xa5,0x31,0x07,0x42,
    0xe7,0x39,0x07,0x42,0x89,0x4a,0x48,0x4a,0x48,0x4a,0x27,0x42,0xc6,0x31,0xa6,0x31,
    0xc6,0x31,0xa6,0x31,0xc6,0x39,0x48,0x4a,0xe7,0x41,0x65,0x31,0x85,0x31,0xa6,0x31,
    0xc6,0x39,0xe7,0x41,0x07,0x42,0x28,0x4a,0x28,0x42,0xc6,0x39,0xe7,0x41,0x28,0x42,
    0xe7,0x39,0xa6,0x31,0xc6,0x39,0xc6,0x39,0xa6,0x31,0xc6,0x39,0xc6,0x39,0xc6,0x39,
    0xc6,0x39,0xa6,0x31,0x85,0x31,0xc6,0x39,0xc6,0x39,0x07,0x42,0x07,0x42,0xc6,0x39,
    0xc6,0x39,0xe7,0x39,0xa6,0x39,0xc6,0x39,0xe7,0x39,0xa6,0x31,0x85,0x31,0xa6,0x39,
    0xe7,0x39,0x28,0x42,0x07,0x3a,0xa6,0x39,0xe7,0x39,0xc6,0x39,0xa6,0x39,0xe7,0x39,
    0xc6,0x39,0x85,0x31,0x65,0x31,0xa6,0x39,0xc6,0x39,0xa6,0x31,0xa6,0x31,0x85,0x31,
    0xa6,0x31,0xe7,0x39,0x07,0x42,0xc6,0x39,0x07,0x42,0x28,0x4a,0x28,0x42,0x28,0x42,
    0xe7,0x39,0xc6,0x39,0x48,0x4a,0xca,0x5a,0x48,0x4a,0xe7,0x39,0xc7,0x39,0xc6,0x39,
    0xc6,0x39,0x28,0x42,0xe7,0x39,0xe7,0x39,0xe7,0x41,0xe7,0x39,0xe7,0x39,0xe7,0x39,
    0xe6,0x39,0xa6,0x39,0xc6,0x39,0xe7,0x39,0x07,0x42,0x28,0x4a,0x07,0x42,0x07,0x42,
    0x28,0x42,0x28,0x42,0x28,0x42,0x07,0x42,0x08,0x42,0x28,0x42,0x28,0x42,0x08,0x42,
    0x08,0x42,0x08,0x42,0x08,0x42,0xc7,0x39,0xe7,0x39,0x07,0x42,0x69,0x4a,0x08,0x42,
    0x07,0x42,0x07,0x42,0x08,0x42,0x08,0x42,0x07,0x42,0x07,0x42,0x07,0x42,0xe7,0x39,
    0xe7,0x39,0xa6,0x31,0xe7,0x39,0x08,0x42,0x08,0x42,0x28,0x42,0xe7,0x39,0x08,0x42,
    0x08,0x42,0xe7,0x39,0x07,0x42,0x48,0x4a,0x08,0x42,0xc7,0x39,0xc6,0x39,0xe7,0x39,
    0x08,0x42,0xc7,0x39,0xe7,0x39,0xe7,0x39,0x28,0x42,0x08,0x42,0x08,0x42,0x08,0x42,
    0xc7,0x39,0xc7,0x39,0xa6,0x31,0xa6,0x31,0xa6,0x31,0xa6,0x31,0xa6,0x31,0xa6,0x31,
    0xa6,0x31,0xc7,0x39,0xc7,0x39,0xc7,0x39,0xc7,0x39,0xc7,0x39,0xc7,0x39,0xc7,0x39,
    0xc7,0x39,0xc7,0x39,0xc7,0x39,0xa6,0x31,0xa6,0x31,0xa6,0x31,0xc7,0x39,0xc7,0x39,
    0xc6,0x39,0xc6,0x39,0xc6,0x39,0xa6,0x31,0xc7,0x39,0xc7,0x39,0xe7,0x39,0x48,0x4a,
    0x28,0x42,0x28,0x42,0x08,0x42,0xe7,0x39,0x08,0x42,0xe7,0x39,0xa6,0x31,0xc7,0x39,
    0xe7,0x39,0xe7,0x39,0xc7,0x39,0x28,0x42,0x28,0x42,0x69,0x4a,0x08,0x42,0x07,0x42,
    0x28,0x42,0x69,0x4a,0x48,0x4a,0x28,0x42,0x48,0x4a,0x27,0x42,0x28,0x42,0x48,0x4a,
    0x28,0x42,0xe7,0x39,0x08,0x42,0x28,0x42,0x08,0x42,0xe7,0x39,0xc7,0x39,0xc6,0x39,
    0xe7,0x39,0x07,0x42,0xe7,0x39,0xc7,0x39,0xc7,0x39,0xe7,0x39,0xc7,0x39,0xc6,0x39,
    0x07,0x42,0x08,0x3a,0xc7,0x39,0xe7,0x39,0x49,0x42,0x49,0x4a,0x28,0x42,0xc6,0x31,
    0xc7,0x31,0xc7,0x39,0xc7,0x31,0xc7,0x39,0xe7,0x39,0xc7,0x39,0xc7,0x39,0x08,0x42,
    0x08,0x42,0xa6,0x31,0x08,0x42,0xe7,0x39,0xc7,0x39,0x28,0x42,0x28,0x42,0xe7,0x39,
    0x85,0x31,0x28,0x4a,0x69,0x4a,0x28,0x4a,0xe7,0x39,0xa6,0x31,0x85,0x31,0xa6,0x31,
    0x85,0x31,0x85,0x31,0xc6,0x39,0xa6,0x31,0x85,0x31,0xc6,0x39,0xe7,0x39,0xc6,0x39,
    0x85,0x31,0xa6,0x31,0xa6,0x31,0xe7,0x39,0xe7,0x39,0xc6,0x39,0xa6,0x31,0xc6,0x39,
    0x07,0x42,0x48,0x4a,0x07,0x42,0xe7,0x39,0xe6,0x39,0xc6,0x39,0x07,0x3a,0xaa,0x52,
    0x69,0x4a,0xc6,0x39,0x07,0x42,0xc6,0x39,0x85,0x31,0xa6,0x31,0x07,0x42,0x48,0x4a,
    0xe7,0x39,0xa6,0x31,0xc6,0x39,0xe7,0x39,0xc6,0x39,0xa6,0x31,0xc6,0x39,0xa6,0x31,
    0x85,0x31,0xa6,0x31,0xa6,0x31,0xc6,0x39,0xc6,0x39,0xa6,0x31,0xa6,0x31,0x85,0x31,
    0xa6,0x39,0x69,0x4a,0x07,0x42,0xa6,0x31,0x07,0x42,0xc6,0x39,0xa6,0x31,0xe7,0x39,
    0x07,0x42,0xc6,0x39,0xa6,0x31,0xc6,0x39,0xc6,0x39,0xc6,0x39,0xe7,0x39,0xc6,0x39,
    0xe7,0x39,0xe7,0x39,0xa6,0x39,0xe7,0x39,0xc6,0x39,0x85,0x31,0xe7,0x41,0x07,0x42,
    0xc6,0x39,0xc6,0x39,0xa6,0x31,0xa5,0x31,0xc6,0x39,0x07,0x42,0xe7,0x41,0xa6,0x39,
    0xc6,0x39,0x28,0x42,0x07,0x42,0x07,0x42,0xc6,0x39,0x07,0x42,0x69,0x4a,0x07,0x42,
    0xe7,0x39,0xe7,0x39,0xe7,0x39,0x07,0x42,0xe7,0x41,0xe7,0x39,0xe7,0x41,0xe7,0x39,
    0xe7,0x41,0xe7,0x41,0xe7,0x41,0xe6,0x39,0xc6,0x39,0xe7,0x41,0x07,0x42,0xe6,0x39,
    0xe7,0x39,0x28,0x42,0x07,0x42,0x07,0x42,0x07,0x42,0x07,0x42,0x27,0x42,0x48,0x4a,
    0xe7,0x39,0xa6,0x31,0xe7,0x39,0xc6,0x39,0xc7,0x39,0xa6,0x31,0xa6,0x31,0xa6,0x31,
    0xc7,0x39,0xe7,0x39,0xc6,0x39,0x86,0x31,0xa6,0x31,0x86,0x31,0x86,0x31,0x86,0x31,
    0xa6,0x31,0xc7,0x39,0x28,0x42,0x48,0x4a,0x07,0x42,0xa6,0x31,0xc6,0x39,0xc6,0x39,
    0xe7,0x39,0x69,0x4a,0x08,0x42,0xe7,0x39,0x08,0x42,0x28,0x42,0x08,0x42,0xe7,0x39,
    0x08,0x42,0xe7,0x39,0xa6,0x31,0xe7,0x39,0xe7,0x39,0xc6,0x39,0xc7,0x39,0xe7,0x39,
    0x08,0x42,0x08,0x42,0xe7,0x39,0xc7,0x39,0xc7,0x39,0xc7,0x39,0xa6,0x31,0xa6,0x31,
    0xc6,0x39,0xc7,0x39,0xc6,0x39,0xa6,0x31,0xc7,0x39,0xc7,0x39,0xc7,0x39,0xc7,0x39,
    0xc7,0x39,0xa6,0x31,0xc7,0x39,0x86,0x31,0xc7,0x39,0xa6,0x31,0x86,0x31,0x86,0x31,
    0xa6,0x31,0xa6,0x31,0xa6,0x31,0xe7,0x39,0xc7,0x39,0xe7,0x39,0xa6,0x31,0x86,0x31,
    0xe7,0x39,0xa6,0x31,0xc6,0x39,0x08,0x42,0x08,0x42,0x49,0x4a,0x08,0x42,0xc7,0x39,
    0xa6,0x31,0xa6,0x31,0xe7,0x39,0xc7,0x39,0xc6,0x39,0xa6,0x31,0xc7,0x39,0x08,0x42,
    0x08,0x42,0x8a,0x52,0x49,0x4a,0x07,0x42,0x48,0x4a,0x69,0x4a,0x69,0x4a,0x69,0x4a,
    0x69,0x4a,0x07,0x42,0x07,0x42,0x49,0x4a,0x49,0x4a,0x08,0x42,0x08,0x42,0x07,0x42,
    0xe7,0x39,0x08,0x42,0xe7,0x39,0xe7,0x39,0xc7,0x39,0x07,0x42,0xe7,0x39,0xc6,0x39,
    0xa6,0x31,0x07,0x42,0xe7,0x39,0xc7,0x39,0x28,0x42,0xc7,0x39,0xc7,0x39,0xe7,0x39,
    0xc7,0x39,0xa6,0x31,0xc7,0x39,0xa6,0x31,0xa6,0x31,0xc7,0x39,0xa6,0x31,0xc7,0x39,
    0xe7,0x39,0xc7,0x39,0xc7,0x39,0xc7,0x39,0xe7,0x39,0xc7,0x39,0xe7,0x39,0x28,0x42,
    0x28,0x42,0x28,0x42,0x08,0x42,0xc7,0x39,0x85,0x31,0x85,0x31,0x07,0x42,0xeb,0x5a,
    0x2c,0x63,0x89,0x52,0xe7,0x39,0xc6,0x39,0xa6,0x31,0xc6,0x39,0xc6,0x39,0xa6,0x31,
    0x85,0x31,0xa6,0x31,0xa6,0x31,0xa6,0x39,0xa6,0x31,0xa6,0x31,0xa6,0x39,0xa6,0x39,
    0xe7,0x39,0xc6,0x39,0xa6,0x39,0xa6,0x39,0xc6,0x39,0xc6,0x39,0xc6,0x39,0xc6,0x39,
    0xc6,0x39,0xe7,0x41,0x69,0x4a,0xeb,0x5a,0x0b,0x63,0xaa,0x52,0x07,0x42,0xc6,0x39,
    0xa6,0x31,0x85,0x31,0xa6,0x31,0xc6,0x39,0xa6,0x39,0xa6,0x39,0xa6,0x39,0xa6,0x39,
    0xa6,0x39,0xa6,0x39,0xc6,0x39,0xa6,0x39,0xa6,0x31,0xa6,0x39,0x85,0x31,0xa6,0x31,
    0xc6,0x39,0xc6,0x39,0xa6,0x31,0x85,0x31,0x85,0x31,0xc6,0x39,0xc6,0x39,0x85,0x31,
    0xe7,0x39,0x07,0x42,0xe7,0x39,0x07,0x42,0x07,0x42,0xe7,0x39,0xc6,0x39,0xc6,0x39,
    0xa6,0x31,0xa6,0x31,0xa6,0x39,0xe7,0x39,0x07,0x42,0xe7,0x39,0xa6,0x31,0xe7,0x39,
    0x07,0x42,0xc6,0x39,0xe7,0x39,0x28,0x42,0xe7,0x41,0xc6,0x39,0xc6,0x39,0xe7,0x39,
    0x07,0x42,0xe7,0x39,0x07,0x42,0xe7,0x39,0xe7,0x39,0x48,0x4a,0x28,0x42,0xc6,0x39,
    0xe7,0x41,0xaa,0x52,0x69,0x4a,0xe7,0x39,0x07,0x42,0xe7,0x39,0xc6,0x39,0x07,0x42,
    0x27,0x42,0x07,0x42,0xe7,0x39,0x07,0x42,0x48,0x4a,0x28,0x42,0x48,0x4a,0xe7,0x41,
    0xe7,0x41,0x07,0x42,0xe7,0x39,0xc6,0x39,0x07,0x42,0x28,0x42,0xe7,0x39,0xa6,0x31,
    0x85,0x31,0x65,0x29,0x65,0x29,0x28,0x42,0xaa,0x52,0x0b,0x63,0xae,0x73,0x30,0x84,
    0xb2,0x94,0xd3,0x9c,0x14,0xa5,0x75,0xad,0x96,0xad,0x75,0xad,0x55,0xad,0x14,0xa5,
    0xb2,0x94,0x51,0x8c,0xae,0x73,0x4d,0x6b,0xcb,0x5a,0x49,0x4a,0xc6,0x39,0x45,0x29,
    0x85,0x31,0x85,0x31,0x85,0x31,0x08,0x42,0x08,0x42,0xc7,0x39,0xc7,0x39,0xe7,0x39,
    0x08,0x42,0x08,0x42,0xe7,0x39,0x08,0x42,0x08,0x42,0xe7,0x39,0xe7,0x39,0xe7,0x39,
    0xe7,0x39,0xc7,0x39,0xc7,0x39,0x29,0x42,0x08,0x42,0xe7,0x39,0xe7,0x39,0xe7,0x39,
    0xc7,0x39,0xa6,0x31,0xa6,0x31,0xc7,0x39,0xc7,0x39,0xc6,0x39,0xc6,0x39,0xa6,0x31,
    0xa6,0x31,0xc7,0x39,0x08,0x42,0xe7,0x39,0xa6,0x31,0x86,0x31,0xa6,0x31,0xa6,0x31,
    0xe7,0x39,0xe7,0x39,0xa6,0x31,0xa6,0x31,0xc7,0x39,0xc7,0x39,0xa6,0x31,0xc7,0x39,
    0xa6,0x31,0xc7,0x39,0xa6,0x31,0xc7,0x39,0xc7,0x39,0xc7,0x39,0xa6,0x31,0xa6,0x31,
    0xe7,0x39,0x8a,0x52,0x48,0x4a,0xe7,0x39,0xa6,0x31,0xa6,0x31,0x08,0x42,0xe7,0x39,
    0xc7,0x39,0xc7,0x39,0xc7,0x39,0x08,0x42,0x28,0x42,0x69,0x4a,0x28,0x42,0xe7,0x39,
    0x07,0x42,0x28,0x42,0x28,0x42,0x49,0x4a,0x49,0x4a,0x28,0x42,0x48,0x4a,0x28,0x42,
    0x28,0x42,0x08,0x42,0x28,0x42,0x49,0x4a,0x07,0x42,0x08,0x42,0x08,0x42,0xe7,0x39,
    0xc7,0x39,0xe7,0x39,0xa6,0x31,0xc7,0x39,0xe7,0x39,0x28,0x42,0xaa,0x52,0x49,0x4a,
    0xc7,0x39,0xc6,0x31,0xc7,0x39,0x08,0x42,0xe7,0x39,0x08,0x42,0xe7,0x39,0xc7,0x39,
    0xe7,0x39,0x28,0x42,0xe7,0x39,0xe7,0x39,0x28,0x42,0xe7,0x39,0xc7,0x39,0xe7,0x39,
    0xe7,0x39,0xc7,0x39,0xe7,0x39,0x28,0x42,0x28,0x42,0x28,0x42,0xe8,0x41,0xc7,0x39,
    0x85,0x31,0x85,0x31,0x85,0x31,0x28,0x4a,0xeb,0x5a,0x89,0x52,0x89,0x52,0x69,0x4a,
    0x07,0x42,0xc6,0x39,0xa6,0x31,0xa6,0x31,0x85,0x31,0x85,0x31,0xa6,0x31,0xa6,0x39,
    0xa6,0x39,0xc6,0x39,0xc6,0x39,0xa6,0x31,0xc6,0x39,0xe7,0x39,0xa6,0x39,0xa6,0x31,
    0xa6,0x31,0xc6,0x39,0xa6,0x31,0xa6,0x31,0x85,0x31,0x85,0x31,0xe7,0x39,0x48,0x42,
    0xa9,0x52,0xaa,0x52,0x28,0x42,0x07,0x42,0xc6,0x31,0x85,0x31,0xc6,0x31,0xa6,0x31,
    0xa6,0x39,0xa6,0x31,0xa6,0x31,0xa6,0x39,0xa6,0x39,0xa6,0x39,0xc6,0x39,0xc6,0x39,
    0xc6,0x39,0xe7,0x41,0xc6,0x39,0xa6,0x31,0xa6,0x31,0xa6,0x31,0xa6,0x31,0xc6,0x39,
    0xc6,0x39,0xc6,0x39,0xa6,0x31,0xa6,0x39,0xe7,0x39,0xe7,0x41,0xe7,0x41,0xe7,0x41,
    0x07,0x42,0x07,0x42,0xc6,0x39,0xc6,0x39,0xc6,0x39,0x07,0x42,0xe7,0x39,0xc6,0x39,
    0x07,0x42,0x07,0x42,0x07,0x42,0xc6,0x39,0xe7,0x41,0x28,0x42,0xc6,0x39,0xe7,0x39,
    0x07,0x42,0xa6,0x31,0xc6,0x39,0xe7,0x39,0xc6,0x39,0xc6,0x39,0xe7,0x41,0xe7,0x41,
    0xe7,0x41,0x28,0x42,0x28,0x42,0x07,0x42,0x89,0x52,0xaa,0x5a,0x07,0x42,0xa6,0x31,
    0xe7,0x39,0xe7,0x39,0xe7,0x39,0x07,0x42,0x48,0x4a,0x28,0x4a,0x07,0x42,0x07,0x42,
    0x69,0x4a,0x48,0x4a,0x07,0x42,0x07,0x42,0x28,0x42,0x28,0x42,0x28,0x42,0xa6,0x31,
    0x44,0x29,0x45,0x29,0xc6,0x39,0x69,0x4a,0x6d,0x6b,0xb2,0x94,0x96,0xb5,0x59,0xce,
    0x1c,0xdf,0x5d,0xef,0x9e,0xf7,0xbe,0xf7,0xbe,0xf7,0xdf,0xf7,0xdf,0xf7,0xde,0xf7,
    0xbf,0xf7,0xdf,0xff,0xbf,0xf7,0xbf,0xf7,0xbf,0xf7,0xdf,0xff,0xbf,0xf7,0x7e,0xef,
    0x3d,0xe7,0xbb,0xd6,0x18,0xc6,0x14,0x9d,0xcf,0x7b,0x69,0x4a,0xa6,0x31,0x86,0x31,
    0xa7,0x31,0xc7,0x39,0xe7,0x39,0x08,0x42,0xe7,0x39,0xa6,0x31,0xc7,0x39,0xe7,0x39,
    0xc7,0x39,0xc7,0x39,0xe7,0x39,0x07,0x42,0xe7,0x39,0xe7,0x39,0xc7,0x39,0x08,0x42,
    0xe7,0x39,0xa6,0x31,0xc7,0x39,0xe7,0x39,0xc7,0x39,0xa6,0x31,0xc7,0x39,0xc7,0x39,
    0xc7,0x39,0xc7,0x39,0xe7,0x39,0x28,0x42,0xe7,0x39,0xe7,0x39,0xe7,0x39,0xa6,0x31,
    0x86,0x31,0xc7,0x39,0xc7,0x39,0xe7,0x39,0xe7,0x39,0xe7,0x39,0xc7,0x39,0xa6,0x31,
    0xa6,0x31,0xc7,0x39,0xc7,0x39,0xe7,0x39,0xc7,0x39,0xa6,0x31,0xc7,0x39,0xc7,0x39,
    0xc7,0x39,0xa6,0x31,0xc7,0x39,0xe7,0x39,0xe7,0x39,0x08,0x42,0x07,0x42,0xc6,0x39,
    0xa6,0x31,0xe7,0x39,0x07,0x42,0x08,0x42,0xc7,0x39,0xc6,0x39,0xc7,0x39,0x69,0x4a,
    0x49,0x4a,0x28,0x42,0x28,0x42,0x28,0x42,0x48,0x4a,0x08,0x42,0x07,0x42,0x08,0x42,
    0x28,0x42,0x08,0x42,0x48,0x4a,0x28,0x42,0x28,0x42,0x28,0x42,0x28,0x42,0x69,0x4a,
    0x48,0x4a,0x28,0x42,0x48,0x4a,0x07,0x42,0xc7,0x39,0xe7,0x39,0xa6,0x31,0xe7,0x39,
    0x69,0x4a,0x48,0x4a,0xeb,0x5a,0xaa,0x52,0xc7,0x39,0xc7,0x39,0x28,0x42,0x49,0x4a,
    0x08,0x42,0x28,0x42,0xe7,0x39,0xc7,0x39,0x08,0x42,0x69,0x4a,0x69,0x4a,0x28,0x42,
    0x08,0x42,0xe7,0x39,0xc7,0x39,0xc7,0x39,0xc7,0x39,0xc7,0x39,0xe7,0x39,0xe7,0x39,
    0xe7,0x39,0x08,0x42,0xe8,0x41,0xc7,0x39,0xa6,0x31,0xa6,0x31,0x85,0x31,0xa6,0x31,
    0xa6,0x39,0x85,0x31,0xc6,0x39,0x69,0x4a,0x89,0x52,0x28,0x4a,0xc6,0x39,0x85,0x31,
    0x85,0x31,0x85,0x31,0xa6,0x31,0xc6,0x39,0xa6,0x31,0xa6,0x31,0xc6,0x39,0xa6,0x39,
    0x85,0x31,0xa6,0x39,0xa6,0x31,0x85,0x31,0xa6,0x31,0xe7,0x39,0xc6,0x39,0xc6,0x39,
    0xa6,0x31,0x85,0x31,0x85,0x31,0xa6,0x31,0xc6,0x39,0x07,0x42,0x68,0x4a,0x69,0x4a,
    0xc6,0x39,0xa6,0x31,0xc6,0x39,0xc6,0x39,0xc6,0x39,0xa6,0x31,0xa6,0x31,0xc6,0x39,
    0xa6,0x31,0xc6,0x39,0xc6,0x39,0xc6,0x39,0xc6,0x39,0xc6,0x39,0xc6,0x39,0xa6,0x31,
    0x85,0x31,0x85,0x31,0xa6,0x31,0xa6,0x39,0xe7,0x41,0x07,0x42,0xc6,0x39,0xe7,0x39,
    0xc6,0x39,0xa6,0x39,0xc6,0x39,0xe7,0x41,0x28,0x42,0x07,0x42,0xc6,0x39,0xe7,0x39,
    0xe7,0x39,0x28,0x42,0x07,0x42,0xa6,0x39,0xc6,0x39,0xe7,0x39,0xc6,0x39,0xa6,0x39,
    0xc6,0x39,0xe7,0x39,0xe7,0x39,0xc6,0x39,0x07,0x42,0xa6,0x39,0xc6,0x39,0xe7,0x39,
    0xc6,0x39,0xc6,0x39,0x07,0x42,0xe7,0x39,0xa6,0x39,0x07,0x42,0xe7,0x39,0x28,0x42,
    0xaa,0x52,0x07,0x42,0xa6,0x31,0xa6,0x31,0xe7,0x39,0x07,0x42,0xe7,0x39,0xe7,0x39,
    0x07,0x42,0x28,0x42,0x28,0x42,0xe7,0x39,0x28,0x42,0x28,0x4a,0x07,0x42,0x28,0x4a,
    0xc6,0x39,0xa6,0x31,0xa6,0x39,0x49,0x4a,0x4c,0x6b,0xb2,0x94,0x18,0xc6,0xfb,0xde,
    0x7d,0xef,0x9e,0xf7,0xbf,0xf7,0x9e,0xf7,0x9e,0xef,0x7d,0xef,0x7d,0xef,0x7d,0xef,
    0x7e,0xef,0x7d,0xef,0x7d,0xef,0x7d,0xef,0x7d,0xef,0x5d,0xef,0x5d,0xef,0x5d,0xef,
    0x5d,0xef,0x5d,0xef,0x5d,0xef,0x7e,0xef,0x7e,0xef,0x9e,0xf7,0xbe,0xf7,0xdf,0xf7,
    0xbe,0xf7,0x3d,0xe7,0x79,0xce,0x35,0xa5,0xef,0x7b,0x28,0x42,0x65,0x29,0xa6,0x31,
    0xc7,0x39,0xe7,0x39,0xe7,0x39,0xe7,0x39,0xc7,0x39,0xc7,0x39,0xe7,0x39,0x28,0x42,
    0xe7,0x39,0xc7,0x39,0xc7,0x39,0xc7,0x39,0xe7,0x39,0xa6,0x31,0xa6,0x31,0xe7,0x39,
    0xe7,0x39,0xe7,0x39,0xe7,0x39,0xc7,0x39,0xc7,0x39,0xe7,0x39,0xc6,0x31,0xe7,0x39,
    0xeb,0x5a,0x8a,0x52,0x08,0x42,0xc7,0x39,0xc6,0x31,0x28,0x42,0x28,0x42,0x08,0x42,
    0xc7,0x39,0xc7,0x39,0xa6,0x31,0xe7,0x39,0xc7,0x39,0xc7,0x39,0xe7,0x39,0x28,0x42,
    0xc7,0x39,0xa6,0x31,0xa6,0x31,0xa6,0x31,0xa6,0x31,0xc7,0x39,0xe7,0x39,0xc7,0x39,
    0xa6,0x31,0xc7,0x39,0xe7,0x39,0xc7,0x39,0xc7,0x39,0xe7,0x39,0xc7,0x39,0xc6,0x39,
    0xc7,0x39,0xe7,0x39,0x08,0x42,0x89,0x52,0x28,0x42,0xe7,0x39,0x07,0x42,0x48,0x4a,
    0x69,0x4a,0x08,0x42,0xe7,0x39,0x08,0x42,0x48,0x4a,0x49,0x4a,0x48,0x4a,0x48,0x4a,
    0x28,0x42,0x08,0x42,0xe7,0x39,0x28,0x42,0x89,0x52,0x48,0x4a,0x28,0x42,0xe7,0x39,
    0xe7,0x39,0xe7,0x39,0xc6,0x39,0xc6,0x39,0x08,0x42,0xe7,0x39,0x28,0x42,0x28,0x42,
    0x08,0x3a,0xe7,0x39,0x08,0x42,0x28,0x42,0xe7,0x39,0x08,0x42,0x08,0x42,0xc7,0x39,
    0xc7,0x39,0x49,0x4a,0x69,0x4a,0x08,0x42,0xe7,0x39,0x08,0x42,0xe7,0x39,0xc7,0x39,
    0xe7,0x39,0xc7,0x39,0xc7,0x39,0xc7,0x39,0xc7,0x39,0xe7,0x39,0xe7,0x39,0xc7,0x39,
    0xa6,0x31,0xa6,0x31,0x85,0x31,0xc6,0x39,0x85,0x31,0x85,0x31,0xa6,0x31,0x07,0x42,
    0x89,0x52,0xca,0x5a,0x48,0x4a,0xa6,0x39,0xa6,0x31,0x85,0x31,0xa6,0x31,0xa6,0x39,
    0xa6,0x31,0xa6,0x31,0xa6,0x39,0xa6,0x31,0xa6,0x31,0xc6,0x39,0xa6,0x31,0xa6,0x31,
    0xa6,0x39,0xc6,0x39,0xc6,0x39,0xc6,0x39,0xc6,0x39,0x85,0x31,0x85,0x31,0xa5,0x31,
    0xc6,0x31,0xe7,0x39,0x07,0x42,0x48,0x4a,0x28,0x42,0xe7,0x39,0xc6,0x39,0xc6,0x39,
    0xe7,0x41,0xe7,0x39,0xc6,0x39,0xc6,0x39,0xa6,0x31,0xc6,0x39,0xc6,0x39,0xc6,0x39,
    0xa6,0x31,0xa6,0x31,0x85,0x31,0xa6,0x31,0xc6,0x39,0xa6,0x31,0xa6,0x31,0xc6,0x39,
    0xc6,0x39,0xa6,0x39,0xc6,0x39,0x07,0x42,0xa6,0x39,0xa6,0x39,0xe7,0x39,0xe7,0x39,
    0x28,0x42,0x07,0x42,0xc6,0x39,0xe7,0x39,0x07,0x42,0xe7,0x39,0xe7,0x39,0x07,0x42,
    0xc6,0x39,0xc6,0x39,0xe7,0x39,0xe7,0x39,0xe7,0x39,0xc6,0x39,0xc6,0x39,0xc6,0x39,
    0x07,0x42,0x28,0x42,0x07,0x42,0xe7,0x41,0xe7,0x39,0xe7,0x39,0xe7,0x41,0xe7,0x39,
    0xc6,0x39,0x07,0x42,0xe7,0x41,0x28,0x42,0x07,0x42,0xc6,0x39,0xc6,0x39,0xe7,0x39,
    0xe7,0x39,0x28,0x4a,0xe7,0x39,0xe6,0x39,0xe6,0x39,0xe6,0x39,0xe7,0x39,0x07,0x42,
    0x07,0x42,0xe6,0x39,0x07,0x42,0xa5,0x31,0x07,0x42,0x6d,0x6b,0x55,0xad,0x9a,0xd6,
    0x5d,0xef,0xbe,0xf7,0x9e,0xf7,0x9e,0xf7,0x7d,0xef,0x7d,0xef,0x7d,0xef,0x5d,0xef,
    0x5d,0xef,0x5d,0xef,0x3d,0xe7,0x5d,0xef,0x5d,0xef,0x3d,0xe7,0x3d,0xe7,0x3d,0xe7,
    0x3d,0xe7,0x5d,0xef,0x5d,0xef,0x5d,0xef,0x5d,0xef,0x3d,0xe7,0x3d,0xe7,0x5d,0xef,
    0x5d,0xef,0x7d,0xef,0x7d,0xef,0x9e,0xef,0x9e,0xf7,0x9e,0xf7,0xbf,0xf7,0xbf,0xf7,
    0x9e,0xf7,0xdb,0xde,0x76,0xad,0x8e,0x73,0xe7,0x39,0x65,0x29,0xa6,0x31,0x08,0x42,
    0xe7,0x39,0xe7,0x39,0xe7,0x39,0x08,0x42,0xe7,0x39,0x07,0x42,0xe7,0x39,0x08,0x42,
    0x08,0x42,0xe7,0x39,0xc7,0x39,0xc7,0x39,0xc7,0x39,0xc7,0x39,0xc7,0x39,0xc7,0x39,
    0x07,0x3a,0x08,0x42,0xc6,0x31,0xa6,0x31,0x69,0x4a,0x28,0x42,0x28,0x42,0x49,0x4a,
    0x28,0x42,0x69,0x4a,0x08,0x42,0xc7,0x39,0xc7,0x39,0xe7,0x39,0xe7,0x39,0x8a,0x52,
    0x28,0x42,0xe7,0x39,0xe7,0x39,0x08,0x42,0xe7,0x39,0xa6,0x31,0xc7,0x39,0xc7,0x39,
    0xe7,0x39,0xc7,0x39,0xc7,0x39,0xc7,0x39,0xa6,0x31,0xc7,0x39,0xe7,0x39,0x07,0x42,
    0xe7,0x39,0xe7,0x39,0xc6,0x39,0xc6,0x39,0xe7,0x39,0xe7,0x39,0xe7,0x39,0xc6,0x39,
    0xa6,0x31,0xe7,0x39,0xe7,0x39,0x07,0x42,0xe7,0x39,0xe7,0x39,0x07,0x42,0x28,0x42,
    0x49,0x4a,0x49,0x4a,0x48,0x4a,0x48,0x4a,0x08,0x42,0x07,0x42,0x28,0x42,0x49,0x4a,
    0x69,0x4a,0x28,0x42,0x08,0x42,0xe7,0x39,0xc6,0x39,0xe7,0x39,0xc6,0x39,0x86,0x31,
    0xc7,0x39,0xe7,0x39,0x08,0x42,0xe7,0x39,0xe7,0x39,0x07,0x3a,0x08,0x42,0x28,0x42,
    0xe7,0x39,0xe7,0x39,0x08,0x42,0xc7,0x39,0xe7,0x39,0x69,0x4a,0x69,0x4a,0x08,0x42,
    0x08,0x42,0x08,0x42,0xe7,0x39,0xe7,0x39,0xe7,0x39,0xa6,0x31,0xc7,0x39,0xe7,0x39,
    0xe7,0x39,0xe7,0x39,0xc7,0x39,0xa7,0x39,0xe7,0x39,0xc6,0x39,0xa6,0x31,0x85,0x31,
    0x85,0x31,0xc6,0x39,0xe7,0x39,0xa6,0x31,0xe7,0x39,0xca,0x5a,0x2c,0x63,0x48,0x42,
    0xa6,0x31,0xa6,0x31,0x85,0x31,0xa6,0x31,0xa6,0x31,0xa6,0x31,0xa6,0x31,0x85,0x31,
    0xc6,0x39,0xc6,0x39,0xa6,0x39,0xa6,0x31,0xa6,0x31,0xa6,0x31,0xa6,0x39,0xc6,0x39,
    0xe7,0x39,0xc6,0x39,0xa6,0x31,0xa6,0x39,0xc6,0x39,0xc6,0x39,0xa6,0x31,0xc6,0x39,
    0x07,0x42,0xe7,0x39,0xc6,0x39,0xc6,0x39,0xc6,0x39,0xc6,0x39,0xc6,0x39,0xc6,0x39,
    0xc6,0x39,0xc6,0x39,0xc6,0x39,0xc6,0x39,0xc6,0x39,0xc6,0x39,0xa6,0x31,0x85,0x31,
    0xe7,0x39,0xc6,0x39,0xa6,0x31,0xc6,0x39,0xe7,0x39,0xc6,0x39,0xc6,0x39,0xc6,0x39,
    0xc6,0x39,0xc6,0x39,0xe7,0x41,0xc6,0x39,0x07,0x42,0x07,0x42,0xe7,0x39,0xe7,0x41,
    0x28,0x42,0xe7,0x39,0xc6,0x39,0xe7,0x39,0xe7,0x39,0xc6,0x31,0x07,0x42,0xe7,0x39,
    0x07,0x3a,0x28,0x42,0x28,0x42,0xe7,0x39,0x07,0x42,0x28,0x4a,0x07,0x42,0x07,0x42,
    0xc6,0x39,0xa6,0x31,0xc6,0x39,0xe7,0x39,0xc6,0x39,0xe7,0x39,0x07,0x42,0x28,0x42,
    0xc6,0x39,0xa6,0x39,0xe7,0x39,0xe7,0x41,0xc6,0x39,0x07,0x42,0xe7,0x39,0xe6,0x39,
    0xa6,0x31,0xe7,0x39,0x07,0x42,0x28,0x42,0xa6,0x31,0x85,0x31,0xaa,0x52,0x71,0x8c,
    0x38,0xc6,0x5d,0xef,0x9e,0xf7,0x9e,0xf7,0x7d,0xef,0x5d,0xe7,0x5d,0xef,0x5d,0xef,
    0x5d,0xef,0x5d,0xef,0x3d,0xe7,0x3d,0xe7,0x3c,0xe7,0x3c,0xe7,0x3c,0xe7,0x3d,0xe7,
    0x1d,0xe7,0x1c,0xe7,0x1c,0xe7,0x1c,0xe7,0x1c,0xe7,0x1c,0xe7,0x1c,0xe7,0x1c,0xe7,
    0x3c,0xe7,0x3c,0xe7,0x3c,0xe7,0x3d,0xe7,0x3d,0xe7,0x3d,0xe7,0x5d,0xe7,0x5d,0xef,
    0x5d,0xef,0x7d,0xef,0x7e,0xef,0x9e,0xf7,0x9e,0xf7,0xbe,0xf7,0xdf,0xff,0x9e,0xf7,
    0xba,0xd6,0xb3,0x94,0xab,0x52,0xa6,0x31,0xa6,0x31,0x28,0x42,0x49,0x4a,0x08,0x42,
    0xe7,0x39,0x08,0x42,0xe7,0x39,0xe7,0x39,0xc7,0x39,0xc7,0x39,0xa6,0x31,0xa6,0x31,
    0xc7,0x39,0xa6,0x31,0xa6,0x31,0xa6,0x31,0xc7,0x39,0xe7,0x39,0x07,0x3a,0xe7,0x39,
    0xe7,0x39,0x07,0x3a,0x08,0x42,0xc7,0x39,0xc7,0x39,0xc7,0x39,0xc7,0x39,0xc7,0x39,
    0xc7,0x39,0x08,0x42,0x08,0x42,0x08,0x42,0x08,0x42,0x08,0x42,0xe7,0x39,0x28,0x42,
    0x08,0x42,0xc7,0x39,0xc7,0x39,0x08,0x42,0x08,0x42,0xa6,0x31,0xe7,0x39,0xc7,0x39,
    0xe7,0x39,0xe7,0x39,0xc7,0x39,0xe7,0x39,0xe7,0x39,0xe7,0x39,0xc7,0x39,0xc6,0x39,
    0xc7,0x39,0x07,0x42,0xc7,0x39,0xa6,0x31,0xc6,0x39,0xc7,0x39,0xe7,0x39,0xc6,0x39,
    0xa6,0x31,0xa6,0x31,0x28,0x42,0x48,0x4a,0x08,0x42,0x07,0x42,0x28,0x42,0x28,0x42,
    0xe7,0x39,0x08,0x42,0x28,0x42,0x48,0x4a,0x28,0x42,0x48,0x4a,0x28,0x42,0xc7,0x39,
    0xa6,0x31,0xa6,0x31,0x86,0x31,0x86,0x31,0xe7,0x39,0x28,0x42,0x69,0x4a,0x28,0x42,
    0xe7,0x39,0xe7,0x39,0xe7,0x39,0x28,0x42,0x08,0x42,0x28,0x42,0x69,0x4a,0x49,0x4a,
    0x28,0x42,0x8a,0x52,0x69,0x4a,0x28,0x42,0x08,0x42,0xc7,0x39,0xc7,0x39,0xc7,0x39,
    0xe7,0x39,0xc7,0x39,0xa6,0x31,0xe7,0x39,0xe7,0x39,0xc7,0x39,0xa6,0x39,0xc7,0x39,
    0xc6,0x39,0xa6,0x39,0xa6,0x31,0x85,0x31,0x85,0x31,0xa6,0x31,0xc6,0x39,0x85,0x31,
    0x85,0x31,0xe7,0x39,0xaa,0x52,0x0b,0x63,0x69,0x4a,0xe7,0x39,0xe7,0x39,0xa6,0x31,
    0xa6,0x31,0xc6,0x31,0xa6,0x31,0x85,0x31,0xa6,0x31,0xc6,0x39,0xa6,0x39,0xc6,0x39,
    0xc6,0x39,0xa6,0x31,0x85,0x31,0xa6,0x39,0xc6,0x39,0xe7,0x39,0xa6,0x39,0xc6,0x39,
    0xc6,0x39,0xa6,0x31,0xa6,0x31,0xa6,0x31,0xa6,0x31,0xc6,0x39,0xa6,0x31,0xa6,0x31,
    0xa6,0x31,0xa6,0x31,0xa6,0x31,0xa6,0x31,0xa6,0x39,0xc6,0x39,0xc6,0x39,0xe7,0x39,
    0xc6,0x39,0xc6,0x39,0xc6,0x39,0xa6,0x39,0xe7,0x39,0xc6,0x39,0xa6,0x31,0xa6,0x39,
    0xc6,0x39,0xe7,0x39,0x07,0x42,0xc6,0x39,0xa6,0x39,0xa6,0x39,0xc6,0x39,0xa6,0x31,
    0xa6,0x31,0xe7,0x39,0x07,0x42,0x07,0x42,0xe7,0x41,0xc6,0x39,0xa6,0x31,0xc6,0x39,
    0xe7,0x39,0xc6,0x39,0xc6,0x39,0x28,0x42,0x68,0x4a,0x48,0x42,0x28,0x42,0x48,0x4a,
    0x28,0x42,0x28,0x42,0x07,0x42,0x07,0x42,0xc6,0x39,0xc6,0x39,0xe7,0x39,0x07,0x42,
    0xe7,0x39,0x07,0x42,0x07,0x42,0xc6,0x39,0xc6,0x39,0xa6,0x39,0xc6,0x39,0xe7,0x39,
    0xe7,0x39,0xe7,0x39,0xe7,0x39,0x07,0x42,0x07,0x42,0xe7,0x39,0xe7,0x39,0xa6,0x31,
    0xcb,0x5a,0xf3,0x9c,0xda,0xde,0x7d,0xef,0x7d,0xef,0x5d,0xef,0x5d,0xe7,0x5d,0xef,
    0x5d,0xef,0x5d,0xef,0x5d,0xef,0x3c,0xe7,0x3c,0xe7,0x3c,0xe7,0x1c,0xe7,0x1c,0xe7,
    0x1c,0xdf,0x1c,0xe7,0xfc,0xde,0xfc,0xde,0xdb,0xde,0xdb,0xde,0xdb,0xde,0xdb,0xde,
    0xdb,0xde,0xdb,0xde,0xdb,0xde,0xdb,0xde,0xdb,0xde,0xfb,0xde,0xdb,0xde,0xfc,0xde,
    0xfc,0xde,0x1c,0xdf,0x1c,0xe7,0x1c,0xe7,0x3c,0xe7,0x3c,0xe7,0x3d,0xe7,0x5d,0xef,
    0x7e,0xef,0x7e,0xef,0x7e,0xef,0x9e,0xf7,0xdf,0xff,0xdf,0xff,0x3c,0xe7,0x75,0xad,
    0x0c,0x63,0xc7,0x39,0xa6,0x31,0xe7,0x39,0x08,0x42,0xe7,0x39,0xc7,0x39,0xe7,0x39,
    0xc7,0x39,0xc7,0x39,0xa6,0x31,0xa6,0x31,0xc7,0x39,0xa6,0x31,0xa6,0x31,0xa6,0x31,
    0x85,0x29,0xc6,0x31,0x07,0x42,0x07,0x3a,0xe7,0x39,0x08,0x3a,0x08,0x42,0x86,0x31,
    0xe7,0x39,0x08,0x42,0xe7,0x39,0xe7,0x39,0xc7,0x39,0xc7,0x39,0xe7,0x39,0xc7,0x39,
    0x28,0x42,0x08,0x42,0xc7,0x39,0xe7,0x39,0xe7,0x39,0xe7,0x39,0xe7,0x39,0xc7,0x39,
    0xc7,0x39,0xc7,0x39,0xc7,0x39,0xc7,0x39,0xc7,0x39,0xc7,0x39,0xc6,0x39,0xc6,0x39,
    0x07,0x42,0xe7,0x39,0xc7,0x39,0xc7,0x39,0xc7,0x39,0x07,0x42,0xe7,0x39,0xc6,0x39,
    0xc6,0x39,0xc6,0x39,0xe7,0x39,0xe7,0x39,0xa6,0x31,0xa6,0x31,0x07,0x42,0x28,0x42,
    0x07,0x42,0xe7,0x39,0x08,0x42,0x07,0x42,0x07,0x42,0xe7,0x39,0x07,0x42,0x07,0x42,
    0xc7,0x39,0xe7,0x39,0xe7,0x39,0xc7,0x39,0xc6,0x39,0xa6,0x31,0xa6,0x31,0xc7,0x39,
    0xc6,0x39,0xa6,0x31,0xe7,0x39,0xe7,0x39,0xe7,0x39,0xc7,0x39,0xc7,0x39,0x69,0x4a,
    0x8a,0x52,0x49,0x4a,0x49,0x4a,0x49,0x4a,0xe7,0x39,0xe7,0x39,0xe7,0x39,0xe7,0x39,
    0xe7,0x39,0xa6,0x31,0xa6,0x31,0xc7,0x39,0x08,0x42,0x28,0x42,0xe7,0x39,0xc7,0x39,
    0xa6,0x31,0xa6,0x31,0xc7,0x39,0xc7,0x39,0xc6,0x39,0xa6,0x31,0xa6,0x31,0xa6,0x31,
    0x85,0x31,0x85,0x31,0x85,0x31,0x85,0x31,0x85,0x31,0x85,0x31,0xc6,0x39,0xa9,0x52,
    0xeb,0x5a,0xca,0x5a,0x89,0x52,0x07,0x42,0xa6,0x31,0xa6,0x31,0xa6,0x31,0xa6,0x31,
    0xa6,0x31,0xc6,0x39,0xc6,0x39,0x07,0x42,0x28,0x42,0xe7,0x39,0xc6,0x39,0xc6,0x39,
    0x65,0x31,0xa6,0x39,0xc6,0x39,0xc6,0x39,0xc6,0x39,0xa6,0x31,0xc6,0x39,0xc6,0x39,
    0xc6,0x39,0xc6,0x39,0xc6,0x39,0xa6,0x39,0xc6,0x39,0xc6,0x39,0xa6,0x31,0xa6,0x31,
    0xa6,0x31,0xa6,0x31,0xc6,0x39,0xc6,0x39,0x85,0x31,0x85,0x31,0xc6,0x39,0xc6,0x39,
    0xe7,0x39,0xc6,0x39,0xc6,0x39,0xa6,0x39,0xa6,0x31,0xe7,0x39,0x28,0x42,0xe7,0x39,
    0xc6,0x39,0xc6,0x39,0xc6,0x39,0xc6,0x39,0xa6,0x39,0xc6,0x39,0xe7,0x39,0x07,0x42,
    0xe7,0x41,0xc6,0x39,0xc6,0x39,0xe6,0x39,0x07,0x42,0x07,0x42,0x28,0x42,0xca,0x52,
    0xca,0x52,0x69,0x4a,0x07,0x42,0x07,0x42,0xc6,0x39,0xc6,0x39,0xc6,0x39,0x07,0x42,
    0x07,0x42,0x07,0x42,0x28,0x42,0x07,0x42,0xe7,0x39,0x48,0x4a,0x48,0x4a,0xc6,0x39,
    0xc6,0x39,0xa6,0x39,0xa6,0x31,0xc6,0x39,0xe7,0x39,0xc6,0x39,0xe7,0x39,0x07,0x42,
    0xc6,0x31,0x86,0x31,0xcb,0x5a,0x34,0xa5,0xdb,0xde,0x7d,0xef,0x7d,0xef,0x3c,0xe7,
    0x5d,0xef,0x5d,0xef,0x5d,0xe7,0x5d,0xe7,0x3d,0xe7,0x3c,0xe7,0x1c,0xe7,0x1c,0xe7,
    0x1c,0xe7,0x1b,0xe7,0xfb,0xde,0xdb,0xde,0xdb,0xde,0xba,0xd6,0xba,0xd6,0x9a,0xd6,
    0x9a,0xd6,0x99,0xd6,0x79,0xd6,0x79,0xd6,0x79,0xd6,0x79,0xd6,0x79,0xd6,0x79,0xd6,
    0x99,0xd6,0x9a,0xd6,0x9a,0xd6,0x9a,0xd6,0xba,0xd6,0xba,0xd6,0xdb,0xde,0xdb,0xde,
    0xfb,0xde,0xfb,0xe6,0x1c,0xe7,0x1c,0xe7,0x3c,0xe7,0x3d,0xe7,0x5d,0xef,0x7e,0xef,
    0x9e,0xef,0x9e,0xf7,0xbf,0xf7,0xdf,0xff,0x5d,0xef,0xb6,0xb5,0xeb,0x5a,0x65,0x29,
    0xa6,0x31,0xe7,0x39,0xe7,0x39,0xc7,0x39,0xc7,0x39,0x08,0x42,0xe7,0x39,0xc7,0x39,
    0x08,0x42,0xe7,0x39,0xc7,0x39,0xc7,0x39,0xa6,0x31,0xa6,0x31,0xc6,0x39,0xe7,0x39,
    0x07,0x3a,0x08,0x42,0x28,0x42,0xe7,0x39,0x08,0x42,0x49,0x4a,0xe7,0x39,0xc7,0x39,
    0xc7,0x39,0xe7,0x39,0x08,0x42,0xe7,0x39,0x08,0x42,0x08,0x42,0x08,0x42,0xe7,0x39,
    0xc7,0x39,0x08,0x42,0xe7,0x39,0x86,0x31,0xa6,0x31,0xa6,0x31,0xa6,0x31,0xc7,0x39,
    0xa6,0x31,0x86,0x31,0xc7,0x39,0xc6,0x39,0xa6,0x31,0xa6,0x31,0xe7,0x39,0xc7,0x39,
    0xc6,0x39,0xc6,0x39,0xc6,0x39,0xa6,0x31,0xa6,0x31,0xa6,0x31,0xc6,0x39,0xe7,0x39,
    0xc6,0x39,0xc7,0x39,0xc7,0x39,0x07,0x42,0x08,0x42,0xe7,0x39,0x07,0x42,0xe7,0x39,
    0xe7,0x39,0xe7,0x39,0xe7,0x39,0xe7,0x39,0xa6,0x31,0x86,0x31,0xa6,0x31,0xc6,0x39,
    0xc7,0x39,0xc7,0x39,0xc7,0x39,0x07,0x42,0xa6,0x31,0x86,0x31,0xa6,0x31,0xa6,0x31,
    0xc7,0x39,0xc7,0x39,0xc7,0x39,0x69,0x4a,0x69,0x4a,0x28,0x42,0x28,0x42,0x08,0x42,
    0xc7,0x39,0xa6,0x31,0xc7,0x39,0xc7,0x39,0xc7,0x39,0xc7,0x39,0xc7,0x39,0xc7,0x39,
    0x08,0x42,0x28,0x42,0x08,0x42,0xe7,0x39,0xc7,0x39,0xc7,0x39,0xc7,0x39,0xc7,0x39,
    0xc6,0x39,0xa6,0x39,0xc6,0x39,0xc6,0x39,0xa6,0x31,0xa6,0x39,0x85,0x31,0x65,0x31,
    0x85,0x31,0xa5,0x31,0xa6,0x31,0xa6,0x31,0x28,0x42,0xca,0x5a,0x2b,0x63,0xeb,0x5a,
    0x69,0x4a,0x07,0x42,0xe7,0x39,0xa6,0x31,0x85,0x31,0xa6,0x39,0xa6,0x39,0x07,0x42,
    0x28,0x42,0xc6,0x39,0xc6,0x39,0xa6,0x39,0x65,0x29,0xa6,0x31,0xe7,0x39,0xc6,0x39,
    0xa6,0x39,0xa6,0x31,0x85,0x31,0xa6,0x39,0xc6,0x39,0xa6,0x31,0xa6,0x39,0xa6,0x31,
    0xc6,0x39,0xe7,0x39,0xc6,0x39,0xa6,0x31,0xa6,0x39,0xc6,0x39,0xe7,0x39,0xc6,0x39,
    0x85,0x31,0x85,0x31,0xc6,0x39,0xc6,0x39,0xc6,0x39,0xa6,0x31,0xa6,0x39,0xa6,0x31,
    0xa6,0x31,0xa6,0x39,0xe7,0x39,0xc6,0x39,0xe7,0x41,0xe7,0x39,0xc6,0x39,0xc6,0x39,
    0xe7,0x39,0x07,0x42,0x07,0x42,0x48,0x4a,0x28,0x4a,0x07,0x42,0x07,0x3a,0xe7,0x39,
    0x68,0x4a,0x89,0x52,0x69,0x4a,0x69,0x4a,0x48,0x4a,0x69,0x4a,0x28,0x42,0x07,0x42,
    0xc7,0x39,0xc6,0x39,0xc6,0x39,0xe7,0x41,0xe7,0x41,0xe7,0x41,0x28,0x42,0x28,0x42,
    0x28,0x42,0xe7,0x39,0x07,0x42,0xc6,0x39,0xa6,0x39,0xc6,0x39,0xc6,0x39,0xe7,0x39,
    0xc6,0x39,0xc6,0x39,0xe7,0x39,0x85,0x31,0x28,0x42,0x92,0x94,0xdb,0xde,0x5d,0xef,
    0x5d,0xef,0x3d,0xe7,0x5d,0xef,0x5d,0xef,0x3d,0xe7,0x3d,0xe7,0x3c,0xe7,0x1c,0xe7,
    0x1c,0xe7,0xfb,0xde,0xfb,0xde,0xdb,0xde,0xdb,0xde,0xda,0xde,0xba,0xd6,0x79,0xd6,
    0x58,0xce,0x38,0xce,0x17,0xce,0x17,0xc6,0xd6,0xc5,0xd5,0xbd,0xb5,0xbd,0xb5,0xbd,
    0x94,0xbd,0x74,0xbd,0x94,0xbd,0x94,0xbd,0x95,0xbd,0xb5,0xc5,0xd6,0xc5,0xf6,0xc5,
    0x17,0xce,0x58,0xce,0x78,0xd6,0x79,0xd6,0x9a,0xd6,0xba,0xde,0xda,0xde,0xdb,0xde,
    0xfb,0xde,0xfc,0xde,0x1c,0xe7,0x3d,0xe7,0x5d,0xef,0x7d,0xef,0x7e,0xef,0x9e,0xf7,
    0x9e,0xf7,0xdf,0xff,0x5d,0xef,0x34,0xa5,0x08,0x42,0x86,0x31,0x49,0x4a,0x08,0x42,
    0xe7,0x39,0xaa,0x52,0x8a,0x52,0x08,0x42,0x8a,0x52,0x49,0x4a,0xc7,0x39,0xc7,0x39,
    0xc6,0x39,0xa6,0x31,0xa6,0x31,0xc6,0x39,0xc7,0x39,0xc7,0x39,0xe7,0x39,0xc7,0x39,
    0xa6,0x31,0xa6,0x31,0xc7,0x39,0xc7,0x39,0xc7,0x39,0xc7,0x39,0xc7,0x39,0xa6,0x31,
    0xc7,0x39,0x28,0x42,0x69,0x4a,0xe7,0x39,0xa6,0x31,0xe7,0x39,0xc7,0x39,0x86,0x31,
    0xc7,0x39,0xc7,0x39,0xa6,0x31,0xa6,0x31,0x86,0x31,0xa6,0x31,0xc7,0x39,0x28,0x42,
    0x07,0x42,0xa6,0x31,0xc7,0x39,0xe7,0x39,0xc7,0x39,0xa6,0x31,0xc6,0x39,0xc6,0x39,
    0xe7,0x39,0xa6,0x31,0xa6,0x31,0xc7,0x39,0xe7,0x39,0xc7,0x39,0xc6,0x39,0xe7,0x39,
    0xe7,0x39,0xc7,0x39,0x07,0x42,0x07,0x42,0xe7,0x39,0x07,0x42,0xc7,0x39,0xc6,0x39,
    0xa6,0x31,0xa6,0x31,0xc7,0x39,0xc6,0x39,0xa6,0x39,0xc6,0x39,0xc6,0x39,0xc7,0x39,
    0xa6,0x31,0xa6,0x31,0xc7,0x39,0xc7,0x39,0x07,0x3a,0x49,0x42,0x28,0x42,0x28,0x42,
    0x08,0x42,0x08,0x42,0x69,0x4a,0x49,0x4a,0xe7,0x39,0xc7,0x39,0xa6,0x31,0xa6,0x31,
    0xc7,0x39,0x08,0x42,0x08,0x42,0xc7,0x39,0xc7,0x39,0xc7,0x39,0xe7,0x39,0xe7,0x39,
    0xe7,0x39,0xe7,0x39,0xc7,0x39,0xa6,0x31,0xc6,0x39,0xa6,0x31,0xc6,0x39,0xe7,0x39,
    0xc6,0x39,0xa6,0x31,0x85,0x31,0x85,0x31,0x85,0x31,0x85,0x31,0xa5,0x31,0xa6,0x31,
    0xa5,0x31,0xe6,0x39,0x48,0x42,0x89,0x52,0xeb,0x5a,0xca,0x5a,0xaa,0x52,0xe7,0x39,
    0xc6,0x39,0xe7,0x39,0xa6,0x31,0xc6,0x39,0xe7,0x41,0xc6,0x39,0xc6,0x39,0xa6,0x31,
    0xa6,0x31,0xc6,0x39,0x07,0x42,0xc6,0x39,0xa6,0x31,0xc6,0x39,0x85,0x31,0xa6,0x39,
    0xa6,0x31,0xa6,0x31,0xc6,0x39,0xa6,0x39,0xe7,0x39,0x28,0x42,0xe7,0x39,0xa6,0x39,
    0xe7,0x39,0xe7,0x39,0xc6,0x39,0xc6,0x39,0xa6,0x31,0x85,0x31,0xa6,0x39,0xc6,0x39,
    0xc6,0x39,0xa6,0x31,0xa6,0x31,0xc6,0x39,0xc6,0x39,0xc6,0x39,0xc6,0x39,0xc6,0x39,
    0xe7,0x39,0xc6,0x39,0xc6,0x39,0xe7,0x39,0xc6,0x39,0x07,0x42,0x07,0x42,0x48,0x4a,
    0x89,0x52,0x48,0x4a,0x07,0x42,0xe6,0x39,0x48,0x4a,0xaa,0x52,0x07,0x42,0xc6,0x39,
    0xe7,0x39,0x07,0x42,0xa9,0x52,0x28,0x42,0x08,0x42,0xe7,0x39,0xc6,0x39,0xe7,0x39,
    0x08,0x42,0xe7,0x39,0xe7,0x39,0x08,0x42,0x07,0x42,0xa6,0x39,0xc6,0x39,0xc6,0x39,
    0xc6,0x39,0xe7,0x39,0xc6,0x39,0xa6,0x39,0xe7,0x41,0x85,0x31,0xa6,0x31,0xae,0x73,
    0x58,0xce,0x7d,0xef,0x5d,0xef,0x3c,0xe7,0x3d,0xe7,0x5d,0xef,0x3d,0xe7,0x1d,0xe7,
    0x3d,0xe7,0x1c,0xe7,0x1c,0xe7,0xfb,0xde,0xfb,0xde,0xdb,0xde,0xba,0xd6,0x99,0xd6,
    0x79,0xce,0x38,0xce,0xf7,0xc5,0xb6,0xc5,0x95,0xbd,0x54,0xb5,0x33,0xb5,0x12,0xad,
    0xf1,0xac,0xd0,0xa4,0xb0,0xa4,0xaf,0xa4,0x8f,0xa4,0x6f,0x9c,0x6f,0x9c,0x6f,0x9c,
    0x8f,0xa4,0xb0,0xa4,0xb0,0xa4,0xd0,0xa4,0xf1,0xac,0x12,0xb5,0x53,0xb5,0xb6,0xbd,
    0xf7,0xc5,0x38,0xce,0x79,0xd6,0x9a,0xd6,0xba,0xd6,0xdb,0xde,0xfb,0xde,0x1c,0xdf,
    0x1c,0xe7,0x3c,0xe7,0x5d,0xef,0x7d,0xef,0x7e,0xef,0x9e,0xf7,0x9e,0xf7,0xdf,0xff,
    0xdb,0xde,0x50,0x84,0x28,0x42,0xe7,0x39,0x08,0x42,0xaa,0x52,0x8a,0x52,0x28,0x42,
    0x69,0x4a,0x28,0x42,0xe7,0x39,0xa6,0x31,0xa6,0x31,0xc6,0x39,0xc6,0x39,0xe7,0x39,
    0x08,0x42,0xc7,0x39,0x86,0x31,0xa6,0x31,0xc7,0x39,0xa6,0x31,0xa6,0x31,0xc7,0x39,
    0xe7,0x39,0xc7,0x39,0xa6,0x31,0xc7,0x39,0xc7,0x39,0xc7,0x39,0xe7,0x39,0xc7,0x39,
    0xa6,0x31,0xa6,0x31,0xa6,0x31,0xa6,0x31,0xe7,0x39,0xc7,0x39,0xc7,0x39,0x86,0x31,
    0x86,0x31,0xc7,0x39,0x07,0x42,0x69,0x4a,0x48,0x4a,0xe7,0x39,0xc6,0x39,0xe7,0x39,
    0xc7,0x39,0xa6,0x31,0xe7,0x39,0xe7,0x39,0xe7,0x39,0xc6,0x39,0xa6,0x31,0xa6,0x31,
    0xc6,0x39,0xc7,0x39,0xc6,0x39,0xe7,0x39,0xe7,0x39,0xc6,0x39,0xe7,0x39,0x28,0x42,
    0x28,0x42,0xe7,0x39,0xc6,0x39,0xc6,0x39,0xa6,0x31,0xa6,0x31,0xe7,0x39,0xa6,0x31,
    0x86,0x31,0xa6,0x31,0xa6,0x31,0xa6,0x31,0xa6,0x31,0x86,0x31,0xa6,0x31,0xe7,0x39,
    0x08,0x42,0x28,0x42,0x08,0x42,0xe7,0x39,0x08,0x42,0x28,0x42,0x49,0x4a,0xe7,0x39,
    0xa6,0x31,0xa6,0x31,0xc7,0x39,0xc7,0x39,0xe7,0x39,0xe7,0x39,0xe7,0x39,0xc7,0x39,
    0xc7,0x39,0xc7,0x39,0xc7,0x39,0xc7,0x39,0xe7,0x39,0xe7,0x39,0xc7,0x39,0xa6,0x31,
    0xa6,0x39,0xc6,0x39,0xc6,0x39,0xe7,0x39,0xe7,0x39,0xc6,0x39,0xa6,0x31,0x85,0x31,
    0x85,0x31,0x85,0x31,0x85,0x31,0x85,0x31,0x85,0x31,0x85,0x31,0xa5,0x31,0xa6,0x31,
    0x07,0x42,0x89,0x52,0xca,0x5a,0x48,0x4a,0xe7,0x39,0x07,0x42,0xa6,0x31,0x85,0x31,
    0xc6,0x39,0x07,0x42,0xe7,0x39,0xe7,0x39,0xe7,0x39,0xc6,0x39,0xe7,0x39,0xe7,0x39,
    0xa6,0x31,0xa6,0x31,0x85,0x31,0x85,0x31,0xa6,0x39,0xc6,0x39,0xc6,0x39,0xa6,0x31,
    0xc6,0x39,0xe7,0x39,0xe7,0x39,0xe7,0x39,0x07,0x42,0xc6,0x39,0xc6,0x39,0xc6,0x39,
    0xa6,0x39,0x85,0x31,0x65,0x31,0xa6,0x39,0xe7,0x39,0xc6,0x39,0xa6,0x31,0xa6,0x31,
    0xc6,0x39,0xc6,0x39,0xc6,0x39,0xc6,0x39,0xa6,0x39,0xc6,0x39,0xe7,0x41,0x07,0x42,
    0xe7,0x39,0xe7,0x39,0xe7,0x39,0x28,0x42,0x8a,0x52,0x89,0x52,0xe7,0x41,0xa6,0x31,
    0xc6,0x39,0xe7,0x39,0xc6,0x39,0xc6,0x39,0x07,0x42,0xe7,0x39,0x08,0x42,0x28,0x42,
    0x07,0x42,0x07,0x42,0xc6,0x39,0xe7,0x39,0x07,0x42,0xe7,0x41,0x69,0x4a,0x07,0x42,
    0xc6,0x39,0xe7,0x39,0xc7,0x39,0xa6,0x31,0xe7,0x39,0xe7,0x39,0x07,0x42,0xe7,0x39,
    0x85,0x31,0x49,0x4a,0x34,0xa5,0x3c,0xe7,0x5d,0xef,0x3c,0xe7,0x3d,0xe7,0x3d,0xe7,
    0x3d,0xef,0x3c,0xe7,0x1c,0xe7,0x1c,0xe7,0x1c,0xdf,0xfc,0xde,0xdb,0xde,0xba,0xd6,
    0x99,0xd6,0x58,0xce,0x17,0xce,0xf6,0xc5,0xb5,0xbd,0x53,0xb5,0x12,0xad,0xd0,0xac,
    0x6f,0xa4,0x2e,0x9c,0xed,0x93,0xcc,0x8b,0x8b,0x83,0x6a,0x83,0x6a,0x83,0x6a,0x83,
    0x6a,0x83,0x4a,0x83,0x4a,0x83,0x4a,0x83,0x6a,0x83,0x8b,0x8b,0xab,0x8b,0xcc,0x93,
    0xec,0x93,0x0d,0x9c,0x4e,0x9c,0x8f,0xa4,0xd0,0xac,0x32,0xb5,0x74,0xbd,0xb5,0xc5,
    0x17,0xce,0x78,0xd6,0x9a,0xd6,0xbb,0xd6,0xdb,0xde,0xfb,0xde,0x1c,0xe7,0x3d,0xe7,
    0x3d,0xe7,0x7e,0xef,0x7e,0xef,0x7d,0xef,0xbe,0xf7,0x9e,0xef,0xd7,0xb5,0xab,0x52,
    0xc7,0x39,0xc7,0x39,0xc7,0x39,0x07,0x42,0x48,0x4a,0xe7,0x39,0xc7,0x39,0xc7,0x31,
    0xc7,0x39,0x08,0x42,0xe7,0x39,0xe7,0x39,0x28,0x42,0xe7,0x39,0xa6,0x31,0xc7,0x39,
    0x08,0x42,0xc7,0x39,0xe7,0x39,0x08,0x42,0xe7,0x39,0xe7,0x39,0xe7,0x39,0xe7,0x39,
    0xc7,0x39,0xa6,0x31,0xc7,0x39,0xe7,0x39,0xe7,0x39,0xa6,0x31,0xc7,0x39,0xc7,0x39,
    0xc6,0x39,0xc7,0x39,0xc6,0x39,0xa6,0x31,0xa6,0x31,0xa6,0x31,0x07,0x42,0x49,0x4a,
    0xe7,0x39,0xc7,0x39,0xc7,0x39,0xc7,0x39,0xc7,0x39,0xa6,0x31,0xc7,0x39,0xe7,0x39,
    0xe7,0x39,0xc6,0x39,0xa6,0x31,0x86,0x31,0xa6,0x31,0xa6,0x31,0xe7,0x39,0xe7,0x39,
    0xe7,0x39,0xe7,0x39,0x07,0x42,0x07,0x42,0x08,0x42,0xe7,0x39,0xe7,0x39,0xe7,0x39,
    0xc7,0x39,0xc7,0x39,0xc6,0x39,0xa6,0x31,0xc6,0x39,0xe7,0x39,0xe7,0x39,0xc6,0x39,
    0xc7,0x39,0xa6,0x31,0xa6,0x31,0xe7,0x39,0x08,0x42,0xe7,0x39,0xa6,0x31,0xa6,0x31,
    0xe7,0x39,0x28,0x42,0x08,0x42,0xe7,0x39,0xa6,0x31,0xa6,0x31,0xc7,0x39,0x08,0x42,
    0xe7,0x39,0xc7,0x39,0xc7,0x39,0xc7,0x39,0xc7,0x39,0xc7,0x39,0xe7,0x39,0x49,0x4a,
    0x08,0x42,0xe7,0x39,0xc7,0x39,0xc7,0x39,0xa6,0x31,0xc6,0x39,0x85,0x31,0xa6,0x31,
    0xc6,0x39,0xc6,0x39,0xa6,0x31,0xa6,0x31,0xa6,0x31,0xa6,0x31,0xa6,0x31,0x85,0x31,
    0x85,0x31,0x65,0x31,0x86,0x31,0xa6,0x31,0xc6,0x39,0xe7,0x39,0x28,0x42,0xe7,0x39,
    0xc6,0x39,0x07,0x42,0xe7,0x39,0xa6,0x31,0x85,0x31,0xa6,0x39,0xc6,0x39,0xc6,0x39,
    0xc6,0x39,0xe7,0x39,0xc6,0x39,0xa6,0x31,0x85,0x31,0xa6,0x31,0xa6,0x39,0xa6,0x31,
    0xc6,0x39,0xe7,0x39,0xc6,0x39,0xa6,0x39,0xa6,0x31,0xa6,0x31,0xc6,0x39,0xc6,0x39,
    0xa6,0x31,0xe7,0x39,0xe7,0x41,0xc6,0x39,0x85,0x31,0x85,0x31,0x85,0x31,0xa6,0x31,
    0xa6,0x31,0xe7,0x39,0xe7,0x39,0xc6,0x39,0xa6,0x31,0xa6,0x39,0xc6,0x39,0xc6,0x39,
    0xc6,0x39,0xc6,0x39,0xc6,0x39,0xe7,0x39,0x07,0x3a,0xe6,0x39,0xe7,0x39,0x28,0x42,
    0x89,0x52,0x68,0x4a,0xe7,0x41,0xe7,0x41,0x07,0x42,0x07,0x42,0xa6,0x31,0xa6,0x39,
    0x07,0x42,0xe7,0x41,0xc6,0x39,0xc6,0x39,0xc6,0x39,0xe7,0x39,0xc6,0x39,0xe7,0x41,
    0xc6,0x39,0xe7,0x39,0x69,0x4a,0x28,0x42,0xe7,0x39,0xe7,0x39,0x07,0x42,0xe7,0x39,
    0xc7,0x39,0xe7,0x39,0xe7,0x39,0x85,0x31,0x8e,0x73,0x79,0xce,0x7d,0xef,0x3d,0xe7,
    0x3d,0xe7,0x5d,0xef,0x3d,0xe7,0x3d,0xe7,0x1c,0xe7,0x1c,0xe7,0xfb,0xde,0xfb,0xde,
    0xdb,0xde,0xba,0xd6,0x79,0xd6,0x38,0xce,0xf6,0xc5,0x94,0xbd,0x33,0xb5,0xd1,0xac,
    0x4f,0x9c,0xed,0x93,0xac,0x8b,0x4a,0x83,0x29,0x7b,0xe8,0x72,0xc8,0x72,0xa7,0x6a,
    0xa7,0x6a,0xa7,0x6a,0xa7,0x6a,0xa7,0x6a,0xa7,0x6a,0xa7,0x6a,0xa7,0x72,0xa7,0x72,
    0xc7,0x72,0xc8,0x72,0xe8,0x72,0xe8,0x72,0x08,0x7b,0x29,0x7b,0x69,0x83,0xaa,0x8b,
    0xcb,0x8b,0x0d,0x94,0x4e,0x9c,0x8f,0xa4,0xf1,0xac,0x73,0xbd,0xd6,0xc5,0x38,0xce,
    0x79,0xd6,0xba,0xde,0xdb,0xde,0xfb,0xde,0x1c,0xe7,0x3d,0xe7,0x5d,0xef,0x7d,0xef,
    0x7e,0xef,0x9e,0xef,0xdf,0xff,0xfc,0xde,0xf0,0x7b,0x86,0x31,0xc7,0x39,0x07,0x42,
    0xe7,0x39,0xe7,0x39,0xe7,0x39,0xe7,0x39,0xe7,0x39,0x08,0x42,0xc7,0x39,0xc7,0x39,
    0xc7,0x39,0xa6,0x31,0xc7,0x39,0xe7,0x39,0xe7,0x39,0xc7,0x39,0xc6,0x39,0xe7,0x39,
    0xc7,0x39,0xe7,0x39,0x08,0x42,0x08,0x42,0xc7,0x39,0xc7,0x39,0x08,0x42,0x28,0x42,
    0x08,0x42,0xc7,0x39,0xe7,0x39,0xc7,0x39,0xa6,0x31,0xa6,0x31,0xa6,0x31,0xc6,0x39,
    0xe7,0x39,0xe7,0x39,0xc7,0x39,0xe7,0x39,0xe7,0x39,0xe7,0x39,0x08,0x42,0x08,0x42,
    0xe7,0x39,0xc7,0x39,0xc7,0x39,0xc7,0x39,0xc7,0x39,0xc6,0x39,0xc6,0x39,0xc6,0x39,
    0xa6,0x31,0xc7,0x39,0xe7,0x39,0x07,0x42,0x28,0x42,0xe7,0x39,0x07,0x42,0x07,0x42,
    0x07,0x42,0xc7,0x39,0xe7,0x39,0xe7,0x39,0xc7,0x39,0xe7,0x39,0xc6,0x39,0xa6,0x31,
    0xc7,0x39,0x28,0x42,0x07,0x42,0xc7,0x39,0xc7,0x39,0xa6,0x31,0xa6,0x31,0xe7,0x39,
    0xe7,0x39,0xe7,0x39,0xa6,0x31,0xa6,0x31,0xe7,0x39,0x69,0x4a,0x28,0x42,0x49,0x4a,
    0x28,0x42,0xc7,0x39,0xa6,0x31,0xe7,0x39,0xe7,0x39,0xc7,0x39,0xc7,0x39,0xc7,0x39,
    0xc7,0x39,0xe7,0x39,0x08,0x42,0x49,0x4a,0x08,0x42,0xc7,0x39,0xc7,0x39,0xc7,0x39,
    0xc6,0x39,0xc6,0x39,0xc6,0x39,0xa6,0x31,0xa6,0x31,0xa6,0x31,0xa6,0x31,0xa6,0x31,
    0xc6,0x39,0xc6,0x39,0xa6,0x31,0xa6,0x31,0xa6,0x31,0xa6,0x31,0xa6,0x39,0xc6,0x39,
    0xe7,0x39,0xa6,0x39,0xc6,0x39,0xa6,0x31,0xa6,0x39,0xe7,0x39,0xe7,0x39,0xc6,0x39,
    0xa6,0x31,0xc6,0x39,0xe7,0x39,0xc6,0x39,0xc6,0x39,0xc6,0x39,0xc6,0x39,0xc6,0x39,
    0x85,0x31,0x85,0x31,0xa6,0x31,0xc6,0x39,0xc6,0x39,0xc6,0x39,0xc6,0x39,0x85,0x31,
    0xc6,0x39,0xc6,0x39,0xc6,0x39,0xe7,0x39,0xc6,0x39,0xc6,0x39,0xc6,0x39,0x85,0x31,
    0x85,0x31,0xc6,0x39,0xc6,0x39,0xa6,0x31,0x65,0x29,0xc6,0x39,0x07,0x42,0xe7,0x39,
    0xc6,0x39,0xa6,0x39,0xc6,0x39,0xe7,0x39,0xc6,0x39,0xe7,0x39,0x28,0x42,0xe7,0x39,
    0x07,0x42,0xe7,0x39,0xc6,0x39,0xe7,0x39,0x07,0x42,0x28,0x42,0x28,0x42,0x07,0x42,
    0x07,0x42,0x07,0x42,0xe7,0x39,0xe7,0x39,0x07,0x42,0x28,0x4a,0xe7,0x39,0xc6,0x39,
    0xc6,0x39,0xe7,0x39,0xc6,0x39,0xe7,0x39,0xc6,0x39,0xe7,0x39,0x07,0x42,0x07,0x42,
    0x07,0x42,0x28,0x42,0x28,0x4a,0x08,0x42,0x28,0x42,0xa6,0x31,0xc7,0x39,0xb2,0x94,
    0xfb,0xde,0x5d,0xef,0x3c,0xe7,0x5d,0xef,0x5d,0xef,0x3d,0xef,0x3d,0xe7,0x1d,0xe7,
    0x1c,0xe7,0xfb,0xde,0xdb,0xde,0xba,0xd6,0x79,0xce,0x17,0xce,0xd6,0xc5,0x74,0xb5,
    0xf2,0xac,0x6f,0x9c,0xed,0x8b,0x6b,0x83,0x09,0x73,0xc8,0x72,0xa7,0x6a,0x87,0x6a,
    0x87,0x62,0x87,0x62,0x87,0x6a,0x87,0x62,0x67,0x62,0x67,0x62,0x87,0x62,0x87,0x62,
    0x67,0x62,0x87,0x62,0x87,0x6a,0x87,0x6a,0xa7,0x6a,0x87,0x6a,0xa7,0x6a,0xc7,0x72,
    0xc7,0x72,0xc7,0x72,0xc7,0x72,0xc7,0x72,0x08,0x7b,0x29,0x7b,0x6a,0x83,0xab,0x8b,
    0x0c,0x94,0x4e,0x9c,0xb0,0xa4,0x12,0xb5,0x94,0xbd,0x17,0xce,0x78,0xd6,0xba,0xd6,
    0xdb,0xd6,0xfc,0xde,0x1c,0xe7,0x3d,0xe7,0x5d,0xef,0x9e,0xef,0x9e,0xef,0xbf,0xf7,
    0x9e,0xf7,0xf4,0x9c,0x08,0x42,0xc7,0x39,0xe7,0x39,0xc6,0x39,0xe7,0x39,0xe7,0x39,
    0xa6,0x31,0xe7,0x39,0xa6,0x31,0xc7,0x39,0xe7,0x39,0xc7,0x39,0xc7,0x39,0xa6,0x31,
    0xa6,0x31,0xc7,0x39,0xc7,0x39,0xc7,0x39,0xc7,0x39,0x08,0x42,0x28,0x42,0x28,0x42,
    0x08,0x42,0x49,0x4a,0x8a,0x52,0x29,0x42,0xe7,0x39,0xe7,0x39,0xc7,0x31,0x86,0x31,
    0xa6,0x31,0xc6,0x39,0x86,0x31,0xa6,0x31,0xe7,0x39,0x08,0x42,0xa6,0x31,0xc7,0x39,
    0x28,0x42,0x08,0x42,0x08,0x42,0xe7,0x39,0xe7,0x39,0xe7,0x39,0xe7,0x39,0xe7,0x39,
    0xa6,0x31,0xa6,0x31,0xe7,0x39,0xe7,0x39,0xa6,0x31,0xc6,0x39,0xe7,0x39,0x08,0x42,
    0x69,0x4a,0xe7,0x39,0xa6,0x31,0xc7,0x39,0xe7,0x39,0xc7,0x39,0xc7,0x39,0xc7,0x39,
    0xe7,0x39,0x07,0x42,0xc6,0x39,0x86,0x31,0xa6,0x31,0x07,0x42,0xe7,0x39,0xa6,0x31,
    0xc6,0x39,0xc6,0x39,0xa6,0x31,0xa6,0x31,0xc6,0x39,0xa6,0x31,0xc7,0x39,0xa6,0x31,
    0xa6,0x31,0x28,0x42,0xe7,0x39,0xe7,0x39,0xc7,0x39,0xa6,0x31,0x86,0x31,0x86,0x31,
    0xa6,0x31,0xe7,0x39,0xc7,0x39,0xc7,0x39,0xe7,0x39,0xc7,0x39,0xe7,0x39,0xe7,0x39,
    0xc7,0x39,0xc7,0x39,0xa6,0x31,0xa6,0x31,0xe7,0x39,0xc6,0x39,0xe7,0x39,0xe7,0x39,
    0xa6,0x31,0xa6,0x31,0xa6,0x39,0xc6,0x39,0xc6,0x39,0xe7,0x39,0xa6,0x31,0xa6,0x31,
    0xc6,0x39,0x28,0x42,0xe7,0x39,0xc6,0x39,0xc6,0x39,0xa6,0x31,0xa6,0x31,0xa6,0x31,
    0x85,0x31,0x85,0x31,0x85,0x31,0x85,0x31,0xa6,0x31,0xa6,0x39,0xc6,0x39,0xe7,0x41,
    0xe7,0x41,0xc6,0x39,0xa6,0x39,0x07,0x42,0xc6,0x39,0xa6,0x31,0xa6,0x31,0xa6,0x31,
    0xa6,0x39,0xa6,0x39,0xa6,0x31,0xa6,0x31,0xe7,0x39,0x07,0x42,0xc6,0x39,0xc6,0x39,
    0xe7,0x39,0xa6,0x31,0xa6,0x39,0xc6,0x39,0xc6,0x39,0xa6,0x31,0xc6,0x39,0xe7,0x39,
    0xa6,0x31,0x85,0x31,0xa6,0x31,0xc6,0x39,0xc6,0x39,0xa6,0x31,0xa6,0x31,0xe7,0x39,
    0xc7,0x39,0xc6,0x39,0x69,0x4a,0x28,0x42,0x28,0x42,0xe7,0x39,0xe7,0x39,0xe7,0x39,
    0xe7,0x39,0x28,0x42,0x28,0x42,0xe7,0x39,0xe7,0x41,0x07,0x42,0x07,0x42,0xe7,0x39,
    0xe7,0x39,0x28,0x42,0x07,0x42,0xe7,0x39,0xe7,0x41,0xc6,0x39,0xc6,0x39,0xe7,0x39,
    0xe7,0x41,0x07,0x42,0xc6,0x39,0xe7,0x39,0x28,0x42,0xe7,0x39,0xe7,0x41,0x07,0x42,
    0x85,0x31,0x49,0x4a,0x95,0xb5,0x3c,0xe7,0x3c,0xe7,0x3c,0xe7,0x5d,0xef,0x3d,0xef,
    0x3d,0xe7,0x1d,0xe7,0xfc,0xe6,0xfc,0xde,0xdb,0xde,0xba,0xd6,0x79,0xd6,0x37,0xce,
    0xb5,0xbd,0x53,0xb5,0xb1,0xa4,0x0e,0x94,0x8c,0x83,0x2a,0x73,0xc8,0x6a,0x87,0x6a,
    0x66,0x62,0x67,0x62,0x66,0x62,0x66,0x62,0x46,0x5a,0x66,0x5a,0x66,0x5a,0x66,0x5a,
    0x46,0x5a,0x46,0x5a,0x47,0x5a,0x47,0x5a,0x46,0x5a,0x46,0x5a,0x46,0x5a,0x46,0x5a,
    0x67,0x62,0x67,0x62,0x66,0x62,0x66,0x62,0x66,0x62,0x87,0x62,0xa7,0x6a,0xa6,0x6a,
    0xa7,0x6a,0xa7,0x6a,0xc7,0x72,0xe8,0x72,0x28,0x7b,0x6a,0x83,0xcb,0x8b,0x2d,0x9c,
    0x8f,0xa4,0x11,0xad,0xb5,0xbd,0x37,0xce,0x79,0xd6,0xba,0xd6,0xfb,0xde,0x1c,0xe7,
    0x1c,0xe7,0x5d,0xe7,0x7e,0xef,0x9e,0xef,0x9e,0xef,0xdf,0xff,0xd7,0xb5,0x8a,0x52,
    0xa6,0x31,0xe7,0x39,0xa6,0x31,0x07,0x42,0xe7,0x39,0x08,0x42,0xc7,0x39,0xe7,0x39,
    0x08,0x42,0xe7,0x39,0xe7,0x39,0xe7,0x39,0xe7,0x39,0xc7,0x39,0xc7,0x39,0xe7,0x39,
    0xc7,0x39,0xc7,0x39,0x08,0x42,0xe7,0x39,0xe7,0x39,0x49,0x4a,0x69,0x4a,0x08,0x42,
    0x28,0x42,0x6a,0x4a,0xe8,0x39,0xa6,0x31,0xa6,0x31,0xc7,0x39,0x86,0x31,0x86,0x31,
    0xa6,0x31,0xa6,0x31,0xa6,0x31,0xa6,0x31,0x08,0x42,0xc7,0x39,0xa6,0x31,0xc7,0x39,
    0xc7,0x39,0xc7,0x39,0xe7,0x39,0xc7,0x39,0xa6,0x31,0xa6,0x31,0xc6,0x39,0xc7,0x39,
    0xa6,0x31,0xc6,0x39,0xe7,0x39,0x07,0x42,0x07,0x42,0xc7,0x39,0xc6,0x39,0xc7,0x39,
    0xc7,0x39,0xc6,0x39,0xc7,0x39,0xc6,0x39,0xe7,0x39,0xe7,0x39,0xc6,0x39,0xa6,0x31,
    0x86,0x31,0xc6,0x39,0xa6,0x31,0xa6,0x31,0xc6,0x39,0xe7,0x39,0xa6,0x31,0xc6,0x39,
    0xc6,0x39,0xa6,0x31,0xe7,0x39,0xc7,0x39,0x86,0x31,0xa6,0x31,0xe7,0x39,0xe7,0x39,
    0xa6,0x31,0xa6,0x31,0x86,0x31,0x86,0x31,0xa6,0x31,0xc7,0x39,0xc7,0x39,0xe7,0x39,
    0x08,0x42,0xc7,0x39,0xc7,0x39,0xa6,0x31,0xc7,0x39,0xc7,0x39,0xc7,0x39,0xc7,0x39,
    0xe7,0x39,0xa6,0x31,0xa6,0x39,0xc6,0x39,0xc6,0x39,0xc6,0x39,0xc6,0x39,0xc6,0x39,
    0xe7,0x39,0xe7,0x39,0xc6,0x39,0xc6,0x39,0xe7,0x39,0x89,0x52,0x07,0x42,0x85,0x31,
    0xa6,0x31,0xa6,0x31,0xa6,0x31,0xa6,0x39,0x85,0x31,0x85,0x31,0xa6,0x39,0x85,0x31,
    0xa6,0x31,0xa6,0x39,0xc6,0x39,0xc6,0x39,0x07,0x42,0x07,0x42,0xe7,0x39,0xc6,0x39,
    0xe7,0x39,0xc6,0x39,0xa6,0x31,0xa6,0x31,0xc6,0x39,0xa6,0x31,0xa6,0x31,0xc6,0x39,
    0xc6,0x39,0x07,0x42,0x28,0x42,0xc6,0x39,0xa6,0x39,0xa6,0x39,0xa6,0x39,0xc6,0x39,
    0xc6,0x39,0xc6,0x39,0xa6,0x31,0xe7,0x39,0xe7,0x39,0xc6,0x39,0x85,0x31,0xa6,0x39,
    0xc6,0x39,0xa6,0x39,0xa6,0x31,0xa6,0x31,0xa6,0x31,0xc6,0x39,0x69,0x4a,0x28,0x42,
    0x48,0x4a,0x28,0x42,0x07,0x42,0x08,0x42,0xe7,0x39,0x27,0x42,0x48,0x4a,0x48,0x4a,
    0x48,0x4a,0x07,0x42,0x07,0x42,0xe7,0x39,0xa6,0x39,0x07,0x42,0x08,0x42,0xe7,0x39,
    0xc6,0x39,0xa6,0x31,0xe7,0x39,0x07,0x42,0x07,0x42,0x48,0x4a,0xe7,0x39,0xc6,0x39,
    0xe7,0x39,0xc6,0x39,0x07,0x42,0x65,0x29,0xca,0x5a,0x38,0xc6,0x5d,0xef,0x3c,0xe7,
    0x3d,0xe7,0x5d,0xef,0x3d,0xe7,0x1d,0xe7,0x1c,0xe7,0xfc,0xe6,0xdb,0xde,0xbb,0xde,
    0x9a,0xd6,0x38,0xce,0xd6,0xc5,0x53,0xb5,0xb1,0xa4,0xed,0x93,0x6a,0x7b,0xe8,0x6a,
    0xa8,0x6a,0x87,0x62,0x67,0x62,0x46,0x5a,0x46,0x5a,0x46,0x5a,0x46,0x5a,0x46,0x5a,
    0x26,0x52,0x06,0x52,0xe5,0x51,0xc5,0x49,0xc5,0x41,0xa4,0x41,0xa4,0x41,0xa5,0x41,
    0x84,0x41,0x84,0x41,0x84,0x41,0x84,0x41,0xa5,0x41,0xe5,0x49,0x26,0x52,0x46,0x5a,
    0x46,0x5a,0x67,0x5a,0x67,0x62,0x67,0x62,0x87,0x62,0x87,0x62,0xa7,0x6a,0xa7,0x6a,
    0xc7,0x72,0xe7,0x72,0x08,0x7b,0x69,0x83,0xcb,0x8b,0x2d,0x94,0x8f,0xa4,0x12,0xad,
    0xb5,0xc5,0x37,0xce,0x99,0xd6,0xba,0xde,0xfb,0xde,0x1d,0xe7,0x3d,0xe7,0x7e,0xef,
    0x9e,0xf7,0x9e,0xef,0xdf,0xff,0x9a,0xd6,0x8a,0x52,0x65,0x29,0x08,0x42,0x08,0x42,
    0xe7,0x39,0x28,0x42,0xe7,0x39,0xc7,0x39,0xe7,0x39,0x08,0x42,0x28,0x42,0x28,0x42,
    0x08,0x42,0xe7,0x39,0xc7,0x39,0xe7,0x39,0xe7,0x39,0xa6,0x31,0xa6,0x31,0xa6,0x31,
    0xa6,0x31,0xc7,0x39,0xc7,0x39,0xc7,0x39,0x49,0x4a,0xab,0x52,0x08,0x3a,0xc7,0x39,
    0xa6,0x31,0xc7,0x39,0xc7,0x39,0xc7,0x39,0xa6,0x31,0x86,0x31,0xa6,0x31,0xa6,0x31,
    0xa6,0x31,0xa6,0x31,0xc7,0x39,0xc7,0x39,0xc7,0x39,0xc7,0x39,0xc7,0x39,0xc7,0x39,
    0xc7,0x39,0xc6,0x39,0xc6,0x39,0xc6,0x39,0xe7,0x39,0xe7,0x39,0x07,0x42,0xe7,0x39,
    0xa6,0x31,0xe7,0x39,0x07,0x42,0xe7,0x39,0xc6,0x39,0xa6,0x31,0xc6,0x39,0xa6,0x31,
    0xc7,0x39,0xe7,0x39,0xe7,0x39,0xe7,0x39,0xc6,0x39,0xa6,0x31,0xa6,0x31,0xa6,0x31,
    0xa6,0x31,0xa6,0x31,0xa6,0x31,0xe7,0x39,0xc7,0x39,0xa6,0x31,0xa6,0x31,0xa6,0x31,
    0xa6,0x31,0xa6,0x31,0xe7,0x39,0x08,0x42,0xc7,0x39,0xc7,0x39,0xc7,0x39,0xc7,0x39,
    0xc7,0x39,0xc7,0x39,0xe7,0x39,0xc7,0x39,0xc7,0x39,0xe7,0x39,0xe7,0x39,0xc7,0x39,
    0xc7,0x39,0xe7,0x39,0xc7,0x39,0xc7,0x39,0xc6,0x39,0xc6,0x39,0x85,0x31,0xa6,0x31,
    0xc6,0x39,0xa6,0x31,0xc6,0x39,0xc6,0x39,0xc6,0x39,0xc6,0x39,0xe7,0x39,0xc6,0x39,
    0xa6,0x31,0xc6,0x39,0xc6,0x39,0xa6,0x39,0x85,0x31,0xa6,0x31,0xa6,0x31,0x85,0x31,
    0x85,0x31,0xa6,0x31,0xc6,0x39,0xa6,0x39,0x85,0x31,0xa6,0x31,0xc6,0x39,0x85,0x31,
    0xc6,0x39,0xe7,0x39,0xe7,0x39,0xe7,0x39,0xc6,0x39,0xa6,0x39,0xa6,0x39,0xa6,0x31,
    0x85,0x31,0xa6,0x31,0xe7,0x39,0xe7,0x39,0xa6,0x31,0xc6,0x39,0x07,0x42,0xc6,0x39,
    0xa6,0x31,0xa6,0x31,0xa6,0x31,0xa6,0x31,0x85,0x31,0xa6,0x31,0xc6,0x39,0xa6,0x31,
    0xa6,0x31,0x07,0x42,0xe7,0x39,0xa6,0x39,0xa6,0x31,0xa6,0x31,0xa6,0x31,0xc7,0x39,
    0x08,0x42,0x28,0x42,0x08,0x42,0xc6,0x31,0x07,0x42,0x48,0x4a,0x8a,0x52,0x49,0x4a,
    0xc7,0x39,0x28,0x42,0x48,0x4a,0x48,0x4a,0x48,0x4a,0x48,0x4a,0x28,0x42,0xe7,0x39,
    0xc6,0x39,0xe7,0x41,0x08,0x42,0xe7,0x39,0xc6,0x39,0xa6,0x31,0xc6,0x39,0x07,0x42,
    0x28,0x42,0x07,0x42,0xe7,0x39,0xc6,0x39,0xa6,0x31,0xe6,0x39,0x85,0x31,0x2c,0x63,
    0x79,0xce,0x3c,0xe7,0x1c,0xe7,0x5d,0xef,0x3d,0xe7,0x3d,0xe7,0x3d,0xe7,0x1c,0xe7,
    0x1c,0xe7,0xfc,0xde,0xba,0xd6,0x79,0xce,0x17,0xc6,0x94,0xbd,0xd1,0xa4,0x0e,0x94,
    0x6b,0x7b,0xe8,0x72,0xa7,0x6a,0x67,0x62,0x66,0x5a,0x47,0x5a,0x26,0x5a,0x26,0x52,
    0x06,0x52,0x06,0x52,0xe6,0x49,0xc5,0x41,0x84,0x39,0x44,0x39,0x23,0x31,0x03,0x29,
    0x03,0x29,0x03,0x29,0x03,0x29,0x03,0x29,0x03,0x29,0x03,0x29,0x03,0x29,0x03,0x29,
    0x03,0x29,0x23,0x31,0x43,0x31,0x64,0x39,0xa5,0x41,0xe5,0x49,0xe6,0x49,0x26,0x52,
    0x47,0x5a,0x46,0x5a,0x67,0x62,0x87,0x62,0x87,0x6a,0xa7,0x6a,0xc7,0x72,0xe7,0x72,
    0x08,0x7b,0x49,0x83,0xab,0x8b,0x2d,0x9c,0xb0,0xa4,0x32,0xb5,0xd5,0xc5,0x78,0xd6,
    0xba,0xd6,0xdb,0xde,0x1c,0xe7,0x3c,0xe7,0x5d,0xe7,0x9e,0xf7,0x7e,0xef,0xbf,0xf7,
    0xdb,0xde,0xaa,0x52,0xa6,0x31,0x49,0x4a,0xe7,0x39,0x08,0x42,0xe7,0x39,0xc7,0x39,
    0xc7,0x39,0xe7,0x39,0x49,0x4a,0x49,0x4a,0xe7,0x39,0xc7,0x39,0xc7,0x39,0xa6,0x31,
    0xc7,0x39,0xc7,0x39,0xa6,0x31,0xa6,0x31,0x86,0x31,0x86,0x31,0xa6,0x31,0xa7,0x31,
    0xe8,0x39,0x28,0x42,0xe7,0x39,0xa7,0x31,0xa6,0x31,0xc7,0x39,0xe7,0x39,0xc7,0x39,
    0x86,0x31,0xa6,0x31,0xe7,0x39,0xc7,0x39,0x86,0x31,0xc7,0x39,0xe7,0x39,0xc7,0x39,
    0xa6,0x31,0xa6,0x31,0xe7,0x39,0x08,0x42,0x07,0x42,0xc7,0x39,0x86,0x31,0xc6,0x39,
    0xe7,0x39,0xc7,0x39,0x07,0x42,0xe7,0x39,0xc7,0x39,0x07,0x42,0x08,0x42,0xe7,0x39,
    0xa6,0x31,0xc7,0x39,0xa6,0x31,0xa6,0x31,0xc7,0x39,0xe7,0x39,0xc6,0x39,0xc7,0x39,
    0xe7,0x39,0xc7,0x39,0xc6,0x39,0xc6,0x39,0xa6,0x31,0xa6,0x31,0xa6,0x31,0xa6,0x31,
    0xe7,0x39,0xc7,0x39,0x86,0x31,0xc7,0x39,0xe7,0x39,0xe7,0x39,0xe7,0x39,0x28,0x42,
    0xe7,0x39,0xe7,0x39,0xc7,0x39,0xc7,0x39,0xe7,0x39,0xc7,0x39,0xc7,0x39,0xa6,0x31,
    0xa6,0x31,0xc7,0x39,0xc7,0x39,0xe7,0x39,0xc7,0x39,0xa6,0x31,0xa6,0x31,0xa6,0x31,
    0xc6,0x39,0xa6,0x39,0xa6,0x31,0xa6,0x39,0xa6,0x31,0xa6,0x39,0xa6,0x39,0xa6,0x39,
    0xa6,0x31,0xa6,0x31,0xa6,0x31,0x85,0x31,0x85,0x31,0x85,0x31,0xa6,0x31,0x85,0x31,
    0x85,0x31,0xa6,0x31,0xa6,0x31,0xa6,0x39,0xc6,0x39,0xa6,0x31,0xa6,0x31,0xc6,0x39,
    0xc6,0x39,0x85,0x31,0xa6,0x31,0xc6,0x39,0xc6,0x39,0xa6,0x31,0xa6,0x31,0xc6,0x39,
    0xc6,0x39,0xe7,0x41,0xe7,0x41,0xa6,0x31,0x85,0x31,0x85,0x31,0xa6,0x39,0xc6,0x39,
    0xc6,0x39,0xc6,0x39,0xc6,0x39,0xc6,0x39,0xe7,0x39,0xc6,0x39,0xa6,0x31,0xa6,0x31,
    0xa6,0x31,0xc6,0x39,0xc6,0x39,0x85,0x31,0xa6,0x31,0xc6,0x39,0xc6,0x39,0xc6,0x39,
    0xa6,0x31,0x65,0x29,0x85,0x31,0x07,0x42,0x28,0x4a,0x08,0x42,0x28,0x42,0x08,0x42,
    0x08,0x42,0x28,0x42,0x69,0x4a,0x08,0x42,0xc7,0x39,0x28,0x42,0x28,0x4a,0x07,0x42,
    0x28,0x4a,0x07,0x42,0xc6,0x39,0xc6,0x39,0xc6,0x39,0xe7,0x39,0xe7,0x39,0xc6,0x39,
    0x07,0x42,0xe7,0x39,0xc6,0x39,0x07,0x42,0xe7,0x39,0xc6,0x39,0xa6,0x31,0xc6,0x39,
    0xe7,0x39,0xa6,0x31,0x6d,0x6b,0xba,0xd6,0x3c,0xe7,0x3c,0xe7,0x3d,0xe7,0x3d,0xe7,
    0x3d,0xe7,0x1c,0xe7,0x1c,0xe7,0xfc,0xde,0xdb,0xd6,0x9a,0xd6,0x58,0xce,0xf6,0xc5,
    0x33,0xb5,0x6f,0x9c,0xac,0x83,0x09,0x73,0xa7,0x6a,0x87,0x62,0x67,0x62,0x47,0x5a,
    0x26,0x52,0xe6,0x49,0xc5,0x41,0xa5,0x39,0x84,0x39,0x64,0x31,0x44,0x31,0x03,0x29,
    0x03,0x29,0x03,0x29,0x03,0x29,0x03,0x29,0x04,0x29,0x24,0x29,0x24,0x29,0x24,0x29,
    0x24,0x29,0x24,0x29,0x24,0x29,0x24,0x29,0x24,0x29,0x24,0x29,0x03,0x29,0x03,0x29,
    0x03,0x29,0x03,0x29,0x03,0x29,0x23,0x31,0x44,0x39,0x84,0x41,0xe5,0x49,0x26,0x5a,
    0x67,0x62,0x87,0x6a,0x87,0x6a,0xa7,0x6a,0xa7,0x72,0xc7,0x72,0x28,0x7b,0x6a,0x8b,
    0xec,0x93,0x4e,0xa4,0xd0,0xac,0x74,0xbd,0x17,0xce,0x99,0xd6,0xda,0xde,0xfb,0xde,
    0x3c,0xe7,0x5d,0xef,0x7e,0xef,0x7e,0xef,0xbe,0xf7,0x1c,0xe7,0x2c,0x63,0xa6,0x31,
    0x28,0x42,0x28,0x42,0xc7,0x39,0xc7,0x39,0xc7,0x39,0xc7,0x39,0x49,0x4a,0x08,0x42,
    0xc7,0x39,0xc7,0x39,0x07,0x42,0xe7,0x39,0xc7,0x39,0xe7,0x39,0x08,0x42,0xc7,0x39,
    0xa6,0x31,0xa6,0x31,0xc7,0x39,0xe8,0x39,0xc7,0x31,0xe7,0x39,0xe7,0x39,0xc7,0x31,
    0xc7,0x39,0xa7,0x31,0xc7,0x39,0xa6,0x31,0xa6,0x31,0xa6,0x31,0xc7,0x39,0xc7,0x39,
    0xa6,0x31,0xa6,0x31,0xc7,0x39,0xa6,0x31,0xa6,0x31,0x86,0x31,0xa6,0x31,0xc7,0x39,
    0x07,0x42,0xe7,0x39,0xa6,0x31,0xa6,0x31,0xa6,0x31,0xa6,0x31,0xe7,0x39,0xe7,0x39,
    0xe7,0x39,0xc6,0x39,0x07,0x42,0xe7,0x39,0xc7,0x39,0xe7,0x39,0xe7,0x39,0xe7,0x39,
    0xc7,0x39,0xc6,0x39,0xa6,0x31,0xc6,0x39,0xe7,0x39,0xa6,0x31,0xa6,0x31,0xc6,0x39,
    0xa6,0x31,0xa6,0x31,0xa6,0x31,0xa6,0x31,0xc7,0x39,0xc6,0x39,0xa6,0x31,0xa6,0x31,
    0xc7,0x39,0xc7,0x39,0xc7,0x39,0xe7,0x39,0xc7,0x39,0xc7,0x39,0xc7,0x39,0xc7,0x39,
    0xc7,0x39,0xa6,0x31,0xa6,0x31,0xc7,0x39,0xc7,0x39,0xa6,0x31,0xa6,0x31,0xc7,0x39,
    0xc7,0x39,0xa6,0x31,0xa6,0x31,0xc7,0x39,0xe7,0x39,0xa6,0x31,0x85,0x31,0xa6,0x31,
    0xa6,0x31,0xa6,0x31,0xa6,0x31,0xa6,0x31,0xa6,0x31,0xa6,0x31,0x85,0x31,0x85,0x31,
    0x85,0x31,0xa6,0x31,0xa6,0x39,0xa6,0x31,0xa6,0x31,0xa6,0x31,0xa6,0x31,0xa6,0x31,
    0xa6,0x31,0xa6,0x31,0x85,0x31,0xa6,0x31,0xc6,0x39,0x85,0x31,0xc6,0x39,0xe7,0x39,
    0xa6,0x31,0xa6,0x31,0xa6,0x31,0xa6,0x31,0x07,0x42,0x69,0x4a,0x07,0x42,0xc6,0x39,
    0xa6,0x31,0x85,0x31,0x85,0x31,0xa6,0x31,0xc6,0x39,0xc6,0x39,0xe7,0x39,0xe7,0x39,
    0xe7,0x39,0xc6,0x39,0xa6,0x39,0xa6,0x31,0xa6,0x31,0xc6,0x39,0xc6,0x39,0xa6,0x31,
    0xc6,0x39,0xe7,0x39,0xc6,0x39,0xc6,0x39,0x07,0x42,0xc6,0x39,0x85,0x31,0xa6,0x31,
    0xe7,0x39,0xa6,0x31,0xe7,0x39,0x48,0x4a,0x07,0x42,0xe7,0x39,0xc7,0x39,0xa6,0x31,
    0xe7,0x39,0x07,0x42,0x28,0x42,0x28,0x42,0x28,0x4a,0x07,0x42,0xe7,0x39,0xe7,0x39,
    0x07,0x42,0x28,0x4a,0xe7,0x41,0xe7,0x39,0x28,0x42,0x28,0x42,0xe7,0x39,0xe7,0x39,
    0xa6,0x31,0xc6,0x39,0xc6,0x39,0x07,0x42,0xa6,0x39,0x6d,0x6b,0xba,0xd6,0x1c,0xe7,
    0x3c,0xe7,0x3c,0xe7,0x3d,0xe7,0x3c,0xe7,0x3c,0xe7,0x1c,0xe7,0xfc,0xde,0xdb,0xde,
    0x99,0xd6,0x38,0xce,0xb5,0xbd,0xf2,0xac,0x0e,0x94,0x6b,0x7b,0xc8,0x6a,0xa7,0x6a,
    0x87,0x62,0x67,0x5a,0x26,0x52,0xe6,0x49,0x85,0x41,0x44,0x31,0x03,0x29,0x03,0x29,
    0x03,0x29,0x03,0x29,0x03,0x29,0x03,0x29,0x04,0x29,0x04,0x29,0x24,0x29,0x24,0x29,
    0x04,0x29,0x04,0x29,0x04,0x29,0x04,0x29,0x04,0x29,0x04,0x29,0x24,0x29,0x24,0x29,
    0x24,0x29,0x24,0x29,0x24,0x31,0x24,0x31,0x24,0x31,0x24,0x31,0x03,0x29,0x03,0x29,
    0x03,0x31,0x23,0x31,0x23,0x31,0x43,0x39,0xa5,0x41,0x26,0x5a,0x87,0x62,0x87,0x62,
    0x86,0x6a,0x87,0x6a,0xa7,0x72,0xe8,0x72,0x29,0x83,0x8a,0x8b,0xec,0x93,0x6f,0xa4,
    0x12,0xb5,0xf6,0xcd,0xb9,0xde,0xda,0xde,0xdb,0xde,0x1c,0xe7,0x5d,0xe7,0x7d,0xef,
    0x5d,0xef,0xbe,0xf7,0x1c,0xe7,0x2c,0x63,0x86,0x31,0x69,0x4a,0xe7,0x39,0xc7,0x39,
    0xc7,0x39,0xa6,0x31,0xc7,0x39,0x08,0x42,0xe7,0x39,0xc7,0x39,0x07,0x42,0xe7,0x39,
    0xe7,0x39,0x28,0x42,0x8a,0x52,0x08,0x42,0xa6,0x31,0xa6,0x31,0xe7,0x39,0xe8,0x39,
    0xc7,0x39,0xe7,0x39,0x08,0x42,0x07,0x3a,0xe7,0x39,0xc7,0x39,0xc7,0x39,0xc7,0x39,
    0xe7,0x39,0xe7,0x39,0xc7,0x39,0xe7,0x39,0xc7,0x39,0xa6,0x31,0xa6,0x31,0xa6,0x31,
    0xa6,0x31,0xc7,0x39,0xa6,0x31,0xa6,0x31,0xa6,0x31,0xa6,0x31,0xc6,0x39,0xa6,0x31,
    0xa6,0x31,0xc6,0x39,0xa6,0x31,0xc7,0x39,0xe7,0x39,0xc6,0x39,0xc7,0x39,0x07,0x42,
    0xc7,0x39,0xc6,0x39,0xc6,0x39,0xa6,0x31,0xc6,0x39,0xa6,0x31,0xa6,0x31,0xa6,0x31,
    0xc6,0x39,0xa6,0x31,0xa6,0x31,0xa6,0x31,0xa6,0x31,0xa6,0x31,0x85,0x31,0xa6,0x31,
    0xa6,0x31,0x86,0x31,0x86,0x31,0x86,0x31,0xa6,0x31,0xa6,0x31,0x86,0x31,0xa6,0x31,
    0xc7,0x39,0xa6,0x31,0xc7,0x39,0x86,0x31,0xa6,0x31,0xa6,0x31,0xa6,0x31,0xc7,0x39,
    0xc7,0x39,0xa6,0x31,0xa6,0x31,0xa6,0x31,0xc7,0x39,0xa6,0x31,0xa6,0x31,0xe7,0x39,
    0xc6,0x39,0x85,0x31,0x65,0x29,0xa6,0x31,0xa6,0x31,0x85,0x31,0x85,0x31,0xa6,0x31,
    0xc6,0x39,0xc6,0x39,0xc6,0x39,0xa6,0x31,0xa6,0x31,0xa6,0x31,0x85,0x31,0x85,0x31,
    0xa6,0x31,0xc6,0x39,0xc6,0x39,0x85,0x31,0xa6,0x31,0xc6,0x39,0xa6,0x31,0x85,0x31,
    0xa6,0x31,0xa6,0x31,0xe7,0x39,0xc6,0x39,0x65,0x31,0x85,0x31,0xa6,0x31,0xc6,0x39,
    0xe7,0x39,0x07,0x42,0xe7,0x41,0xe7,0x39,0xc6,0x39,0xa6,0x31,0xa6,0x31,0xa6,0x31,
    0xa6,0x31,0xe7,0x39,0x07,0x42,0xc6,0x39,0xa6,0x39,0xa6,0x39,0xc6,0x39,0xa6,0x39,
    0x85,0x31,0xa6,0x31,0xc6,0x39,0xa6,0x31,0xe7,0x39,0x28,0x42,0xe7,0x41,0xc6,0x39,
    0x28,0x42,0x28,0x42,0x85,0x31,0x85,0x31,0xc6,0x39,0x85,0x31,0x85,0x31,0xc6,0x39,
    0xc6,0x39,0xe6,0x39,0xe7,0x39,0xe7,0x41,0xe7,0x41,0xe7,0x39,0x07,0x42,0x07,0x42,
    0xe7,0x39,0xe7,0x39,0xc6,0x39,0xc6,0x39,0x48,0x4a,0x69,0x52,0x07,0x42,0xe7,0x39,
    0x07,0x42,0x07,0x42,0xe7,0x39,0xc6,0x39,0xa6,0x31,0xa6,0x39,0xe7,0x39,0x85,0x31,
    0x8d,0x73,0x9a,0xd6,0x1c,0xe7,0x3c,0xe7,0x3c,0xe7,0x3d,0xe7,0x3d,0xe7,0x1c,0xe7,
    0x1c,0xe7,0xfc,0xde,0xbb,0xd6,0x79,0xce,0x17,0xc6,0x95,0xb5,0xb1,0xa4,0xcd,0x8b,
    0x0a,0x73,0xc8,0x6a,0x87,0x62,0x67,0x62,0x47,0x5a,0xe5,0x49,0x84,0x39,0x23,0x31,
    0x03,0x29,0xe3,0x28,0x03,0x29,0x03,0x29,0x24,0x29,0x24,0x29,0x24,0x29,0x24,0x29,
    0x04,0x29,0x04,0x29,0x04,0x29,0x04,0x29,0x04,0x29,0x04,0x29,0x04,0x29,0x03,0x29,
    0x03,0x29,0x04,0x29,0x04,0x29,0x04,0x29,0x04,0x29,0x04,0x29,0x03,0x29,0x04,0x29,
    0x24,0x29,0x24,0x29,0x24,0x29,0x24,0x31,0x44,0x31,0x44,0x31,0x23,0x31,0x23,0x31,
    0x23,0x31,0x23,0x31,0xa5,0x49,0x47,0x5a,0x87,0x62,0x87,0x6a,0xa7,0x6a,0xa7,0x6a,
    0xc7,0x72,0x08,0x7b,0x6a,0x83,0xec,0x93,0x4e,0x9c,0xf1,0xb4,0xd5,0xc5,0xba,0xde,
    0xfb,0xe6,0xdb,0xde,0x1c,0xe7,0x1c,0xe7,0x7e,0xef,0x5d,0xef,0xbe,0xf7,0x1c,0xe7,
    0xcb,0x5a,0xa6,0x31,0x29,0x42,0xc7,0x39,0xe7,0x39,0xe7,0x39,0xc7,0x39,0xc7,0x39,
    0xc7,0x39,0xc7,0x39,0xc7,0x39,0xc7,0x39,0xe7,0x39,0x08,0x42,0x69,0x4a,0x28,0x42,
    0xa6,0x31,0x65,0x29,0xa6,0x31,0xe8,0x39,0xc7,0x39,0xa6,0x31,0xe7,0x39,0xe7,0x39,
    0xe7,0x39,0xc6,0x39,0xe7,0x39,0xe7,0x39,0xe7,0x39,0xe7,0x39,0xc7,0x39,0xc7,0x39,
    0xe7,0x39,0xc7,0x39,0xc7,0x39,0xa6,0x31,0xc7,0x39,0x08,0x42,0xc7,0x39,0xa6,0x31,
    0xa6,0x31,0xa6,0x31,0xa6,0x31,0x86,0x31,0xc6,0x39,0xc6,0x39,0xa6,0x31,0xc7,0x39,
    0xe7,0x39,0xa6,0x31,0xa6,0x31,0xe7,0x39,0xe7,0x39,0xc7,0x39,0xc6,0x39,0xe7,0x39,
    0xe7,0x39,0xe7,0x39,0xa6,0x31,0xa6,0x31,0xc6,0x39,0xc6,0x39,0xc6,0x39,0xa6,0x31,
    0xa6,0x31,0xa6,0x31,0xc6,0x39,0xc7,0x39,0xa6,0x31,0x86,0x31,0xa6,0x31,0xa6,0x31,
    0xa6,0x31,0xc7,0x39,0xa6,0x31,0xa6,0x31,0xe7,0x39,0xe7,0x39,0xc7,0x39,0x86,0x31,
    0xa6,0x31,0x86,0x31,0xa6,0x31,0x86,0x31,0xc7,0x39,0xc7,0x39,0xa6,0x31,0xc7,0x39,
    0xe7,0x39,0xe7,0x39,0xc7,0x39,0x08,0x42,0x85,0x31,0x85,0x31,0x85,0x31,0x85,0x31,
    0x85,0x31,0x85,0x31,0xa6,0x31,0xc6,0x39,0xc6,0x39,0xe7,0x39,0xe7,0x39,0xa6,0x39,
    0xc6,0x39,0xa6,0x31,0xa6,0x31,0xc6,0x39,0x07,0x42,0xca,0x5a,0xeb,0x62,0x69,0x4a,
    0x48,0x4a,0x69,0x4a,0x07,0x42,0xe7,0x39,0x07,0x42,0x07,0x42,0x07,0x42,0xc6,0x39,
    0xa6,0x31,0xa6,0x31,0x85,0x31,0xa6,0x31,0xc6,0x39,0xa6,0x31,0xa6,0x39,0xc6,0x39,
    0xe7,0x39,0xc6,0x39,0xc6,0x39,0xc6,0x39,0xc6,0x39,0x07,0x42,0x48,0x4a,0x07,0x42,
    0xc6,0x39,0xa6,0x39,0xc6,0x39,0xc6,0x39,0xa6,0x31,0xa6,0x31,0xa6,0x39,0xa6,0x31,
    0xa6,0x39,0xe7,0x39,0xe7,0x39,0xc6,0x39,0xe7,0x41,0xe7,0x39,0xa6,0x31,0xc6,0x39,
    0xc6,0x39,0xc6,0x39,0xc6,0x39,0xc6,0x39,0x85,0x31,0xc6,0x39,0xc6,0x39,0xa6,0x39,
    0xe7,0x39,0xc6,0x39,0xc6,0x39,0xc6,0x39,0xe7,0x39,0xe7,0x39,0xc6,0x39,0xc6,0x39,
    0xe7,0x39,0x07,0x42,0xe7,0x39,0xc7,0x39,0x28,0x42,0x48,0x4a,0x07,0x42,0xa6,0x39,
    0x85,0x31,0x07,0x42,0x85,0x31,0xeb,0x62,0x79,0xce,0x1c,0xe7,0x3c,0xe7,0x3c,0xe7,
    0x3d,0xe7,0x3d,0xe7,0x3c,0xe7,0x1c,0xdf,0xfb,0xde,0xbb,0xd6,0x79,0xce,0xf7,0xc5,
    0x54,0xb5,0x70,0x9c,0x8c,0x83,0x0a,0x73,0xc9,0x6a,0x88,0x62,0x67,0x62,0x06,0x52,
    0xa5,0x41,0x43,0x31,0x03,0x29,0x03,0x29,0x03,0x29,0x04,0x29,0x04,0x29,0x03,0x29,
    0x03,0x29,0x23,0x29,0x03,0x29,0x04,0x29,0x04,0x29,0x24,0x29,0x24,0x29,0x04,0x29,
    0x04,0x29,0x24,0x29,0x24,0x29,0x04,0x31,0x03,0x29,0x03,0x29,0x03,0x29,0x24,0x29,
    0x24,0x29,0x24,0x29,0x03,0x29,0x23,0x29,0x03,0x29,0x03,0x29,0x04,0x29,0x04,0x29,
    0x24,0x29,0x24,0x31,0x24,0x31,0x24,0x31,0x24,0x31,0x03,0x29,0x03,0x31,0x64,0x39,
    0xe5,0x51,0x47,0x62,0x87,0x6a,0x87,0x6a,0xa7,0x6a,0xc7,0x72,0xe8,0x7a,0x49,0x83,
    0xab,0x8b,0x2d,0xa4,0xb0,0xac,0xb5,0xbd,0xba,0xde,0xfb,0xe6,0xdb,0xde,0x1c,0xe7,
    0x3d,0xe7,0x5d,0xef,0x7e,0xef,0xbe,0xf7,0xdb,0xde,0xaa,0x52,0x08,0x42,0x08,0x42,
    0xe7,0x39,0xe7,0x39,0x08,0x42,0xe7,0x39,0xc7,0x39,0xe7,0x39,0xc7,0x39,0xc7,0x39,
    0xc7,0x39,0xc7,0x39,0x08,0x42,0xe7,0x39,0x86,0x31,0xa6,0x31,0xa6,0x31,0x08,0x42,
    0x08,0x3a,0xa6,0x31,0xc7,0x39,0xa6,0x31,0xa6,0x31,0xa6,0x31,0xe7,0x39,0xc7,0x39,
    0xc6,0x39,0xe7,0x39,0xc7,0x39,0xc7,0x39,0xc7,0x39,0xc7,0x39,0xc7,0x39,0xa6,0x31,
    0xc7,0x39,0x28,0x42,0xe7,0x39,0xa6,0x31,0xa6,0x31,0xe7,0x39,0xe7,0x39,0x85,0x31,
    0xc6,0x39,0xe7,0x39,0xa6,0x31,0x86,0x31,0xc6,0x39,0xa6,0x31,0xa6,0x31,0xc6,0x39,
    0xe7,0x39,0xe7,0x39,0xe7,0x39,0x08,0x42,0x08,0x42,0x07,0x42,0xe7,0x39,0xe7,0x39,
    0xc7,0x39,0xa6,0x31,0xc6,0x39,0xe7,0x39,0x07,0x42,0xe7,0x39,0x48,0x4a,0x69,0x4a,
    0xe7,0x39,0xa6,0x31,0xa6,0x31,0xa6,0x31,0xa6,0x31,0xa6,0x31,0xa6,0x31,0xa6,0x31,
    0xc7,0x39,0xc7,0x39,0x86,0x31,0xa6,0x31,0xa6,0x31,0xa6,0x31,0xc7,0x39,0xc7,0x39,
    0xe7,0x39,0xe7,0x39,0xc7,0x39,0xc7,0x39,0xe7,0x39,0x08,0x42,0xe7,0x39,0xe7,0x39,
    0x85,0x31,0x85,0x31,0xc6,0x39,0xa6,0x39,0x85,0x31,0x85,0x31,0x85,0x31,0xa6,0x31,
    0xe7,0x39,0xe7,0x39,0xa6,0x31,0xc6,0x31,0xe7,0x39,0x07,0x3a,0x07,0x42,0x89,0x4a,
    0x0b,0x63,0x4c,0x6b,0x0b,0x63,0xca,0x5a,0x89,0x52,0xea,0x5a,0xea,0x5a,0xeb,0x5a,
    0xca,0x5a,0xca,0x5a,0xca,0x52,0x07,0x42,0x85,0x31,0xa6,0x31,0xa6,0x31,0xa6,0x31,
    0xc6,0x39,0xc6,0x39,0xc6,0x39,0xc6,0x39,0xe7,0x39,0xe7,0x41,0xc6,0x39,0xa6,0x39,
    0xc6,0x39,0x07,0x42,0x69,0x52,0x69,0x52,0x07,0x42,0xc6,0x39,0xa6,0x31,0xc6,0x39,
    0xc6,0x39,0xa6,0x39,0xa6,0x39,0x85,0x31,0xa6,0x31,0xc6,0x39,0xc6,0x39,0xe7,0x39,
    0xc6,0x39,0xa6,0x39,0xc6,0x39,0xa6,0x39,0x07,0x42,0x28,0x42,0xe7,0x39,0xa6,0x31,
    0xa6,0x31,0xc6,0x39,0x85,0x31,0xa6,0x39,0xc6,0x39,0xc6,0x39,0xc6,0x39,0xe7,0x41,
    0xe7,0x39,0xc6,0x39,0xc6,0x39,0xe7,0x39,0xa6,0x31,0xe7,0x39,0x28,0x4a,0xe7,0x39,
    0x28,0x42,0x69,0x4a,0xe7,0x39,0xc6,0x39,0xc6,0x39,0xc6,0x39,0xaa,0x52,0x38,0xc6,
    0x1c,0xe7,0x1c,0xe7,0x3d,0xe7,0x3c,0xe7,0x3c,0xef,0x3c,0xe7,0x1c,0xe7,0xdb,0xde,
    0xba,0xd6,0x79,0xd6,0x17,0xc6,0x54,0xb5,0x50,0x9c,0x8c,0x8b,0x4a,0x7b,0xe8,0x72,
    0xa8,0x62,0x67,0x5a,0xe6,0x49,0x84,0x39,0x23,0x31,0x03,0x31,0x03,0x31,0x24,0x31,
    0x24,0x31,0x24,0x29,0xe3,0x28,0xe3,0x28,0x03,0x29,0x23,0x29,0x03,0x29,0x24,0x31,
    0x44,0x31,0x24,0x31,0x24,0x31,0x24,0x31,0x24,0x31,0x03,0x29,0x03,0x29,0x23,0x29,
    0x03,0x29,0x03,0x29,0x03,0x29,0x03,0x29,0x03,0x29,0x03,0x29,0x04,0x29,0x04,0x29,
    0x04,0x29,0x04,0x29,0x04,0x29,0x04,0x29,0x04,0x29,0x04,0x29,0x04,0x29,0x04,0x29,
    0x24,0x31,0x44,0x31,0x44,0x31,0x23,0x31,0x23,0x31,0xa4,0x41,0x26,0x5a,0x87,0x6a,
    0x87,0x6a,0x86,0x6a,0xa7,0x6a,0xc8,0x72,0x08,0x7b,0xaa,0x8b,0x2d,0x9c,0xb0,0xac,
    0x94,0xbd,0xda,0xe6,0x1b,0xe7,0xda,0xde,0x1c,0xe7,0x3d,0xe7,0x7e,0xef,0x9e,0xf7,
    0xbf,0xf7,0x59,0xce,0x49,0x4a,0xc7,0x39,0x28,0x42,0xa6,0x31,0xc7,0x39,0xc7,0x39,
    0xc7,0x39,0xc7,0x39,0xc7,0x39,0xc7,0x39,0xa6,0x31,0xa6,0x31,0x28,0x42,0xe7,0x39,
    0xa6,0x31,0xc7,0x39,0x08,0x42,0x08,0x42,0x49,0x4a,0x49,0x4a,0xc7,0x39,0xc7,0x39,
    0xc7,0x39,0xc7,0x39,0xc7,0x39,0xc7,0x39,0xc7,0x39,0xe7,0x39,0x08,0x42,0xc7,0x39,
    0xe7,0x39,0xc7,0x39,0xc7,0x39,0xc7,0x39,0xe7,0x39,0xe7,0x39,0xe7,0x39,0xc7,0x39,
    0xc6,0x39,0x07,0x42,0xe7,0x39,0x86,0x31,0xc6,0x39,0xe7,0x39,0xa6,0x31,0x86,0x31,
    0xc7,0x39,0xe7,0x39,0xe7,0x39,0xc7,0x39,0xe7,0x39,0xa6,0x31,0xe6,0x39,0x07,0x42,
    0xc7,0x39,0xa6,0x31,0xe7,0x39,0xe7,0x39,0xc7,0x39,0xa6,0x31,0xc7,0x39,0x69,0x4a,
    0x08,0x42,0xa6,0x31,0xe7,0x39,0x07,0x42,0xc7,0x39,0xc7,0x39,0xc7,0x39,0xc7,0x39,
    0xc7,0x39,0xc7,0x39,0xc7,0x39,0xa6,0x31,0xa6,0x31,0xa6,0x31,0xc7,0x39,0xa6,0x31,
    0xa6,0x31,0xe7,0x39,0xe7,0x39,0x28,0x42,0x08,0x42,0xc7,0x39,0x86,0x31,0x86,0x31,
    0xa7,0x39,0xe7,0x39,0xc7,0x39,0xa6,0x39,0x85,0x31,0x85,0x31,0x85,0x31,0x85,0x31,
    0x85,0x31,0xa6,0x31,0xe7,0x39,0x69,0x4a,0xca,0x5a,0x89,0x52,0x28,0x42,0x27,0x42,
    0x69,0x4a,0xaa,0x52,0xca,0x5a,0xca,0x5a,0xeb,0x5a,0x89,0x52,0x07,0x42,0xc6,0x39,
    0xc6,0x39,0x07,0x42,0x28,0x42,0x69,0x4a,0x89,0x52,0xeb,0x5a,0xeb,0x5a,0x68,0x4a,
    0xc6,0x31,0xc6,0x31,0xc6,0x39,0xa6,0x31,0x85,0x31,0xa6,0x31,0xe7,0x39,0xe7,0x39,
    0xc6,0x39,0xe7,0x39,0xe7,0x39,0xc6,0x39,0xc6,0x39,0xe7,0x39,0x28,0x4a,0x89,0x52,
    0x48,0x4a,0xc6,0x39,0x85,0x31,0x85,0x31,0xc6,0x39,0xc6,0x39,0xa6,0x39,0xa6,0x39,
    0xc6,0x39,0xa6,0x39,0xa6,0x31,0xa6,0x39,0xa6,0x31,0x85,0x31,0x85,0x31,0x85,0x31,
    0xe7,0x39,0xe7,0x41,0xc6,0x39,0x85,0x31,0xc6,0x39,0x07,0x42,0x07,0x42,0x28,0x42,
    0xe7,0x41,0xa6,0x39,0xc6,0x39,0xe7,0x39,0xc6,0x39,0xa6,0x39,0xe7,0x39,0x28,0x42,
    0xe7,0x39,0xc6,0x39,0x07,0x42,0xe7,0x39,0xe7,0x39,0xe7,0x39,0x07,0x42,0x27,0x42,
    0x85,0x31,0x07,0x42,0xb6,0xb5,0x1c,0xe7,0x1c,0xe7,0x3d,0xe7,0x3d,0xe7,0x3c,0xe7,
    0x3c,0xe7,0x1c,0xe7,0xfc,0xde,0xbb,0xd6,0x79,0xce,0x17,0xc6,0x54,0xb5,0x70,0x9c,
    0xac,0x83,0x2a,0x7b,0x09,0x73,0xa8,0x6a,0x26,0x5a,0xc5,0x41,0x23,0x31,0x03,0x29,
    0x03,0x31,0x23,0x31,0x24,0x31,0x24,0x31,0x24,0x31,0x24,0x29,0x04,0x29,0x03,0x29,
    0x04,0x29,0x24,0x31,0x24,0x31,0x24,0x31,0x24,0x31,0x23,0x31,0x03,0x29,0x24,0x31,
    0x24,0x31,0x23,0x29,0x03,0x29,0x03,0x29,0x03,0x29,0x03,0x29,0x03,0x29,0x04,0x29,
    0x04,0x29,0x04,0x29,0x03,0x29,0x03,0x29,0x04,0x29,0x04,0x29,0x04,0x29,0x03,0x29,
    0x04,0x29,0x04,0x29,0x04,0x29,0x04,0x29,0x04,0x29,0x24,0x31,0x24,0x31,0x44,0x31,
    0x23,0x31,0x02,0x31,0x23,0x39,0xc5,0x51,0x67,0x62,0x87,0x6a,0xa7,0x6a,0xa6,0x72,
    0xc7,0x72,0x08,0x7b,0x8a,0x8b,0x0c,0x9c,0x90,0xa4,0x95,0xbd,0xda,0xde,0x1b,0xe7,
    0xda,0xde,0x1c,0xe7,0x5d,0xef,0x9e,0xef,0x9e,0xf7,0xdf,0xff,0x55,0xad,0x86,0x31,
    0x08,0x42,0xc7,0x39,0xc7,0x39,0xc7,0x39,0xc7,0x39,0xe7,0x39,0xe7,0x39,0xc6,0x39,
    0xc7,0x39,0xc6,0x39,0xc7,0x39,0xc7,0x39,0x08,0x42,0xc7,0x39,0xc7,0x39,0x08,0x42,
    0x69,0x4a,0x49,0x4a,0xc7,0x39,0xc7,0x39,0xa6,0x31,0xc7,0x39,0xe7,0x39,0xe7,0x39,
    0x28,0x42,0x08,0x42,0xe7,0x39,0xa6,0x31,0xc7,0x39,0xc7,0x39,0xc7,0x39,0xc7,0x39,
    0xc7,0x39,0xa6,0x31,0xa6,0x31,0xa6,0x31,0xa6,0x31,0xc6,0x39,0xc6,0x39,0xa6,0x31,
    0xa6,0x31,0xc7,0x39,0xa6,0x31,0xc7,0x39,0xa6,0x31,0xa6,0x31,0x08,0x42,0x28,0x42,
    0xe7,0x39,0xc6,0x39,0xc6,0x39,0xe7,0x39,0xe7,0x39,0xc7,0x39,0xc7,0x39,0xa6,0x31,
    0xc7,0x39,0x28,0x42,0x08,0x42,0x49,0x4a,0xe7,0x39,0xa6,0x31,0xc7,0x39,0xc7,0x39,
    0xc7,0x39,0xc7,0x39,0x28,0x42,0x49,0x4a,0xe7,0x39,0x28,0x42,0xe7,0x39,0xa6,0x31,
    0x86,0x31,0x86,0x31,0xc7,0x39,0xa6,0x31,0xc7,0x39,0xe7,0x39,0xe7,0x39,0x49,0x4a,
    0xc7,0x39,0xa6,0x31,0xa7,0x39,0x86,0x31,0x86,0x31,0x86,0x31,0x86,0x31,0x86,0x31,
    0x85,0x31,0xa6,0x31,0xa6,0x31,0xc6,0x39,0x07,0x42,0x89,0x52,0xca,0x5a,0xeb,0x5a,
    0xeb,0x62,0x69,0x52,0x07,0x42,0x07,0x3a,0x48,0x4a,0x69,0x4a,0x48,0x42,0x07,0x42,
    0xe7,0x39,0xa6,0x31,0xa5,0x31,0xa6,0x31,0xa6,0x31,0xa6,0x31,0xa6,0x31,0xa6,0x31,
    0xa6,0x31,0xc6,0x39,0x07,0x42,0xc6,0x39,0xa6,0x31,0xc6,0x39,0xc6,0x39,0xa6,0x39,
    0xa6,0x31,0xa6,0x31,0xc6,0x39,0xc6,0x39,0xc6,0x39,0xe7,0x39,0xe7,0x41,0x07,0x42,
    0xe7,0x39,0xe7,0x39,0x28,0x4a,0x69,0x52,0x28,0x42,0xa6,0x31,0x65,0x29,0x65,0x29,
    0xc6,0x39,0xc6,0x39,0xa6,0x31,0xa6,0x39,0xc6,0x39,0xa6,0x31,0xa6,0x31,0xc6,0x39,
    0xa6,0x31,0x85,0x31,0xa6,0x31,0xa6,0x31,0xe7,0x39,0xe7,0x39,0xe7,0x39,0xc6,0x39,
    0x07,0x42,0x07,0x42,0x07,0x42,0x07,0x42,0xe7,0x39,0xc6,0x39,0xa6,0x31,0xc6,0x39,
    0xa6,0x31,0xa6,0x39,0xc6,0x39,0x07,0x42,0xe7,0x39,0xa6,0x31,0xa6,0x31,0xe7,0x39,
    0xc6,0x39,0xe7,0x39,0x07,0x42,0xc6,0x39,0x65,0x29,0xb2,0x94,0xfb,0xde,0xfc,0xde,
    0x1d,0xe7,0x3d,0xe7,0x3d,0xe7,0x3c,0xe7,0x1c,0xe7,0xfc,0xde,0xdb,0xde,0x9a,0xd6,
    0x17,0xc6,0x54,0xb5,0x70,0x9c,0xcc,0x8b,0x4b,0x7b,0x0a,0x73,0x88,0x62,0xe6,0x51,
    0x64,0x39,0x43,0x31,0x23,0x31,0x43,0x31,0x64,0x39,0x64,0x39,0x24,0x31,0x24,0x31,
    0x04,0x29,0x03,0x29,0x03,0x29,0x03,0x29,0x04,0x29,0x24,0x31,0x24,0x31,0x24,0x31,
    0x23,0x31,0x03,0x31,0x03,0x31,0x23,0x31,0x44,0x31,0x24,0x31,0x24,0x31,0x23,0x31,
    0x03,0x29,0x03,0x29,0x04,0x29,0x04,0x29,0x04,0x29,0x04,0x29,0x03,0x29,0x03,0x29,
    0x03,0x29,0x03,0x29,0x03,0x29,0x03,0x29,0x03,0x29,0x03,0x29,0x04,0x29,0x04,0x29,
    0x04,0x29,0x03,0x29,0x03,0x29,0x24,0x31,0x44,0x31,0x64,0x31,0x23,0x31,0x02,0x31,
    0x64,0x41,0x06,0x52,0x66,0x62,0xa6,0x6a,0xa7,0x72,0xc8,0x72,0x08,0x7b,0x6a,0x83,
    0x0d,0x9c,0xb0,0xa4,0x94,0xbd,0xda,0xe6,0x1b,0xe7,0xda,0xde,0x1c,0xe7,0x7e,0xef,
    0xbf,0xf7,0x7d,0xef,0xdf,0xff,0x30,0x84,0xa7,0x31,0x28,0x42,0xe7,0x39,0x28,0x42,
    0x08,0x42,0xe7,0x39,0xe7,0x39,0xe7,0x39,0xc7,0x39,0xc6,0x39,0xe7,0x39,0x08,0x42,
    0x69,0x4a,0xe7,0x39,0xc7,0x39,0x08,0x42,0x08,0x42,0xc7,0x39,0xc7,0x39,0xe7,0x39,
    0xc7,0x39,0xa6,0x31,0xc7,0x39,0xe7,0x39,0x28,0x42,0xe7,0x39,0xc7,0x39,0xa6,0x31,
    0xa6,0x31,0x86,0x31,0x86,0x31,0xc7,0x39,0xc7,0x39,0xa6,0x31,0x86,0x31,0xa6,0x31,
    0xa6,0x31,0x86,0x31,0xa6,0x31,0xe7,0x39,0xe7,0x39,0xc7,0x39,0x86,0x31,0xc7,0x39,
    0xc7,0x39,0xc7,0x39,0xe8,0x39,0xe7,0x39,0xc7,0x39,0xe7,0x39,0xa6,0x31,0x86,0x31,
    0xa6,0x31,0xc7,0x39,0xc7,0x39,0xa6,0x31,0xc7,0x39,0x08,0x42,0x08,0x42,0xe7,0x39,
    0xa6,0x31,0xc7,0x39,0xc7,0x39,0xa6,0x31,0xc7,0x39,0xc7,0x39,0x28,0x42,0x28,0x42,
    0x08,0x42,0x28,0x42,0xe7,0x39,0xc7,0x39,0x86,0x31,0x86,0x31,0xc7,0x39,0xa6,0x31,
    0xc7,0x39,0xe7,0x39,0x08,0x42,0x28,0x42,0xc7,0x39,0xe7,0x39,0xc7,0x39,0x86,0x31,
    0x86,0x31,0x86,0x31,0xa6,0x39,0xa6,0x39,0x85,0x31,0xc6,0x39,0xe7,0x41,0x28,0x42,
    0x69,0x52,0x89,0x52,0x69,0x52,0x48,0x4a,0xe7,0x39,0x85,0x31,0x65,0x29,0x85,0x29,
    0xc6,0x39,0xc6,0x39,0x85,0x31,0x65,0x29,0x85,0x31,0xa5,0x31,0x85,0x31,0x85,0x31,
    0x85,0x31,0x85,0x31,0xe7,0x39,0xa6,0x31,0xa6,0x31,0xc6,0x39,0xc6,0x39,0x85,0x31,
    0x85,0x31,0x85,0x31,0xa6,0x31,0x85,0x31,0xc6,0x39,0xa6,0x31,0x85,0x31,0x85,0x31,
    0xa6,0x31,0xc6,0x39,0xe7,0x39,0x07,0x42,0xe7,0x39,0xc6,0x39,0x48,0x4a,0x48,0x4a,
    0x07,0x42,0x07,0x42,0x28,0x42,0xe7,0x39,0xc6,0x39,0xa6,0x31,0x85,0x31,0x85,0x31,
    0xa6,0x31,0xa6,0x31,0xa6,0x31,0xc6,0x39,0xa6,0x31,0xa6,0x31,0xa6,0x39,0xa6,0x31,
    0xc6,0x39,0xc6,0x39,0xc6,0x39,0xc6,0x39,0xe7,0x39,0xc6,0x39,0xc6,0x39,0xa6,0x39,
    0xa6,0x31,0xe7,0x39,0xe7,0x39,0xa6,0x39,0x85,0x31,0xe7,0x39,0xc6,0x39,0xc6,0x39,
    0xc6,0x39,0xa6,0x31,0xc6,0x39,0x28,0x42,0x08,0x42,0xc6,0x39,0x07,0x42,0xc6,0x31,
    0xae,0x73,0xdb,0xde,0xfb,0xde,0x3d,0xe7,0x3d,0xe7,0x3d,0xe7,0x3c,0xe7,0x1c,0xe7,
    0xfc,0xde,0xdb,0xde,0x9a,0xd6,0x38,0xc6,0x74,0xb5,0x90,0x9c,0xcd,0x8b,0x6a,0x7b,
    0x09,0x73,0x88,0x62,0xc5,0x49,0x43,0x31,0x23,0x31,0x43,0x31,0x64,0x39,0x64,0x39,
    0x64,0x39,0x64,0x39,0x44,0x39,0x24,0x31,0x23,0x31,0x03,0x29,0x23,0x31,0x23,0x31,
    0x23,0x31,0x23,0x31,0x23,0x31,0x23,0x31,0x23,0x31,0x23,0x31,0x23,0x31,0x44,0x31,
    0x44,0x31,0x44,0x31,0x44,0x31,0x44,0x31,0x24,0x31,0x24,0x31,0x24,0x31,0x24,0x31,
    0x24,0x29,0x04,0x29,0x04,0x29,0x04,0x29,0x04,0x29,0x04,0x29,0x03,0x29,0x03,0x29,
    0x04,0x29,0x04,0x29,0x04,0x29,0x04,0x29,0x04,0x29,0x03,0x29,0x03,0x29,0x03,0x29,
    0x03,0x29,0x24,0x31,0x44,0x31,0x43,0x31,0x23,0x31,0x23,0x31,0x84,0x41,0x47,0x62,
    0x87,0x6a,0x87,0x6a,0xa7,0x72,0xe8,0x7a,0x6a,0x8b,0x0d,0x9c,0xaf,0xa4,0xb4,0xc5,
    0xd9,0xde,0xfb,0xde,0xdb,0xde,0x1c,0xe7,0x5d,0xef,0xbe,0xf7,0x9e,0xf7,0x5d,0xef,
    0x4d,0x6b,0xc7,0x39,0x08,0x42,0x28,0x42,0x28,0x42,0xc7,0x39,0xc6,0x39,0xc7,0x39,
    0xc6,0x39,0x28,0x42,0xe7,0x39,0xa6,0x31,0x28,0x42,0x08,0x42,0xe7,0x39,0xc7,0x39,
    0xa6,0x31,0xa6,0x31,0xc7,0x39,0xe7,0x39,0xc7,0x39,0xa6,0x31,0x86,0x31,0xc7,0x39,
    0xc7,0x39,0xa6,0x31,0xa6,0x31,0xc7,0x39,0xc7,0x39,0x86,0x31,0x86,0x31,0x86,0x31,
    0xa6,0x31,0xa6,0x31,0xa6,0x31,0xa6,0x31,0xc6,0x39,0xe7,0x39,0x07,0x42,0x28,0x42,
    0xe8,0x39,0xc7,0x39,0xe7,0x39,0x28,0x42,0x08,0x42,0xc7,0x39,0xe7,0x39,0xa6,0x31,
    0xa6,0x31,0xe7,0x39,0xa6,0x31,0xa6,0x31,0xa6,0x31,0x86,0x31,0xa6,0x31,0xc7,0x39,
    0xc7,0x39,0xa6,0x31,0xc7,0x39,0xa6,0x31,0xa6,0x31,0xc7,0x39,0xc7,0x39,0xa6,0x31,
    0xc7,0x39,0xe7,0x39,0xe7,0x39,0xc7,0x39,0x08,0x42,0x08,0x42,0xc7,0x39,0xc7,0x39,
    0x86,0x31,0x86,0x31,0xc7,0x39,0xc7,0x39,0xa6,0x31,0xa6,0x31,0xc7,0x39,0xc7,0x39,
    0xc7,0x39,0xe7,0x41,0xa7,0x39,0x66,0x31,0x86,0x31,0xa6,0x31,0xe7,0x39,0xe7,0x39,
    0xa6,0x31,0xc6,0x39,0xe7,0x41,0x07,0x42,0x07,0x42,0xc6,0x39,0x85,0x31,0x85,0x31,
    0x85,0x31,0x85,0x31,0x65,0x31,0x85,0x31,0xa6,0x39,0xa6,0x31,0x85,0x31,0x85,0x31,
    0x85,0x31,0x85,0x31,0x85,0x31,0x85,0x31,0xa6,0x31,0x85,0x31,0xe7,0x39,0xa6,0x39,
    0xa6,0x31,0xc6,0x39,0xa6,0x31,0x85,0x31,0xa6,0x31,0x85,0x31,0x85,0x31,0xa6,0x31,
    0xa6,0x31,0xa6,0x39,0xc6,0x39,0xa6,0x31,0xa6,0x31,0xa6,0x31,0xe7,0x39,0x07,0x42,
    0xc6,0x39,0xc6,0x39,0xe7,0x41,0x28,0x42,0x07,0x42,0x07,0x42,0x48,0x4a,0x07,0x42,
    0xc6,0x39,0xe7,0x39,0xc6,0x39,0xa6,0x31,0xa6,0x31,0xa6,0x31,0xc6,0x39,0xc6,0x39,
    0xa6,0x31,0xc6,0x39,0xc6,0x39,0xc6,0x39,0xe7,0x39,0xa6,0x31,0x85,0x31,0x85,0x31,
    0xa6,0x31,0xc6,0x39,0x07,0x42,0xe7,0x39,0xa6,0x31,0xc6,0x39,0xe7,0x39,0xc6,0x39,
    0x85,0x31,0xe7,0x39,0x07,0x42,0xe7,0x39,0xc6,0x39,0xa6,0x31,0xa6,0x31,0x07,0x42,
    0x07,0x42,0xc6,0x39,0xa6,0x39,0xca,0x5a,0x38,0xc6,0xfb,0xde,0x1c,0xe7,0x3d,0xe7,
    0x3c,0xe7,0x3c,0xe7,0x1c,0xe7,0xfc,0xde,0xdb,0xde,0xba,0xd6,0x38,0xce,0x95,0xbd,
    0xb1,0xa4,0x0e,0x94,0x8c,0x83,0x2a,0x7b,0xa8,0x6a,0xe5,0x49,0x43,0x39,0x43,0x39,
    0x44,0x39,0x44,0x39,0x64,0x39,0x64,0x39,0x64,0x39,0x43,0x39,0x44,0x39,0x64,0x39,
    0x64,0x41,0x64,0x39,0x64,0x39,0x44,0x39,0x43,0x39,0x43,0x39,0x23,0x39,0x23,0x31,
    0x43,0x39,0x44,0x39,0x44,0x39,0x64,0x39,0x44,0x39,0x44,0x39,0x44,0x39,0x64,0x39,
    0x64,0x39,0x44,0x31,0x44,0x31,0x24,0x31,0x24,0x29,0x24,0x29,0x24,0x31,0x24,0x31,
    0x23,0x29,0x23,0x29,0x04,0x29,0x04,0x29,0x04,0x29,0x04,0x29,0x24,0x29,0x04,0x29,
    0x03,0x29,0x04,0x29,0x04,0x29,0x24,0x29,0x23,0x29,0x03,0x29,0x23,0x31,0x44,0x31,
    0x44,0x31,0x44,0x31,0x23,0x31,0xa4,0x41,0x67,0x62,0x87,0x6a,0xa7,0x72,0xc7,0x7a,
    0xe8,0x7a,0x6a,0x8b,0x0d,0x9c,0xb0,0xa4,0xb4,0xbd,0xb9,0xd6,0xdb,0xde,0xfc,0xde,
    0x3c,0xe7,0x7e,0xef,0x9e,0xf7,0xdf,0xff,0x59,0xce,0x49,0x4a,0x08,0x42,0x28,0x42,
    0xe7,0x39,0xe7,0x39,0xe7,0x39,0xc7,0x39,0xc7,0x39,0x07,0x42,0xe7,0x39,0xa6,0x31,
    0xe7,0x39,0xc7,0x39,0xa6,0x31,0x08,0x42,0xe7,0x39,0xc7,0x39,0xe7,0x39,0xe7,0x39,
    0xc7,0x39,0xc7,0x39,0xa6,0x31,0xc7,0x39,0xa6,0x31,0xc7,0x39,0xe7,0x39,0xe7,0x39,
    0xe7,0x39,0xc7,0x39,0xa6,0x31,0x86,0x31,0xa6,0x31,0xa6,0x31,0xa6,0x31,0xa6,0x31,
    0xe7,0x39,0x07,0x42,0xc7,0x39,0xc7,0x39,0xe7,0x39,0xc7,0x39,0xe7,0x39,0x08,0x42,
    0x08,0x42,0x08,0x42,0x28,0x42,0xe7,0x39,0xa6,0x31,0xa6,0x31,0xa6,0x31,0xa6,0x31,
    0x86,0x31,0x86,0x31,0x86,0x31,0xa6,0x31,0xe7,0x39,0xc7,0x39,0xc7,0x39,0xc7,0x39,
    0xc7,0x39,0xc7,0x39,0xa6,0x31,0xa6,0x31,0xa6,0x31,0xc7,0x39,0xc7,0x39,0xc7,0x39,
    0x08,0x42,0x08,0x42,0xe7,0x39,0xc7,0x39,0x86,0x31,0xa6,0x31,0xc7,0x39,0xa6,0x31,
    0xa6,0x31,0xc7,0x39,0xa6,0x31,0xa6,0x31,0xa6,0x31,0xa7,0x39,0xa6,0x31,0x86,0x31,
    0xa6,0x31,0x86,0x31,0xa6,0x31,0xa6,0x39,0xe7,0x39,0xc6,0x39,0xe7,0x39,0xc6,0x39,
    0xa6,0x31,0xa6,0x31,0xa6,0x31,0x85,0x31,0xa6,0x31,0xe7,0x39,0xc6,0x39,0xa6,0x31,
    0xa6,0x39,0xa6,0x31,0xa6,0x31,0x85,0x31,0x85,0x31,0x85,0x31,0xa6,0x31,0xc6,0x39,
    0xc6,0x39,0xa6,0x31,0xa6,0x31,0xa6,0x39,0xa6,0x31,0xa6,0x31,0x85,0x31,0xa6,0x31,
    0xa6,0x31,0xa6,0x31,0xa6,0x31,0xa6,0x31,0xa6,0x31,0xc6,0x39,0xc6,0x39,0xa6,0x31,
    0x85,0x31,0xc6,0x39,0xe7,0x39,0xc6,0x39,0xc6,0x39,0xc6,0x39,0xc6,0x39,0x07,0x42,
    0x48,0x4a,0xc6,0x39,0xc6,0x39,0xe7,0x39,0x07,0x42,0x07,0x42,0xc6,0x39,0xc6,0x39,
    0xa6,0x39,0xa6,0x31,0xa6,0x31,0xc6,0x39,0xa6,0x39,0xc6,0x39,0xe7,0x39,0xe7,0x39,
    0xc6,0x39,0xc6,0x39,0xa6,0x31,0xe7,0x39,0xe7,0x39,0xa6,0x39,0xe7,0x39,0xe7,0x39,
    0xe7,0x39,0xe7,0x41,0xe7,0x39,0xc6,0x39,0xc6,0x39,0xc6,0x39,0xc6,0x39,0xc6,0x39,
    0xe7,0x39,0xa6,0x31,0x85,0x31,0xc6,0x39,0xe7,0x39,0xa6,0x39,0x07,0x42,0x34,0xa5,
    0xfb,0xde,0xfb,0xde,0x3c,0xe7,0x3c,0xe7,0x3c,0xe7,0x3c,0xe7,0x1c,0xe7,0xfb,0xde,
    0xbb,0xd6,0x59,0xce,0xd6,0xc5,0xf2,0xac,0x4f,0x9c,0xcc,0x8b,0x6b,0x83,0xe9,0x6a,
    0x06,0x52,0x63,0x39,0x43,0x39,0x64,0x39,0x64,0x41,0x64,0x41,0x43,0x39,0x44,0x39,
    0x64,0x39,0x63,0x39,0x43,0x39,0x43,0x39,0x84,0x41,0x64,0x41,0x64,0x41,0x63,0x39,
    0x84,0x41,0x64,0x41,0x64,0x39,0x64,0x39,0x64,0x39,0x44,0x39,0x64,0x39,0x64,0x39,
    0x43,0x39,0x44,0x39,0x44,0x39,0x44,0x39,0x44,0x39,0x44,0x31,0x44,0x31,0x24,0x31,
    0x23,0x31,0x23,0x31,0x24,0x31,0x24,0x31,0x03,0x29,0x03,0x29,0x03,0x29,0x24,0x31,
    0x24,0x29,0x04,0x29,0x04,0x29,0x04,0x29,0x04,0x29,0x04,0x29,0x04,0x29,0x04,0x29,
    0x03,0x29,0x24,0x31,0xe3,0x28,0xe3,0x28,0x45,0x31,0x45,0x31,0x24,0x31,0x43,0x31,
    0xa4,0x49,0x87,0x6a,0x87,0x6a,0xa7,0x72,0xc7,0x7a,0x08,0x83,0xab,0x93,0x4d,0x9c,
    0xf1,0xac,0xf6,0xc5,0x99,0xd6,0xdb,0xde,0x1c,0xe7,0x3d,0xe7,0x9e,0xf7,0x9e,0xf7,
    0xdf,0xff,0xd3,0x9c,0x86,0x31,0x08,0x42,0xc7,0x39,0xc7,0x39,0x08,0x42,0xc7,0x39,
    0xe7,0x39,0xe7,0x39,0xc7,0x39,0xa6,0x31,0xe7,0x39,0x49,0x4a,0x49,0x4a,0xe7,0x39,
    0x08,0x42,0xe7,0x39,0xe7,0x39,0xe7,0x39,0xe7,0x39,0x08,0x42,0xc7,0x39,0xc7,0x39,
    0xa6,0x31,0xa6,0x31,0xc7,0x39,0xc7,0x39,0xe7,0x39,0xc7,0x39,0xa6,0x31,0xa6,0x31,
    0xa6,0x31,0xc7,0x39,0xc7,0x39,0xc7,0x39,0xe7,0x39,0xc7,0x39,0xa6,0x31,0x08,0x42,
    0xe7,0x39,0x86,0x31,0x86,0x31,0xa6,0x31,0xe8,0x39,0x29,0x42,0x29,0x42,0x08,0x3a,
    0xc7,0x39,0xa6,0x39,0xa6,0x31,0xa6,0x31,0xa6,0x31,0x86,0x31,0xa6,0x31,0xa6,0x31,
    0xc7,0x39,0xc7,0x39,0xa6,0x31,0xc7,0x39,0xc7,0x39,0xa6,0x31,0xa6,0x31,0xc7,0x39,
    0xc7,0x39,0xc7,0x39,0xc7,0x39,0x08,0x42,0x8a,0x52,0x28,0x42,0xc7,0x39,0xc7,0x39,
    0x86,0x31,0x86,0x31,0xa6,0x31,0xa6,0x31,0xa6,0x31,0xc7,0x39,0xc7,0x39,0xc7,0x39,
    0xa6,0x31,0xa6,0x31,0xa7,0x39,0xa6,0x39,0xa6,0x39,0xa6,0x31,0xa6,0x31,0x65,0x31,
    0xa6,0x31,0x85,0x31,0x85,0x31,0x85,0x31,0x85,0x31,0x85,0x31,0xa6,0x31,0x85,0x31,
    0xa6,0x31,0xe7,0x39,0xe7,0x39,0xc6,0x39,0xa6,0x39,0xa6,0x39,0xa6,0x31,0x85,0x31,
    0x85,0x31,0xa6,0x31,0xa6,0x31,0xa6,0x39,0xc6,0x39,0xc6,0x39,0x85,0x31,0xa6,0x31,
    0xa6,0x31,0x85,0x31,0x85,0x31,0x85,0x31,0xa6,0x31,0xa6,0x31,0x85,0x31,0xa6,0x31,
    0xa6,0x31,0xc6,0x39,0xc6,0x39,0x85,0x31,0x85,0x31,0xa6,0x31,0xa6,0x31,0xa6,0x39,
    0xe7,0x39,0xe7,0x39,0xa6,0x31,0x07,0x42,0x89,0x52,0x69,0x4a,0xc6,0x39,0xa6,0x39,
    0xc6,0x39,0xa6,0x39,0xa6,0x31,0x85,0x31,0xa6,0x31,0x85,0x31,0x85,0x31,0xc6,0x39,
    0xc6,0x39,0xc6,0x39,0xe7,0x39,0xe7,0x39,0xc6,0x39,0xa6,0x39,0xc6,0x39,0x07,0x42,
    0x07,0x42,0xa6,0x31,0xa6,0x31,0xc6,0x39,0xe7,0x39,0xe7,0x39,0xc6,0x39,0xc6,0x39,
    0xc6,0x39,0xc6,0x39,0xe7,0x39,0xc6,0x39,0xa6,0x31,0xc6,0x39,0xc6,0x39,0xe7,0x41,
    0xe7,0x41,0x65,0x29,0xce,0x7b,0xba,0xd6,0xfb,0xde,0x1c,0xe7,0x3c,0xe7,0x3c,0xe7,
    0x1c,0xe7,0x1c,0xe7,0xfc,0xe6,0xdb,0xde,0x79,0xd6,0xf7,0xc5,0x34,0xb5,0x70,0x9c,
    0xed,0x8b,0xac,0x8b,0xc8,0x72,0xe5,0x49,0x83,0x41,0x43,0x39,0x63,0x39,0x84,0x41,
    0x84,0x41,0x64,0x41,0x63,0x41,0x43,0x39,0x43,0x39,0x43,0x39,0x84,0x41,0x64,0x41,
    0x63,0x41,0x63,0x41,0x43,0x39,0x43,0x39,0x64,0x41,0x84,0x41,0x84,0x41,0x84,0x41,
    0x84,0x41,0x64,0x41,0x64,0x41,0x63,0x39,0x43,0x39,0x64,0x39,0x64,0x39,0x43,0x39,
    0x23,0x31,0x23,0x31,0x23,0x31,0x23,0x31,0x23,0x31,0x24,0x31,0x23,0x31,0x23,0x31,
    0x23,0x31,0x23,0x31,0x23,0x31,0x24,0x29,0x04,0x29,0x04,0x29,0x04,0x29,0x04,0x29,
    0x04,0x29,0x04,0x29,0x04,0x29,0x04,0x29,0x04,0x31,0xe3,0x30,0xc5,0x49,0x83,0x39,
    0xa1,0x20,0x44,0x39,0x24,0x31,0x23,0x31,0x23,0x31,0xa4,0x49,0x47,0x62,0x87,0x6a,
    0xc7,0x72,0xc7,0x72,0x08,0x7b,0xab,0x8b,0x6e,0x9c,0x53,0xb5,0x37,0xce,0x9a,0xd6,
    0xdb,0xde,0x1c,0xe7,0x5d,0xef,0x9e,0xf7,0x9e,0xf7,0x3c,0xe7,0x0c,0x63,0xc7,0x39,
    0x08,0x42,0xe7,0x39,0x28,0x42,0x08,0x42,0x07,0x42,0xe7,0x39,0xe7,0x39,0x08,0x42,
    0xc7,0x39,0x8a,0x52,0x8a,0x52,0x08,0x42,0x08,0x42,0xe7,0x39,0xe7,0x39,0xe7,0x39,
    0xe7,0x39,0xe7,0x39,0xc7,0x39,0xc7,0x39,0xe7,0x39,0xe7,0x39,0x86,0x31,0xa6,0x31,
    0xa6,0x31,0xa6,0x31,0xc7,0x39,0xc7,0x39,0xa6,0x31,0xc7,0x39,0xe7,0x39,0xe7,0x39,
    0xc7,0x39,0xc7,0x39,0xe7,0x39,0x28,0x42,0xe7,0x39,0xa6,0x31,0xa7,0x31,0xa7,0x31,
    0xc7,0x39,0x08,0x42,0x28,0x42,0xe7,0x39,0xa6,0x31,0xa6,0x31,0xa6,0x31,0xa6,0x31,
    0xc7,0x39,0xa6,0x31,0x86,0x31,0xa6,0x31,0xc7,0x39,0xc7,0x39,0xe7,0x39,0xe7,0x39,
    0xe7,0x39,0xa6,0x31,0xa6,0x31,0xc7,0x39,0xc7,0x39,0xe7,0x39,0x08,0x42,0x08,0x42,
    0x28,0x42,0x08,0x42,0xc7,0x39,0xc7,0x39,0xa6,0x31,0x86,0x31,0x86,0x31,0x86,0x31,
    0xa6,0x31,0xc7,0x39,0xc7,0x39,0xc7,0x39,0xc7,0x39,0xe7,0x39,0xc7,0x39,0x86,0x31,
    0x86,0x31,0xa6,0x39,0xa6,0x31,0x86,0x31,0x85,0x31,0x85,0x31,0x65,0x31,0x65,0x29,
    0x85,0x31,0x85,0x31,0x85,0x31,0x85,0x31,0xa6,0x31,0xc6,0x39,0xc6,0x39,0xa6,0x39,
    0xa6,0x39,0xa6,0x39,0xa6,0x31,0xa6,0x31,0xa6,0x31,0xa6,0x31,0x85,0x31,0x85,0x31,
    0xa6,0x31,0xc6,0x39,0xa6,0x31,0x85,0x31,0xa6,0x31,0xa6,0x31,0xa6,0x31,0x85,0x31,
    0xa6,0x31,0xc6,0x39,0xa6,0x31,0xa6,0x31,0xc6,0x39,0xc6,0x39,0xc6,0x39,0xa6,0x31,
    0xa6,0x31,0xa6,0x31,0xa6,0x31,0x85,0x31,0xc6,0x39,0xe7,0x39,0xa6,0x31,0xc6,0x39,
    0x89,0x52,0x89,0x52,0x28,0x42,0xe7,0x41,0xc6,0x39,0xa6,0x31,0xa6,0x31,0xc6,0x39,
    0xe7,0x39,0xa6,0x31,0x85,0x31,0xc6,0x39,0x07,0x42,0xc6,0x39,0x85,0x31,0xa6,0x39,
    0xc6,0x39,0xc6,0x39,0xc6,0x39,0xe7,0x39,0xe7,0x39,0xa6,0x39,0xc6,0x39,0xe7,0x39,
    0xc6,0x39,0xc6,0x39,0xc6,0x39,0xc6,0x39,0xc6,0x39,0xa6,0x31,0xe7,0x39,0x07,0x42,
    0xc6,0x39,0xc6,0x39,0x07,0x42,0x28,0x42,0xa6,0x31,0x89,0x52,0xf7,0xbd,0xfb,0xde,
    0xfb,0xde,0x3c,0xe7,0x3c,0xe7,0x3c,0xe7,0x3c,0xe7,0xfc,0xe6,0xfb,0xde,0xba,0xd6,
    0x38,0xce,0x95,0xbd,0xd1,0xa4,0x4f,0x9c,0xcd,0x8b,0xe9,0x72,0xc4,0x51,0x63,0x39,
    0x63,0x41,0x84,0x41,0x84,0x41,0x84,0x41,0x83,0x41,0x84,0x49,0x84,0x49,0x84,0x49,
    0x84,0x49,0x84,0x41,0xa4,0x49,0x63,0x41,0x43,0x39,0x63,0x41,0x64,0x41,0x63,0x39,
    0x63,0x39,0x43,0x39,0x43,0x39,0x63,0x41,0x64,0x41,0x64,0x41,0x64,0x41,0x63,0x41,
    0x63,0x41,0x63,0x39,0x43,0x39,0x43,0x39,0x23,0x39,0x43,0x39,0x23,0x31,0x43,0x39,
    0x44,0x39,0x44,0x39,0x44,0x31,0x43,0x31,0x23,0x31,0x23,0x31,0x23,0x31,0x24,0x31,
    0x23,0x31,0x04,0x31,0x04,0x29,0x04,0x29,0x04,0x29,0x04,0x29,0x04,0x29,0x04,0x29,
    0x04,0x31,0xe3,0x28,0x83,0x41,0x89,0x83,0x64,0x62,0x60,0x20,0x23,0x31,0x45,0x31,
    0x44,0x39,0x23,0x31,0x84,0x41,0x26,0x5a,0xa7,0x6a,0xc7,0x72,0xc8,0x7a,0x29,0x83,
    0xcc,0x93,0xaf,0xa4,0x94,0xbd,0x58,0xd6,0xba,0xd6,0xdb,0xde,0x1c,0xe7,0x5d,0xef,
    0x7d,0xef,0xdf,0xff,0xf7,0xbd,0x28,0x42,0x08,0x42,0x08,0x42,0x28,0x42,0x07,0x42,
    0xc6,0x39,0xc6,0x39,0xe7,0x39,0x08,0x42,0xe7,0x39,0xe7,0x39,0xc7,0x39,0xe7,0x39,
    0xc7,0x39,0xa6,0x31,0xc7,0x39,0xc7,0x39,0xc7,0x39,0xc7,0x39,0xc7,0x39,0xc7,0x39,
    0xc7,0x39,0xc7,0x39,0xa6,0x31,0xc7,0x39,0xc7,0x39,0xc7,0x39,0xc7,0x39,0xc7,0x39,
    0xa6,0x31,0xa6,0x31,0xa6,0x31,0xa6,0x31,0xc7,0x39,0xc7,0x39,0xe7,0x39,0xe7,0x39,
    0xc7,0x39,0xc7,0x39,0xc7,0x39,0xc7,0x39,0xc7,0x39,0x28,0x42,0x29,0x42,0xe8,0x39,
    0x08,0x42,0x08,0x42,0xa6,0x31,0xc7,0x39,0xe7,0x39,0xc7,0x39,0xc6,0x39,0xc7,0x39,
    0xc7,0x39,0xa6,0x31,0xe7,0x39,0xe7,0x39,0xc7,0x39,0xc7,0x39,0xc7,0x39,0xc7,0x39,
    0xc7,0x39,0xe7,0x39,0x28,0x42,0x08,0x42,0xc7,0x39,0xe7,0x39,0xc7,0x39,0xa6,0x31,
    0xc7,0x39,0xa6,0x31,0x86,0x31,0x86,0x31,0xc7,0x39,0xc7,0x39,0xc7,0x39,0xc7,0x39,
    0xa6,0x31,0xc7,0x39,0xc7,0x39,0x86,0x31,0x86,0x31,0xa6,0x31,0xa6,0x31,0xa6,0x31,
    0x85,0x31,0xc6,0x39,0xa6,0x31,0x65,0x31,0x85,0x31,0x85,0x31,0x85,0x31,0x85,0x31,
    0xa6,0x31,0xa6,0x39,0xa6,0x31,0xa6,0x31,0xa6,0x31,0xa6,0x31,0xa6,0x31,0x85,0x31,
    0x85,0x31,0x85,0x31,0x65,0x31,0x85,0x31,0x85,0x31,0xa6,0x31,0xa6,0x31,0x85,0x31,
    0x85,0x31,0xa6,0x31,0xc6,0x39,0xa6,0x31,0xa6,0x31,0xc6,0x39,0xa6,0x31,0xc6,0x39,
    0xc6,0x39,0xc6,0x39,0xc6,0x39,0xc6,0x39,0xa6,0x31,0x85,0x31,0x85,0x31,0x65,0x29,
    0xc6,0x39,0x28,0x42,0xe7,0x39,0xe7,0x39,0x07,0x42,0x69,0x4a,0xca,0x5a,0x48,0x4a,
    0xe7,0x39,0x07,0x42,0xc6,0x39,0xc6,0x39,0xc6,0x39,0xa6,0x31,0xa6,0x31,0xc7,0x39,
    0x07,0x42,0xc6,0x39,0x85,0x31,0xa6,0x39,0xc6,0x39,0xc6,0x39,0xc6,0x39,0x07,0x42,
    0x28,0x42,0xe7,0x39,0xc6,0x39,0xc6,0x39,0xa6,0x31,0xa6,0x39,0xc6,0x39,0xc6,0x39,
    0xc6,0x39,0xc6,0x39,0xe7,0x39,0x69,0x4a,0x69,0x4a,0xe7,0x39,0xe7,0x41,0x48,0x4a,
    0xe7,0x39,0x91,0x94,0xdb,0xde,0xdb,0xde,0x1c,0xe7,0x1c,0xe7,0x1c,0xe7,0x3c,0xe7,
    0x1c,0xe7,0xfb,0xde,0xbb,0xde,0x59,0xce,0xd6,0xbd,0x33,0xad,0x90,0xa4,0x0e,0x94,
    0x4b,0x7b,0xe5,0x51,0x63,0x41,0x63,0x41,0x84,0x49,0xa4,0x49,0xa4,0x49,0x83,0x41,
    0x83,0x41,0x84,0x41,0xa4,0x49,0xc4,0x51,0xe4,0x59,0xc5,0x51,0x84,0x49,0x63,0x41,
    0x63,0x41,0xa4,0x49,0xa4,0x51,0x84,0x49,0x63,0x41,0x63,0x41,0x84,0x41,0x84,0x41,
    0x84,0x41,0x84,0x41,0x64,0x41,0x64,0x41,0x64,0x41,0x63,0x41,0x63,0x41,0x63,0x41,
    0x64,0x41,0x44,0x39,0x43,0x39,0x43,0x39,0x44,0x39,0x64,0x39,0x44,0x39,0x44,0x39,
    0x44,0x39,0x44,0x39,0x44,0x31,0x23,0x31,0x24,0x31,0x24,0x31,0x04,0x31,0x04,0x31,
    0x04,0x29,0x04,0x29,0x04,0x29,0x03,0x29,0x03,0x29,0x04,0x29,0x02,0x31,0x82,0x49,
    0x8b,0xac,0x87,0x8b,0xa0,0x28,0x24,0x31,0x45,0x31,0x44,0x31,0x22,0x31,0x84,0x41,
    0x46,0x5a,0x87,0x6a,0xc8,0x72,0xe8,0x7a,0x49,0x83,0x0c,0x94,0xf1,0xac,0xd6,0xc5,
    0x79,0xd6,0xdb,0xde,0xfc,0xde,0x3d,0xe7,0x7e,0xef,0x7d,0xef,0xbe,0xf7,0x10,0x84,
    0x86,0x31,0x08,0x42,0x08,0x42,0x08,0x42,0xc7,0x39,0xe7,0x39,0x08,0x42,0x28,0x42,
    0x08,0x42,0xe7,0x39,0xe7,0x39,0xc7,0x39,0xa6,0x31,0xa6,0x31,0xc7,0x39,0xc7,0x39,
    0xc7,0x39,0xa6,0x31,0xc7,0x39,0xc7,0x39,0xa6,0x31,0x86,0x31,0xc7,0x39,0xe7,0x39,
    0xc7,0x39,0xc7,0x39,0xa6,0x31,0xa6,0x31,0xa6,0x31,0xa6,0x31,0x86,0x31,0x86,0x31,
    0xc7,0x39,0xa6,0x31,0xa6,0x31,0xa6,0x31,0xc7,0x39,0xa7,0x31,0xa7,0x31,0xa6,0x31,
    0xa7,0x31,0x08,0x42,0x49,0x42,0xc7,0x39,0xc7,0x39,0x08,0x42,0xc7,0x39,0xa6,0x31,
    0xc7,0x39,0xe7,0x39,0xc7,0x39,0xc7,0x39,0xa6,0x31,0x86,0x31,0xc7,0x39,0xe7,0x39,
    0xe7,0x39,0xa6,0x31,0xc7,0x39,0xa6,0x31,0xa6,0x31,0x08,0x42,0x28,0x42,0xe7,0x39,
    0xa6,0x31,0xc7,0x39,0xc7,0x39,0xa6,0x31,0xa6,0x31,0xc7,0x39,0xc7,0x39,0xa6,0x31,
    0xc7,0x39,0xa6,0x31,0xc7,0x39,0xc7,0x39,0xa6,0x31,0xa6,0x31,0xc7,0x39,0xc7,0x39,
    0xa6,0x39,0xc7,0x39,0xc7,0x39,0xe7,0x39,0x85,0x31,0xc6,0x39,0xa6,0x31,0x65,0x29,
    0x65,0x31,0x85,0x31,0x85,0x31,0x85,0x31,0xa6,0x31,0xa6,0x31,0xa6,0x39,0xa6,0x31,
    0x85,0x31,0x85,0x31,0x85,0x31,0x85,0x31,0x85,0x31,0x85,0x31,0x85,0x31,0xa6,0x39,
    0xc6,0x39,0x85,0x31,0x85,0x31,0x85,0x31,0x85,0x31,0xa6,0x31,0xc6,0x39,0x85,0x31,
    0x85,0x31,0xa6,0x39,0x85,0x31,0xa6,0x31,0xa6,0x31,0xa6,0x31,0xa6,0x31,0xa6,0x31,
    0x85,0x31,0xa6,0x31,0xa6,0x31,0x65,0x29,0xc6,0x39,0x07,0x42,0xe7,0x39,0xc6,0x39,
    0xc6,0x39,0x28,0x42,0xeb,0x5a,0xeb,0x5a,0xca,0x5a,0x89,0x52,0x28,0x42,0x28,0x42,
    0x07,0x42,0xa6,0x39,0xc6,0x39,0x07,0x42,0x07,0x42,0xc6,0x39,0xa6,0x39,0xa6,0x31,
    0xa6,0x31,0xa6,0x31,0x85,0x31,0xa6,0x31,0xc6,0x39,0xc6,0x39,0xa6,0x39,0xa6,0x31,
    0xa6,0x31,0xc6,0x39,0xc6,0x39,0xc6,0x39,0xa6,0x31,0xc6,0x39,0xe7,0x41,0x48,0x4a,
    0xaa,0x52,0x28,0x42,0xe7,0x39,0xe7,0x39,0x2c,0x63,0x38,0xce,0xda,0xde,0xdb,0xde,
    0x1c,0xe7,0x3c,0xe7,0x1c,0xe7,0x1c,0xe7,0x1c,0xe7,0xdb,0xde,0x9a,0xd6,0x18,0xc6,
    0x75,0xb5,0xd2,0xac,0x4f,0x9c,0xac,0x8b,0x26,0x5a,0x63,0x41,0x83,0x41,0xa4,0x49,
    0xa4,0x49,0xa4,0x51,0xa3,0x49,0xa3,0x49,0xa3,0x49,0x83,0x41,0x83,0x49,0xc4,0x51,
    0xe4,0x59,0xa4,0x51,0x63,0x49,0x83,0x49,0xa4,0x51,0xc4,0x51,0xc4,0x59,0xa4,0x51,
    0xa4,0x51,0xa4,0x49,0xc4,0x51,0xa4,0x49,0x84,0x49,0x63,0x41,0x63,0x41,0x63,0x41,
    0x84,0x41,0x84,0x49,0xa4,0x49,0xa4,0x49,0x84,0x41,0x64,0x39,0x43,0x39,0x43,0x39,
    0x64,0x39,0x64,0x39,0x64,0x39,0x64,0x39,0x44,0x39,0x44,0x39,0x44,0x39,0x24,0x31,
    0x24,0x31,0x24,0x31,0x24,0x31,0x04,0x31,0x04,0x29,0x04,0x29,0x04,0x29,0x04,0x29,
    0x23,0x29,0x24,0x29,0x05,0x31,0xa2,0x28,0xc2,0x51,0x4c,0xc5,0xe7,0x93,0xc0,0x28,
    0x03,0x31,0x44,0x31,0x64,0x31,0x43,0x31,0xc4,0x49,0x46,0x62,0xa7,0x6a,0xc7,0x7a,
    0x08,0x7b,0x6a,0x8b,0x4e,0x9c,0x53,0xb5,0x17,0xc6,0x9a,0xd6,0xdb,0xde,0x1c,0xe7,
    0x5d,0xef,0x9e,0xf7,0x9e,0xf7,0x79,0xce,0xe7,0x39,0xc6,0x39,0xe7,0x39,0x08,0x42,
    0xe7,0x39,0xc6,0x39,0xe7,0x39,0xe7,0x39,0xc7,0x39,0xe7,0x39,0xe7,0x39,0xe7,0x39,
    0xe7,0x39,0xc7,0x39,0xc7,0x39,0xe7,0x39,0xe7,0x39,0xc7,0x39,0xc7,0x39,0x28,0x42,
    0x08,0x42,0xc7,0x39,0xe7,0x39,0xe7,0x39,0xe7,0x39,0x08,0x42,0xe7,0x39,0xc7,0x39,
    0xa6,0x31,0xa6,0x31,0xa6,0x31,0xc7,0x39,0xc7,0x39,0xc7,0x39,0xc7,0x39,0xc7,0x39,
    0xc7,0x39,0xa7,0x31,0xa7,0x31,0x86,0x31,0x86,0x31,0x08,0x42,0x69,0x4a,0x08,0x42,
    0xc7,0x39,0xe7,0x39,0xe7,0x39,0xa6,0x31,0xc7,0x39,0xe7,0x39,0xc7,0x39,0xa6,0x31,
    0x86,0x31,0xa6,0x31,0xc7,0x39,0x49,0x4a,0x08,0x42,0x86,0x31,0xc7,0x39,0xc7,0x39,
    0xe7,0x39,0x49,0x4a,0x08,0x42,0xc7,0x39,0xe7,0x39,0xc7,0x39,0xe7,0x39,0xc7,0x39,
    0xa6,0x31,0xc7,0x39,0xc7,0x39,0xc7,0x39,0xc7,0x39,0xc7,0x39,0xe7,0x39,0xc7,0x39,
    0xc7,0x39,0xc7,0x39,0xa6,0x31,0xc7,0x39,0xa6,0x31,0xa6,0x39,0xa6,0x31,0xa6,0x31,
    0xa6,0x31,0xa6,0x31,0x85,0x31,0x85,0x31,0xa6,0x31,0xa6,0x31,0xa6,0x31,0x85,0x31,
    0x85,0x31,0xa6,0x31,0xa6,0x31,0x85,0x31,0x85,0x31,0x85,0x31,0x85,0x31,0x85,0x31,
    0x85,0x31,0x85,0x31,0x85,0x31,0xa6,0x39,0xa6,0x31,0xa6,0x31,0xa6,0x31,0xa6,0x39,
    0xc6,0x39,0xa6,0x31,0x85,0x31,0x85,0x31,0x65,0x29,0x85,0x31,0x85,0x31,0xa6,0x31,
    0xa6,0x39,0xc6,0x39,0xc6,0x39,0xa6,0x31,0xa6,0x31,0xc6,0x39,0xc6,0x39,0xa6,0x31,
    0xc6,0x39,0xa6,0x31,0xa6,0x31,0xc6,0x39,0xe7,0x39,0xc6,0x39,0xe7,0x39,0x2c,0x63,
    0xee,0x7b,0x6d,0x6b,0x48,0x4a,0x48,0x4a,0x89,0x52,0x07,0x42,0xe6,0x39,0x07,0x42,
    0xc6,0x39,0xc6,0x31,0xc6,0x39,0xc6,0x39,0xa6,0x39,0xa6,0x31,0xc6,0x39,0xa6,0x31,
    0xa6,0x31,0x85,0x31,0xa6,0x31,0xc6,0x39,0xc6,0x39,0xa6,0x31,0xa6,0x31,0xc7,0x39,
    0xc6,0x39,0xa6,0x31,0xc7,0x39,0xe7,0x39,0x07,0x42,0x28,0x42,0xa6,0x39,0xa6,0x39,
    0xf3,0xa4,0x9a,0xd6,0xdb,0xde,0x1c,0xe7,0x1c,0xe7,0x3c,0xe7,0x3c,0xe7,0x1c,0xe7,
    0xfc,0xde,0xbb,0xd6,0x59,0xce,0xd6,0xbd,0x13,0xad,0x91,0xa4,0x0e,0x94,0xa8,0x6a,
    0x83,0x41,0x83,0x41,0xa4,0x49,0xc4,0x51,0xc4,0x51,0xa3,0x51,0xa4,0x51,0xc4,0x51,
    0xc4,0x51,0x83,0x49,0xc4,0x51,0xe4,0x59,0xe4,0x59,0xa4,0x51,0xa3,0x51,0xa3,0x51,
    0xe4,0x59,0xe4,0x59,0x05,0x5a,0xe5,0x59,0xc4,0x51,0xc4,0x59,0xc4,0x59,0xc4,0x51,
    0xa4,0x51,0x83,0x49,0x43,0x41,0x63,0x41,0xa4,0x49,0xa4,0x49,0x84,0x49,0xa4,0x49,
    0x84,0x49,0x84,0x41,0x63,0x41,0x63,0x41,0x84,0x41,0x63,0x41,0x64,0x41,0x64,0x39,
    0x43,0x39,0x63,0x39,0x44,0x39,0x44,0x39,0x44,0x39,0x24,0x31,0x23,0x31,0x24,0x31,
    0x24,0x29,0x04,0x29,0x04,0x29,0x04,0x29,0x04,0x29,0x04,0x29,0x03,0x29,0x25,0x31,
    0xc2,0x28,0xe1,0x49,0x6c,0xcd,0xe7,0x9b,0xc0,0x30,0x24,0x31,0x45,0x31,0x24,0x31,
    0x43,0x39,0x05,0x52,0x66,0x6a,0x86,0x6a,0xe7,0x7a,0x29,0x7b,0xcb,0x93,0xb0,0xac,
    0xb5,0xc5,0x79,0xd6,0xba,0xd6,0xfc,0xde,0x3c,0xe7,0x7d,0xef,0x7e,0xef,0x9f,0xf7,
    0xcf,0x7b,0xa6,0x31,0xe7,0x39,0xc7,0x39,0xc7,0x39,0xe7,0x39,0xc7,0x39,0xc7,0x39,
    0xe7,0x39,0xe7,0x39,0xe7,0x39,0x08,0x42,0x08,0x3a,0xe7,0x39,0xe7,0x39,0xe7,0x39,
    0xe7,0x39,0xa6,0x31,0xa6,0x31,0x08,0x42,0x08,0x42,0xa6,0x31,0xc7,0x39,0xe7,0x39,
    0x28,0x42,0x08,0x42,0xc7,0x39,0xc7,0x39,0xc7,0x39,0xa6,0x31,0xa6,0x31,0xa6,0x31,
    0xa6,0x31,0xc7,0x39,0xe7,0x39,0xa6,0x31,0xe7,0x39,0xc7,0x39,0xa6,0x31,0x86,0x31,
    0xa6,0x31,0x08,0x42,0x28,0x42,0xe7,0x39,0xe7,0x39,0xc7,0x39,0xe7,0x39,0xc7,0x31,
    0x08,0x42,0x08,0x42,0xe7,0x39,0xa6,0x31,0xa7,0x31,0xc7,0x39,0xe8,0x39,0xe7,0x39,
    0xe7,0x39,0xa6,0x31,0x86,0x31,0xe7,0x39,0xe8,0x39,0xe8,0x39,0xc7,0x39,0xe7,0x39,
    0xe7,0x39,0xc7,0x39,0xa6,0x31,0xc7,0x39,0xa6,0x31,0xc7,0x39,0xe7,0x39,0xe7,0x39,
    0x08,0x42,0x08,0x42,0x28,0x42,0x08,0x42,0x28,0x42,0x08,0x42,0xa6,0x31,0x86,0x31,
    0x65,0x31,0xa6,0x39,0xc7,0x39,0xa6,0x31,0xa6,0x39,0xa6,0x31,0xa6,0x31,0x85,0x31,
    0x85,0x31,0xa6,0x31,0x85,0x31,0x65,0x29,0x85,0x31,0xa6,0x31,0x85,0x31,0xa6,0x31,
    0x85,0x31,0x85,0x31,0x85,0x31,0xc6,0x39,0x85,0x31,0x65,0x31,0x85,0x31,0xa6,0x39,
    0xa6,0x31,0x85,0x31,0xc6,0x39,0xe7,0x39,0xc6,0x39,0x85,0x31,0xa6,0x31,0xa6,0x31,
    0x85,0x31,0xa6,0x31,0xa6,0x39,0xc6,0x39,0xc6,0x39,0xa6,0x39,0xa6,0x39,0xa6,0x39,
    0xa6,0x31,0xa6,0x39,0xc6,0x39,0xa6,0x31,0xa6,0x31,0x85,0x31,0xa6,0x31,0xa6,0x39,
    0xa6,0x31,0xc6,0x39,0xc6,0x39,0x69,0x4a,0x6d,0x6b,0xae,0x73,0xca,0x5a,0xa9,0x52,
    0xaa,0x52,0x48,0x4a,0xc6,0x39,0xe7,0x39,0xe7,0x39,0xc6,0x39,0xa6,0x31,0xa6,0x39,
    0xc6,0x39,0xc6,0x39,0xe7,0x39,0xe7,0x39,0xe7,0x39,0xa6,0x39,0xa6,0x31,0xc6,0x39,
    0xc6,0x39,0xc6,0x39,0xc6,0x39,0x07,0x42,0x07,0x42,0xa6,0x31,0xc6,0x39,0xc7,0x39,
    0xc6,0x39,0x07,0x42,0xa6,0x39,0x0b,0x63,0x17,0xc6,0xdb,0xde,0xfb,0xde,0x1c,0xe7,
    0x1c,0xe7,0x3d,0xe7,0x3c,0xe7,0x1c,0xe7,0xdb,0xde,0x9a,0xd6,0x18,0xc6,0x75,0xb5,
    0xf3,0xac,0x90,0xa4,0x2a,0x7b,0xc4,0x51,0x83,0x41,0xa3,0x49,0xc4,0x51,0xc4,0x51,
    0xc4,0x51,0xc4,0x51,0xe4,0x59,0x05,0x62,0xe4,0x59,0xa3,0x51,0xc4,0x59,0xe4,0x59,
    0xc4,0x59,0xe4,0x59,0x04,0x62,0xe4,0x59,0x04,0x62,0x05,0x62,0xe4,0x59,0xe4,0x59,
    0xc3,0x51,0xe4,0x59,0x04,0x62,0x04,0x5a,0xe4,0x59,0xa4,0x51,0x63,0x49,0x84,0x49,
    0xe4,0x51,0xa4,0x51,0xa3,0x51,0xa4,0x51,0xa4,0x51,0xa4,0x49,0x84,0x49,0x84,0x49,
    0xa4,0x49,0x84,0x41,0x64,0x41,0x64,0x39,0x43,0x39,0x43,0x39,0x64,0x39,0x44,0x39,
    0x44,0x39,0x44,0x31,0x23,0x31,0x23,0x31,0x24,0x31,0x24,0x29,0x04,0x29,0x04,0x29,
    0x04,0x29,0x04,0x29,0x03,0x29,0x03,0x29,0x24,0x31,0xc1,0x28,0xa1,0x51,0xce,0xd5,
    0x25,0x7b,0x60,0x18,0x45,0x31,0x44,0x31,0x23,0x31,0x64,0x41,0x26,0x5a,0x86,0x6a,
    0xc7,0x72,0x08,0x7b,0x6a,0x83,0x0d,0x9c,0x12,0xad,0x17,0xc6,0x99,0xd6,0xdb,0xde,
    0x1c,0xdf,0x5d,0xef,0x9e,0xf7,0x9e,0xf7,0x7a,0xce,0x08,0x42,0xc6,0x31,0xc7,0x39,
    0xa6,0x31,0xc7,0x39,0xe7,0x39,0xa6,0x31,0xe7,0x39,0xe7,0x39,0xe7,0x39,0x28,0x42,
    0x28,0x42,0x08,0x42,0xe7,0x39,0xc7,0x31,0xc7,0x39,0xa6,0x31,0xc7,0x39,0xc7,0x39,
    0xa6,0x31,0xc7,0x39,0xc7,0x39,0xa6,0x31,0xc7,0x39,0xc7,0x39,0xc7,0x39,0xe7,0x39,
    0x08,0x42,0xe7,0x39,0xa6,0x31,0xa6,0x31,0xa6,0x31,0xe7,0x39,0x28,0x42,0xc7,0x39,
    0xc7,0x39,0xc7,0x39,0xc7,0x39,0xa6,0x31,0xc7,0x39,0xe7,0x39,0x28,0x42,0x28,0x42,
    0x08,0x3a,0xc6,0x31,0xc7,0x39,0xc7,0x39,0x08,0x42,0xe7,0x39,0xc7,0x31,0xc7,0x31,
    0xe7,0x39,0xc7,0x39,0xc7,0x39,0xa6,0x31,0xc7,0x39,0xa6,0x31,0x86,0x31,0xe7,0x39,
    0xe7,0x39,0xa6,0x31,0xe7,0x39,0x08,0x42,0xa6,0x31,0xa6,0x31,0xa6,0x31,0xc7,0x39,
    0xe7,0x39,0xc7,0x39,0xc7,0x39,0xe7,0x39,0x28,0x42,0x08,0x42,0xe7,0x39,0xe7,0x39,
    0x08,0x42,0xe7,0x39,0xa6,0x39,0xa6,0x31,0x66,0x31,0x86,0x31,0xa6,0x31,0xc7,0x39,
    0xa6,0x31,0xa6,0x31,0xa6,0x31,0x85,0x31,0x65,0x31,0x85,0x31,0x85,0x31,0x65,0x29,
    0x85,0x31,0x85,0x31,0x85,0x31,0x85,0x31,0x85,0x31,0x85,0x31,0xa6,0x31,0xc6,0x39,
    0xa6,0x31,0xa6,0x39,0xa6,0x31,0x85,0x31,0xa6,0x31,0xa6,0x31,0xc6,0x39,0xc6,0x39,
    0xc6,0x39,0xa6,0x31,0xa6,0x31,0x85,0x31,0x85,0x31,0xc6,0x39,0xe7,0x39,0xc6,0x39,
    0xc6,0x39,0xa6,0x39,0xc6,0x39,0xa6,0x31,0x85,0x31,0x85,0x31,0x85,0x31,0x85,0x31,
    0x85,0x31,0xa6,0x31,0xc6,0x39,0xc6,0x39,0xc6,0x39,0xc6,0x39,0xc6,0x31,0xe7,0x39,
    0xaa,0x52,0xeb,0x5a,0x89,0x4a,0x89,0x52,0x48,0x4a,0xe7,0x39,0xc6,0x31,0xc6,0x39,
    0x28,0x42,0x28,0x42,0xe7,0x39,0xa5,0x31,0xc6,0x39,0xe7,0x39,0xa6,0x31,0xc6,0x39,
    0x07,0x42,0x07,0x42,0xa6,0x39,0xa6,0x31,0xe7,0x39,0xe7,0x41,0xc6,0x39,0xe7,0x39,
    0xe7,0x39,0xa6,0x31,0xc6,0x39,0xc6,0x39,0x48,0x4a,0x48,0x4a,0xe6,0x39,0xd2,0x9c,
    0xba,0xde,0xfb,0xde,0x1c,0xe7,0x3c,0xe7,0x3d,0xe7,0x3d,0xe7,0x1c,0xe7,0xfb,0xde,
    0xbb,0xd6,0x59,0xce,0xd6,0xbd,0x54,0xb5,0xf2,0xb4,0xcd,0x93,0xe5,0x59,0x83,0x49,
    0x83,0x49,0xc4,0x51,0xe4,0x59,0xe4,0x59,0xe4,0x59,0xc4,0x59,0xc4,0x59,0xc4,0x59,
    0xe4,0x59,0xc4,0x59,0xe4,0x59,0xc4,0x59,0xc3,0x59,0xe4,0x61,0x25,0x6a,0x04,0x62,
    0x04,0x62,0xc3,0x59,0xa3,0x51,0xa3,0x51,0xa3,0x51,0xc4,0x59,0xe4,0x59,0xe4,0x59,
    0xe4,0x59,0xc4,0x59,0xc4,0x51,0xc4,0x59,0xe5,0x59,0xe4,0x59,0xc4,0x59,0xc4,0x59,
    0xa4,0x51,0x84,0x49,0x83,0x49,0x83,0x49,0xa4,0x49,0x84,0x49,0x64,0x41,0x64,0x41,
    0x64,0x41,0x63,0x39,0x63,0x39,0x44,0x39,0x44,0x39,0x43,0x39,0x23,0x31,0x23,0x31,
    0x24,0x31,0x23,0x31,0x04,0x29,0x04,0x29,0x04,0x29,0x04,0x29,0x04,0x29,0x23,0x29,
    0x03,0x29,0x25,0x31,0xa2,0x28,0x23,0x5a,0x2d,0xbd,0xe3,0x49,0xc2,0x28,0x64,0x39,
    0x44,0x39,0x23,0x31,0xa4,0x49,0x46,0x5a,0x86,0x6a,0xc7,0x72,0x08,0x7b,0x8b,0x8b,
    0x4e,0x9c,0x94,0xbd,0x78,0xd6,0xba,0xd6,0xfb,0xde,0x3d,0xe7,0x7e,0xef,0x7e,0xef,
    0x9e,0xf7,0xae,0x73,0x86,0x31,0x08,0x42,0xa6,0x31,0xa6,0x31,0xc7,0x39,0xe7,0x39,
    0xe7,0x39,0xe7,0x39,0xe7,0x39,0x08,0x42,0x08,0x42,0x28,0x42,0x28,0x42,0xe7,0x39,
    0xc7,0x39,0xe7,0x39,0xc7,0x39,0xa6,0x31,0xa6,0x31,0xe7,0x39,0xe7,0x39,0xc7,0x39,
    0xc7,0x39,0xa6,0x31,0xc7,0x39,0xa6,0x31,0xc7,0x39,0xe7,0x39,0xc7,0x39,0xa6,0x31,
    0xa6,0x31,0xc7,0x39,0xe7,0x39,0xa6,0x31,0xa6,0x31,0xa6,0x31,0xc7,0x39,0xe7,0x39,
    0xe7,0x39,0x08,0x42,0x28,0x42,0x08,0x42,0xe7,0x39,0xa6,0x31,0xa6,0x31,0xa6,0x31,
    0xe7,0x39,0xe7,0x39,0x07,0x3a,0x08,0x42,0xe7,0x39,0xc7,0x39,0x86,0x31,0x86,0x31,
    0xa6,0x31,0xa6,0x31,0xc7,0x39,0xe7,0x39,0xa6,0x31,0xa6,0x31,0xc7,0x39,0xc7,0x39,
    0xc7,0x39,0x08,0x42,0xc7,0x39,0xa6,0x31,0xa6,0x31,0xc7,0x39,0xa6,0x31,0xa6,0x31,
    0xc7,0x39,0xa6,0x31,0xa6,0x31,0x86,0x31,0xa6,0x31,0xa6,0x31,0xa6,0x39,0xa6,0x39,
    0xa6,0x31,0x86,0x31,0xa6,0x31,0xa6,0x31,0xc6,0x39,0xc6,0x39,0xc6,0x39,0x85,0x31,
    0x85,0x31,0x65,0x31,0x85,0x31,0x85,0x31,0xa6,0x31,0xa6,0x31,0x85,0x31,0x85,0x31,
    0xa6,0x39,0xa6,0x39,0x85,0x31,0xa6,0x31,0xa6,0x31,0xc6,0x39,0xa6,0x31,0x85,0x31,
    0xa6,0x31,0xa6,0x39,0xa6,0x31,0xa6,0x31,0xc6,0x39,0xc6,0x39,0xa6,0x31,0x85,0x31,
    0xa6,0x31,0xc6,0x39,0xe7,0x39,0xa6,0x31,0x85,0x31,0xa6,0x31,0xa6,0x31,0x85,0x31,
    0x85,0x31,0x85,0x31,0x85,0x31,0x85,0x31,0xa6,0x31,0xa6,0x31,0xa6,0x31,0xa6,0x31,
    0xa6,0x31,0xc6,0x31,0xc6,0x31,0xc6,0x39,0x07,0x42,0x48,0x4a,0x07,0x42,0x28,0x42,
    0x48,0x4a,0xc6,0x39,0xa6,0x31,0xa6,0x31,0xc6,0x39,0x27,0x42,0x07,0x42,0xe7,0x39,
    0x28,0x42,0x28,0x42,0xe7,0x39,0x07,0x42,0xc6,0x39,0xe7,0x39,0x07,0x42,0xe7,0x41,
    0xe7,0x39,0xe7,0x39,0xa6,0x31,0xa6,0x31,0xa6,0x31,0xa6,0x31,0x85,0x31,0xc6,0x39,
    0x69,0x52,0xc6,0x39,0xaa,0x5a,0xf7,0xc5,0xba,0xde,0xfb,0xde,0x3c,0xe7,0x3c,0xe7,
    0x3d,0xe7,0x1c,0xe7,0x1c,0xe7,0xdb,0xde,0x7a,0xd6,0x18,0xc6,0x95,0xbd,0x33,0xb5,
    0xb0,0xa4,0xc8,0x72,0x63,0x49,0x83,0x49,0xc4,0x51,0x05,0x62,0xc3,0x59,0xe4,0x59,
    0xe4,0x59,0xc4,0x59,0xc3,0x59,0xa3,0x59,0xc3,0x59,0xe4,0x61,0x04,0x62,0xe4,0x59,
    0xc3,0x59,0xe4,0x61,0x04,0x62,0xe4,0x61,0xe4,0x61,0xa3,0x59,0xa3,0x59,0xa3,0x59,
    0xc3,0x59,0xc4,0x59,0xa3,0x59,0xa3,0x59,0xc3,0x59,0xc4,0x59,0xc4,0x59,0xe4,0x59,
    0xe4,0x59,0xe4,0x59,0xc4,0x59,0xa4,0x59,0x83,0x51,0x83,0x49,0x83,0x49,0x83,0x49,
    0xc4,0x51,0xa4,0x49,0x84,0x49,0xa4,0x49,0x84,0x41,0x63,0x41,0x43,0x39,0x63,0x39,
    0x43,0x39,0x43,0x39,0x43,0x39,0x44,0x39,0x44,0x31,0x24,0x31,0x24,0x31,0x24,0x31,
    0x23,0x29,0x03,0x29,0x04,0x31,0x04,0x29,0x23,0x29,0x24,0x29,0x25,0x31,0x81,0x28,
    0x04,0x5a,0x0a,0x9c,0x21,0x31,0x44,0x31,0x64,0x39,0x23,0x31,0x43,0x39,0xc5,0x49,
    0x46,0x62,0xa7,0x6a,0xe8,0x7a,0x49,0x83,0xec,0x93,0xf1,0xac,0xf6,0xc5,0x9a,0xd6,
    0xdb,0xde,0x1c,0xdf,0x3d,0xe7,0x9e,0xf7,0x9e,0xf7,0xf8,0xbd,0xe7,0x39,0xe7,0x39,
    0xe7,0x39,0xc7,0x39,0xe7,0x39,0x08,0x42,0x08,0x42,0xc7,0x39,0xe7,0x39,0xc7,0x39,
    0xe7,0x39,0xe7,0x39,0x07,0x3a,0x07,0x3a,0xe7,0x39,0xc7,0x39,0xc7,0x39,0xe7,0x39,
    0xe7,0x39,0xc7,0x39,0xc7,0x39,0x08,0x42,0x28,0x42,0xc7,0x39,0xa6,0x31,0xc7,0x39,
    0xc7,0x39,0xc7,0x39,0xc7,0x39,0xa6,0x31,0xa6,0x31,0xc6,0x39,0xa6,0x31,0xa6,0x31,
    0xa6,0x31,0xe7,0x39,0xc7,0x39,0xc7,0x39,0xe7,0x39,0x08,0x42,0x08,0x42,0xe7,0x39,
    0xc7,0x39,0xa6,0x31,0xa6,0x31,0xa6,0x31,0xa6,0x31,0xc7,0x31,0xe7,0x39,0xe7,0x39,
    0xc7,0x39,0xa6,0x31,0x86,0x31,0x86,0x31,0xa6,0x31,0xa6,0x31,0x08,0x42,0xe7,0x39,
    0xa6,0x31,0xa6,0x31,0xa6,0x31,0xa6,0x31,0xa6,0x31,0xc7,0x39,0xa6,0x31,0xa6,0x31,
    0xa6,0x31,0xc7,0x39,0xc7,0x39,0xa6,0x31,0xa6,0x31,0xa6,0x31,0xc7,0x39,0xa6,0x31,
    0xa6,0x31,0xe7,0x39,0xc7,0x39,0xa6,0x31,0xa6,0x39,0xa6,0x31,0xa6,0x31,0xa6,0x31,
    0xc6,0x39,0xa6,0x31,0xa6,0x31,0x85,0x31,0x85,0x31,0x85,0x31,0x85,0x31,0x85,0x31,
    0xc6,0x39,0xe7,0x39,0x85,0x31,0x65,0x31,0xc6,0x39,0xc6,0x39,0x85,0x31,0x85,0x31,
    0x65,0x31,0x85,0x31,0xa6,0x31,0xa6,0x39,0xc6,0x39,0xa6,0x31,0x85,0x31,0x85,0x31,
    0x85,0x31,0xc6,0x39,0xa6,0x31,0xa6,0x31,0xc6,0x39,0xc6,0x39,0xa6,0x39,0xa6,0x31,
    0x85,0x31,0x85,0x31,0x85,0x31,0x85,0x31,0xa6,0x31,0xa6,0x31,0x85,0x31,0x85,0x31,
    0xa6,0x31,0xa6,0x39,0x85,0x31,0x85,0x31,0xc6,0x39,0xe7,0x39,0xe7,0x39,0xc6,0x39,
    0xe6,0x39,0xe7,0x39,0xe7,0x39,0x07,0x42,0x07,0x42,0xc6,0x39,0xa6,0x31,0x85,0x31,
    0xc6,0x39,0xe7,0x39,0xe7,0x39,0x07,0x42,0xe7,0x41,0x07,0x42,0x48,0x4a,0x69,0x4a,
    0xe7,0x39,0xc6,0x39,0x07,0x42,0x07,0x42,0xa6,0x31,0xa6,0x31,0xa6,0x31,0xa6,0x31,
    0x85,0x31,0x85,0x31,0x85,0x31,0xa6,0x31,0xe7,0x41,0xa5,0x31,0x50,0x8c,0x79,0xd6,
    0xdb,0xde,0x1c,0xe7,0x3d,0xe7,0x1c,0xe7,0x3d,0xe7,0x1c,0xe7,0xfc,0xe6,0xbb,0xd6,
    0x59,0xce,0xf7,0xc5,0x75,0xbd,0x12,0xb5,0xed,0x93,0x05,0x52,0x62,0x41,0xa3,0x51,
    0xe5,0x61,0xe4,0x61,0xe4,0x61,0xc4,0x59,0xc4,0x59,0xa3,0x59,0xe4,0x61,0x04,0x62,
    0xe4,0x61,0x05,0x62,0x25,0x6a,0xe4,0x61,0xc4,0x59,0x04,0x62,0x04,0x62,0xc3,0x59,
    0xc3,0x59,0xe4,0x61,0x25,0x6a,0x04,0x62,0xe4,0x61,0x04,0x62,0xe4,0x61,0xc3,0x59,
    0xc3,0x59,0xc4,0x59,0xc4,0x59,0xe4,0x61,0x04,0x62,0xe4,0x61,0xc4,0x59,0xa4,0x59,
    0xa4,0x51,0xc4,0x51,0xa3,0x51,0xa4,0x51,0xc4,0x51,0xa4,0x51,0xa4,0x49,0x84,0x49,
    0x84,0x41,0x63,0x41,0x63,0x41,0x64,0x41,0x63,0x41,0x43,0x39,0x44,0x39,0x44,0x39,
    0x44,0x39,0x44,0x31,0x23,0x31,0x24,0x31,0x24,0x31,0x03,0x29,0x04,0x31,0x04,0x29,
    0x24,0x29,0x23,0x29,0x03,0x29,0x04,0x31,0xc3,0x30,0x04,0x5a,0xe4,0x49,0x03,0x29,
    0x44,0x31,0x44,0x31,0x23,0x31,0x84,0x41,0x25,0x5a,0x86,0x6a,0xc7,0x72,0x08,0x7b,
    0x8a,0x8b,0x6e,0x9c,0x74,0xbd,0x79,0xd6,0xbb,0xd6,0xfc,0xde,0x3c,0xe7,0x7d,0xef,
    0x9e,0xf7,0x7e,0xef,0x0c,0x63,0xc6,0x31,0x49,0x4a,0x28,0x42,0xe7,0x39,0xc7,0x39,
    0xe7,0x39,0xc7,0x39,0xe7,0x39,0xc7,0x39,0x28,0x42,0xe7,0x39,0xe7,0x39,0xe7,0x39,
    0xc7,0x39,0xc7,0x39,0xa6,0x31,0xe7,0x39,0xe7,0x39,0xc7,0x39,0xc7,0x39,0xe7,0x39,
    0xe7,0x39,0xc7,0x39,0xc7,0x39,0xc7,0x39,0xc7,0x39,0xa6,0x31,0xa6,0x31,0xc7,0x39,
    0xa6,0x31,0xc6,0x39,0xa6,0x31,0xc6,0x39,0xc6,0x39,0x07,0x42,0xc7,0x39,0xa6,0x31,
    0xc6,0x39,0xe7,0x39,0xe7,0x39,0xe7,0x39,0xe7,0x39,0xe7,0x39,0xe7,0x39,0xc7,0x39,
    0xa6,0x31,0xc7,0x31,0xc7,0x39,0xa6,0x31,0x86,0x31,0xa6,0x31,0xa6,0x31,0xa6,0x31,
    0xa6,0x31,0xa6,0x31,0xe7,0x39,0xe7,0x39,0xa6,0x31,0xc7,0x39,0xa6,0x31,0xa6,0x31,
    0xa6,0x31,0xa6,0x31,0xa6,0x31,0xa6,0x31,0xa6,0x31,0xa6,0x31,0xc7,0x39,0xc7,0x39,
    0xa6,0x31,0xa6,0x31,0xa6,0x31,0x86,0x31,0xc7,0x39,0xe7,0x39,0xc7,0x39,0x86,0x31,
    0xa6,0x31,0x86,0x31,0xa6,0x31,0xa6,0x31,0x85,0x31,0x85,0x31,0x65,0x31,0x85,0x31,
    0xa6,0x31,0xa6,0x31,0x85,0x31,0x85,0x31,0xa6,0x31,0xc6,0x39,0xa6,0x31,0x85,0x31,
    0xa6,0x31,0xa6,0x39,0x85,0x31,0x65,0x31,0x65,0x31,0x85,0x31,0xa6,0x31,0xa6,0x39,
    0xa6,0x39,0xa6,0x31,0x85,0x31,0xa6,0x31,0x85,0x31,0xa6,0x31,0xa6,0x31,0xa6,0x31,
    0xa6,0x39,0xa6,0x31,0x85,0x31,0xa6,0x31,0x85,0x31,0x85,0x31,0xa6,0x31,0xa6,0x31,
    0xa6,0x31,0xa6,0x31,0xa6,0x31,0x85,0x31,0x85,0x31,0xc6,0x39,0xe7,0x39,0xe6,0x39,
    0x07,0x42,0x48,0x4a,0xe7,0x41,0xc6,0x39,0xc6,0x39,0xc6,0x39,0xc6,0x39,0xe7,0x39,
    0xc6,0x39,0xc6,0x39,0x85,0x31,0x85,0x31,0xa6,0x39,0xc6,0x39,0xe7,0x39,0xc6,0x39,
    0xa6,0x31,0xc6,0x39,0x07,0x42,0x07,0x42,0x07,0x42,0xc6,0x39,0xa6,0x31,0xa6,0x31,
    0xa6,0x31,0xc6,0x39,0x85,0x31,0xa5,0x31,0xa6,0x31,0xa6,0x31,0xa6,0x31,0x85,0x31,
    0xa6,0x31,0x68,0x4a,0x75,0xb5,0xba,0xd6,0xfb,0xde,0x1c,0xe7,0x3d,0xe7,0x3d,0xe7,
    0x3c,0xe7,0x1c,0xe7,0xfb,0xde,0x9a,0xd6,0x38,0xc6,0xd6,0xc5,0x54,0xbd,0x8f,0xa4,
    0xc8,0x72,0x83,0x49,0xa3,0x49,0x04,0x62,0x05,0x62,0x04,0x62,0xe4,0x61,0xc4,0x59,
    0xc3,0x59,0xc3,0x59,0xe4,0x61,0x05,0x62,0xe4,0x61,0xc4,0x61,0xe4,0x61,0xe4,0x61,
    0xe4,0x61,0xe4,0x59,0xe4,0x59,0xc3,0x59,0xe4,0x61,0x04,0x62,0x04,0x62,0x05,0x62,
    0x24,0x6a,0x24,0x6a,0x24,0x6a,0x24,0x6a,0x25,0x6a,0x04,0x62,0xc3,0x59,0xe4,0x61,
    0x24,0x6a,0x24,0x6a,0x04,0x62,0xc4,0x59,0xa3,0x59,0xc4,0x59,0xc4,0x59,0xe4,0x59,
    0xc4,0x59,0xa3,0x51,0x63,0x49,0x63,0x49,0x63,0x41,0x63,0x41,0x83,0x41,0x63,0x41,
    0x63,0x41,0x64,0x41,0x64,0x41,0x64,0x39,0x64,0x39,0x44,0x39,0x23,0x39,0x44,0x31,
    0x24,0x31,0x04,0x29,0x23,0x31,0x23,0x31,0x04,0x29,0x04,0x29,0x23,0x29,0x03,0x29,
    0x04,0x31,0x03,0x31,0x43,0x39,0x23,0x31,0x23,0x29,0x44,0x31,0x23,0x31,0x43,0x31,
    0xc4,0x49,0x46,0x62,0x86,0x6a,0xe8,0x7a,0x49,0x83,0x0c,0x94,0x11,0xb5,0x17,0xce,
    0x9a,0xd6,0xdb,0xde,0x1c,0xdf,0x5d,0xef,0x7e,0xef,0xbf,0xff,0xf3,0x9c,0x65,0x29,
    0x28,0x42,0xe7,0x39,0xe7,0x39,0xc7,0x39,0xe7,0x39,0xe7,0x39,0xe7,0x39,0xe7,0x39,
    0x08,0x3a,0x08,0x3a,0x07,0x3a,0x07,0x3a,0xe7,0x39,0xe7,0x39,0xa6,0x31,0xa6,0x31,
    0xc7,0x39,0x08,0x42,0xe7,0x39,0xa6,0x31,0xa6,0x31,0xa6,0x31,0xc7,0x39,0xc7,0x39,
    0xa6,0x31,0x86,0x31,0xa6,0x31,0xa6,0x31,0xc7,0x39,0xc7,0x39,0xa6,0x31,0xa6,0x31,
    0xc7,0x39,0xc6,0x39,0xc6,0x39,0xa6,0x31,0xc6,0x39,0xe7,0x39,0xe7,0x39,0xa6,0x31,
    0xa6,0x31,0xc7,0x39,0xc7,0x39,0xc7,0x39,0xa6,0x31,0xc7,0x39,0xa6,0x31,0xa6,0x31,
    0x86,0x31,0xa6,0x31,0xc7,0x39,0xa6,0x31,0xa6,0x31,0xc7,0x39,0xa6,0x31,0xa6,0x31,
    0xa6,0x31,0xa6,0x31,0xa6,0x31,0xa6,0x31,0xa6,0x31,0xc7,0x39,0xa6,0x31,0xa6,0x31,
    0xc7,0x39,0xa6,0x31,0xa6,0x31,0xa6,0x31,0xa6,0x31,0xa6,0x31,0xa6,0x31,0xa6,0x31,
    0xa6,0x31,0x86,0x31,0xa6,0x31,0xc7,0x39,0xc7,0x39,0xa6,0x31,0xa6,0x31,0xa6,0x31,
    0x85,0x31,0xa6,0x31,0x85,0x31,0x85,0x31,0xc6,0x39,0x85,0x31,0x65,0x31,0x85,0x31,
    0x85,0x31,0xa6,0x31,0xa6,0x31,0xa6,0x31,0xa6,0x39,0xc6,0x39,0x85,0x31,0x85,0x31,
    0x85,0x31,0xa6,0x31,0xa6,0x31,0xa6,0x31,0xa6,0x31,0xa6,0x31,0xa6,0x31,0xa6,0x31,
    0xa6,0x31,0xa6,0x31,0xa6,0x31,0xa6,0x31,0xa6,0x31,0xa6,0x31,0xa6,0x31,0xc6,0x39,
    0xa6,0x31,0xa6,0x31,0xa6,0x31,0x85,0x31,0xa6,0x39,0xc6,0x39,0xa6,0x39,0xa6,0x31,
    0x85,0x31,0xc6,0x39,0x28,0x42,0x07,0x42,0x07,0x42,0x28,0x42,0x07,0x42,0xa6,0x31,
    0xa6,0x31,0xc6,0x39,0xe7,0x39,0xe7,0x39,0xc6,0x39,0xc6,0x39,0xa6,0x31,0xa6,0x31,
    0xa6,0x31,0xc6,0x39,0xe7,0x41,0xe7,0x39,0xc6,0x39,0xa6,0x31,0xa6,0x31,0xc6,0x39,
    0xe7,0x39,0xc6,0x39,0xc6,0x39,0x85,0x31,0xa6,0x39,0xc6,0x39,0xa6,0x39,0xa6,0x39,
    0x85,0x31,0x65,0x31,0xa6,0x39,0xa6,0x31,0x64,0x29,0x6c,0x6b,0x37,0xce,0xba,0xd6,
    0xfc,0xde,0x3c,0xe7,0x3d,0xe7,0x3d,0xe7,0x1c,0xe7,0x1c,0xe7,0xdb,0xde,0x99,0xd6,
    0x18,0xc6,0xb5,0xbd,0x11,0xb5,0xcc,0x93,0x46,0x62,0x83,0x49,0xc3,0x51,0x25,0x62,
    0x25,0x6a,0xe4,0x61,0xc3,0x59,0xe4,0x61,0x25,0x6a,0xe4,0x61,0xc3,0x59,0x25,0x6a,
    0x04,0x62,0xc3,0x61,0xc3,0x59,0xe4,0x61,0x04,0x62,0xc3,0x59,0xa3,0x59,0xc3,0x59,
    0x04,0x62,0xe4,0x61,0x04,0x62,0x04,0x62,0x04,0x6a,0x24,0x6a,0x45,0x72,0x45,0x72,
    0x04,0x6a,0x04,0x62,0xe4,0x61,0x04,0x6a,0x04,0x6a,0x24,0x6a,0x04,0x62,0xc4,0x59,
    0xa3,0x59,0xc4,0x59,0xe4,0x61,0x04,0x62,0xe4,0x59,0xc4,0x59,0xa4,0x51,0x83,0x49,
    0x84,0x49,0xa4,0x49,0xa4,0x49,0x84,0x49,0x83,0x41,0x84,0x41,0x64,0x41,0x64,0x41,
    0x64,0x41,0x44,0x39,0x44,0x39,0x44,0x39,0x24,0x31,0x24,0x31,0x23,0x31,0x23,0x31,
    0x04,0x29,0x24,0x29,0x24,0x29,0x23,0x29,0x03,0x29,0x24,0x31,0x24,0x31,0x23,0x31,
    0x23,0x31,0x44,0x31,0x44,0x31,0x23,0x31,0x64,0x39,0x05,0x52,0x66,0x62,0xc7,0x72,
    0x08,0x83,0x8a,0x8b,0x8f,0xa4,0xd5,0xc5,0x79,0xd6,0xdb,0xd6,0xfc,0xde,0x3c,0xe7,
    0x7d,0xef,0x9e,0xf7,0x9a,0xd6,0x28,0x42,0xe7,0x39,0xe7,0x39,0xc7,0x39,0xc7,0x39,
    0xe7,0x39,0xc7,0x39,0xe7,0x39,0x08,0x42,0x08,0x42,0xe7,0x39,0x28,0x42,0xe7,0x39,
    0xc7,0x39,0xe7,0x39,0xa6,0x31,0xa6,0x31,0xc7,0x39,0x08,0x42,0x08,0x42,0xc7,0x39,
    0x86,0x31,0xa6,0x31,0xe7,0x39,0x08,0x42,0xc7,0x39,0xa6,0x31,0xa6,0x31,0xc7,0x39,
    0xc7,0x39,0xc7,0x39,0xa6,0x31,0xa6,0x31,0xc7,0x39,0xa6,0x31,0xa6,0x31,0xc6,0x39,
    0xc7,0x39,0xc7,0x39,0xa6,0x31,0xa6,0x31,0xa6,0x31,0xa6,0x31,0xc7,0x39,0xa6,0x31,
    0xc7,0x39,0xc7,0x39,0xa6,0x31,0xa6,0x31,0xc7,0x39,0xc7,0x39,0xa6,0x31,0xa6,0x31,
    0xe7,0x39,0xc7,0x39,0xa6,0x31,0xa6,0x31,0xa6,0x31,0xa6,0x31,0xa6,0x31,0xa6,0x31,
    0xa6,0x31,0xc7,0x39,0xa6,0x31,0xa6,0x31,0xc7,0x39,0xc7,0x39,0xa6,0x31,0xa6,0x31,
    0x86,0x31,0x86,0x31,0xa6,0x31,0xc7,0x39,0xa6,0x31,0x86,0x31,0xa6,0x31,0xc7,0x39,
    0xc7,0x39,0xa6,0x31,0x86,0x31,0x86,0x31,0x85,0x31,0x85,0x31,0xa6,0x31,0xa6,0x31,
    0xa6,0x31,0x85,0x31,0x85,0x31,0x85,0x31,0x85,0x31,0x85,0x31,0xa6,0x31,0xa6,0x31,
    0xc6,0x39,0xa6,0x39,0xa6,0x31,0xa6,0x31,0xa6,0x39,0xc6,0x39,0xa6,0x39,0xa6,0x31,
    0xa6,0x31,0x85,0x31,0x85,0x31,0x85,0x31,0x85,0x31,0x85,0x31,0xa6,0x31,0xa6,0x31,
    0xa6,0x39,0xc6,0x39,0xa6,0x31,0xa6,0x31,0xa6,0x31,0xa6,0x31,0x85,0x31,0x65,0x31,
    0x85,0x31,0xa6,0x31,0xa6,0x31,0xc6,0x39,0xc6,0x39,0xc6,0x39,0x07,0x42,0xe7,0x39,
    0xc6,0x39,0x85,0x31,0xa6,0x31,0xc6,0x39,0xc6,0x39,0xa6,0x39,0xc6,0x39,0xa6,0x39,
    0xa6,0x31,0x85,0x31,0x85,0x31,0xa6,0x31,0xa6,0x39,0xe7,0x39,0xe7,0x39,0xc6,0x39,
    0xc6,0x39,0xc6,0x39,0xa6,0x31,0xa6,0x31,0xa6,0x39,0xa6,0x39,0xa6,0x31,0x85,0x31,
    0xa6,0x31,0xc6,0x39,0xa6,0x39,0x86,0x31,0x85,0x31,0x86,0x31,0xa6,0x39,0x65,0x31,
    0x85,0x31,0x91,0x94,0x99,0xd6,0xba,0xde,0x1c,0xe7,0x3c,0xe7,0x3d,0xe7,0x3d,0xe7,
    0x3c,0xe7,0x1c,0xdf,0xda,0xde,0x79,0xce,0xf7,0xc5,0x73,0xbd,0xaf,0xac,0x28,0x83,
    0xe4,0x59,0xa3,0x51,0x04,0x5a,0x04,0x62,0x04,0x6a,0x04,0x6a,0x25,0x6a,0x24,0x6a,
    0x45,0x72,0x04,0x6a,0x04,0x6a,0x45,0x72,0x24,0x72,0x24,0x6a,0xe3,0x61,0x04,0x6a,
    0x04,0x6a,0xe3,0x61,0xe4,0x61,0x24,0x6a,0x45,0x72,0x24,0x6a,0x24,0x6a,0xe3,0x61,
    0xc3,0x61,0xe3,0x61,0x24,0x72,0x24,0x6a,0xc3,0x61,0xe3,0x61,0x24,0x6a,0x45,0x72,
    0xe3,0x69,0xe3,0x69,0xe4,0x61,0xc3,0x59,0xc3,0x59,0xe4,0x61,0x04,0x62,0x04,0x62,
    0xe4,0x59,0xc4,0x59,0xc4,0x59,0xa4,0x51,0xa4,0x51,0xa4,0x51,0xa4,0x51,0xa4,0x49,
    0x83,0x49,0x83,0x49,0x84,0x41,0x64,0x41,0x63,0x41,0x64,0x41,0x44,0x39,0x43,0x39,
    0x43,0x39,0x23,0x31,0x04,0x31,0x04,0x31,0x03,0x31,0x03,0x29,0x24,0x29,0x24,0x29,
    0x23,0x29,0x04,0x29,0x24,0x29,0x23,0x29,0x23,0x31,0x44,0x31,0x44,0x31,0x23,0x31,
    0x43,0x39,0xc4,0x49,0x26,0x5a,0x86,0x6a,0xe7,0x7a,0x49,0x83,0x2d,0x9c,0x53,0xbd,
    0x38,0xce,0xba,0xd6,0xfb,0xde,0x3c,0xe7,0x5d,0xef,0x7e,0xef,0x9e,0xf7,0x8e,0x73,
    0xc7,0x39,0x28,0x42,0xa6,0x31,0xc7,0x39,0xe7,0x39,0xc7,0x39,0xe7,0x39,0x49,0x4a,
    0x28,0x42,0xe7,0x39,0xe7,0x39,0xe7,0x39,0x28,0x42,0xc7,0x39,0xa6,0x31,0xa6,0x31,
    0xc7,0x39,0xe7,0x39,0x08,0x42,0xe7,0x39,0xa6,0x31,0xa6,0x31,0xe7,0x39,0x49,0x4a,
    0x28,0x42,0xe7,0x39,0xa6,0x31,0xc7,0x39,0xc7,0x39,0xc7,0x39,0xc7,0x39,0xa6,0x31,
    0x86,0x31,0x86,0x31,0xa6,0x31,0xc7,0x39,0xc7,0x39,0xa6,0x31,0xa6,0x31,0xc7,0x39,
    0xa6,0x31,0xe7,0x39,0x69,0x4a,0x49,0x4a,0xc7,0x39,0xc7,0x39,0xc7,0x39,0xa6,0x31,
    0xa7,0x31,0xc7,0x39,0xa6,0x31,0xe7,0x39,0x28,0x42,0xe7,0x39,0xa6,0x31,0xa6,0x31,
    0x86,0x31,0x86,0x31,0xa6,0x31,0xa6,0x31,0x86,0x31,0xc7,0x39,0xc7,0x39,0x86,0x31,
    0xa6,0x31,0xc7,0x39,0xc7,0x39,0xe7,0x39,0xc7,0x39,0xa6,0x31,0xc7,0x39,0xc7,0x39,
    0xa6,0x31,0xa6,0x31,0x86,0x31,0x86,0x31,0x86,0x31,0x86,0x31,0x65,0x29,0x86,0x31,
    0x85,0x31,0xa6,0x31,0xc6,0x39,0xc6,0x39,0x85,0x31,0x85,0x31,0x85,0x31,0xa6,0x31,
    0xa6,0x31,0x85,0x31,0x85,0x31,0xa6,0x31,0xa6,0x31,0x85,0x31,0x85,0x31,0xa6,0x31,
    0xa6,0x31,0xa6,0x31,0xa6,0x31,0xa6,0x31,0xa6,0x31,0x85,0x31,0x85,0x31,0x85,0x31,
    0xa6,0x31,0x85,0x31,0xa6,0x31,0xc6,0x39,0xa6,0x31,0xc6,0x39,0xa6,0x31,0xa6,0x31,
    0xa6,0x31,0xa6,0x31,0x85,0x31,0x85,0x31,0x85,0x31,0xa6,0x31,0xc6,0x39,0x07,0x42,
    0x07,0x42,0xc6,0x39,0x07,0x3a,0x07,0x42,0x07,0x42,0xc6,0x39,0x85,0x31,0xc6,0x39,
    0xe7,0x39,0xc6,0x39,0xa6,0x39,0xa6,0x31,0xa6,0x31,0xa6,0x31,0x85,0x31,0xa6,0x31,
    0xa6,0x31,0xe7,0x39,0xe7,0x41,0xc6,0x39,0xa6,0x39,0xc6,0x39,0xc6,0x39,0xc6,0x39,
    0x85,0x31,0x65,0x29,0x85,0x31,0xa6,0x31,0xa6,0x31,0xa6,0x31,0xa6,0x39,0x85,0x31,
    0x85,0x31,0xa6,0x39,0xa6,0x39,0x44,0x29,0x48,0x4a,0x95,0xb5,0x99,0xd6,0xdb,0xde,
    0x1c,0xe7,0x3d,0xe7,0x3c,0xe7,0x3d,0xe7,0x1c,0xe7,0xfb,0xde,0xba,0xd6,0x58,0xce,
    0xd6,0xbd,0x31,0xb5,0x2c,0x9c,0x86,0x72,0xc3,0x51,0xe4,0x59,0x24,0x62,0xe3,0x61,
    0xe3,0x69,0x04,0x6a,0x45,0x6a,0x24,0x6a,0x24,0x6a,0x04,0x6a,0x04,0x6a,0x24,0x72,
    0x44,0x72,0x24,0x72,0x44,0x72,0x65,0x7a,0x44,0x72,0x24,0x72,0x64,0x7a,0x65,0x7a,
    0x65,0x7a,0x44,0x72,0x24,0x72,0x04,0x6a,0xe3,0x61,0x03,0x6a,0x24,0x6a,0x24,0x6a,
    0xe3,0x69,0xe4,0x69,0x24,0x72,0x45,0x72,0x03,0x6a,0x04,0x6a,0x04,0x6a,0xe4,0x61,
    0xe4,0x61,0x04,0x62,0x04,0x6a,0x04,0x62,0xe4,0x61,0xe4,0x61,0xc4,0x59,0xa4,0x51,
    0xc4,0x51,0xc4,0x51,0xc4,0x51,0xa4,0x51,0x83,0x49,0x83,0x49,0x84,0x49,0x84,0x41,
    0x64,0x41,0x64,0x41,0x64,0x41,0x43,0x39,0x43,0x39,0x23,0x31,0x24,0x31,0x24,0x31,
    0x23,0x31,0x03,0x29,0x03,0x31,0x04,0x31,0x04,0x29,0x24,0x31,0x24,0x31,0x03,0x29,
    0x23,0x29,0x23,0x31,0x43,0x31,0x44,0x31,0x23,0x31,0x64,0x41,0x05,0x52,0x66,0x62,
    0xa7,0x72,0x08,0x83,0xcb,0x8b,0xd1,0xac,0xf6,0xc5,0x9a,0xd6,0xdb,0xde,0x1c,0xe7,
    0x5d,0xe7,0x7d,0xe7,0xbf,0xf7,0x55,0xad,0xa6,0x31,0x08,0x42,0xa6,0x31,0xe7,0x39,
    0x28,0x42,0x08,0x42,0xe7,0x39,0x28,0x42,0x28,0x42,0x08,0x42,0xc7,0x39,0x08,0x42,
    0x69,0x4a,0xc7,0x39,0xc7,0x39,0xa6,0x31,0xc7,0x39,0xc7,0x39,0xc7,0x39,0xe7,0x39,
    0xc7,0x39,0xc7,0x39,0xe8,0x41,0x08,0x42,0x08,0x42,0x08,0x42,0xc7,0x39,0xe7,0x39,
    0xe7,0x39,0xc7,0x39,0xc7,0x39,0xa6,0x31,0xc6,0x39,0xa6,0x31,0xa6,0x31,0xe7,0x39,
    0xc7,0x39,0xa6,0x31,0xa6,0x31,0xc7,0x39,0xa6,0x31,0xc7,0x39,0x08,0x42,0x08,0x42,
    0xa6,0x31,0xa6,0x31,0xc7,0x39,0xe7,0x39,0xc7,0x39,0xa6,0x31,0xa6,0x31,0xc7,0x39,
    0xe7,0x39,0xc7,0x39,0xc6,0x39,0xa6,0x31,0x86,0x31,0x86,0x31,0xa6,0x31,0x86,0x31,
    0x86,0x31,0xa6,0x31,0xa6,0x31,0x86,0x31,0x86,0x31,0xa6,0x31,0xe7,0x39,0xe7,0x39,
    0xc7,0x39,0xa6,0x31,0xa6,0x31,0xa6,0x31,0xa6,0x31,0xa6,0x31,0x86,0x31,0x86,0x31,
    0xa6,0x31,0x86,0x31,0x65,0x29,0x86,0x31,0x85,0x31,0xe7,0x39,0xe7,0x39,0xa6,0x31,
    0xa6,0x31,0xa6,0x31,0x85,0x31,0xa6,0x31,0xa6,0x31,0x85,0x31,0x85,0x31,0xa6,0x31,
    0xa6,0x31,0x85,0x31,0xa6,0x31,0x85,0x31,0x85,0x31,0x85,0x31,0x85,0x31,0xa6,0x31,
    0xa6,0x31,0x85,0x31,0xa6,0x31,0xa6,0x31,0xc6,0x39,0x85,0x31,0xa6,0x31,0xa6,0x31,
    0x65,0x31,0x85,0x31,0xa6,0x39,0xa6,0x31,0xa6,0x31,0xa6,0x31,0xa6,0x31,0x85,0x31,
    0x85,0x31,0xa6,0x31,0xe7,0x39,0x07,0x42,0xe7,0x39,0x27,0x42,0x48,0x4a,0x07,0x42,
    0xe7,0x39,0xc6,0x39,0xc6,0x39,0xc6,0x39,0xc6,0x39,0xa6,0x31,0xa6,0x39,0xa6,0x31,
    0xa6,0x31,0xa6,0x31,0xa6,0x31,0x85,0x31,0x85,0x31,0xc6,0x39,0x07,0x42,0xc6,0x39,
    0xa6,0x31,0xa6,0x31,0xc6,0x39,0xc6,0x39,0x85,0x31,0xa6,0x31,0xa6,0x39,0xa6,0x39,
    0x85,0x31,0x85,0x31,0xa6,0x39,0x85,0x31,0x85,0x31,0x85,0x31,0x85,0x31,0x44,0x29,
    0x4c,0x6b,0x37,0xce,0x99,0xd6,0x1c,0xe7,0x3c,0xe7,0x3d,0xe7,0x3c,0xe7,0x3c,0xe7,
    0x1c,0xe7,0xdb,0xde,0x99,0xd6,0x38,0xce,0xb5,0xbd,0xf0,0xb4,0xca,0x93,0x24,0x62,
    0xa2,0x59,0x25,0x62,0x24,0x62,0x03,0x6a,0x24,0x72,0x03,0x6a,0x03,0x6a,0x24,0x72,
    0x44,0x72,0x04,0x6a,0x03,0x6a,0x24,0x72,0x44,0x72,0x03,0x72,0x44,0x72,0x65,0x7a,
    0x45,0x7a,0x24,0x72,0x44,0x72,0x44,0x7a,0x44,0x72,0x03,0x6a,0x03,0x6a,0x04,0x6a,
    0x24,0x6a,0x24,0x72,0x44,0x72,0x24,0x72,0x04,0x6a,0x04,0x6a,0x04,0x6a,0x24,0x72,
    0x24,0x72,0x24,0x6a,0x24,0x6a,0x04,0x6a,0x04,0x6a,0x04,0x6a,0x04,0x6a,0xe4,0x61,
    0xe4,0x61,0xe4,0x61,0xc4,0x59,0xc4,0x59,0xa4,0x51,0xc4,0x51,0xc4,0x51,0xa4,0x51,
    0x83,0x49,0x83,0x49,0x84,0x49,0x84,0x49,0x84,0x49,0x84,0x49,0x84,0x41,0x64,0x41,
    0x44,0x39,0x44,0x39,0x43,0x31,0x43,0x31,0x43,0x31,0x24,0x31,0x04,0x31,0x04,0x31,
    0x04,0x29,0x04,0x29,0x24,0x29,0x04,0x29,0x23,0x29,0x23,0x29,0x23,0x31,0x44,0x31,
    0x03,0x31,0x23,0x31,0xc4,0x49,0x45,0x5a,0x86,0x6a,0xe8,0x7a,0x6a,0x8b,0x6f,0x9c,
    0x95,0xbd,0x79,0xd6,0xdb,0xd6,0x1b,0xdf,0x3d,0xe7,0x7d,0xef,0x9e,0xf7,0xba,0xd6,
    0x08,0x42,0xc7,0x39,0xc7,0x39,0xe7,0x39,0x08,0x42,0x08,0x42,0xc7,0x39,0xe7,0x39,
    0xe7,0x39,0x07,0x3a,0x07,0x3a,0xe7,0x39,0x08,0x42,0x08,0x42,0xe7,0x39,0xc6,0x31,
    0xe7,0x39,0xe7,0x39,0xc7,0x39,0xc7,0x39,0xa6,0x31,0xa6,0x31,0xc7,0x39,0xe7,0x39,
    0xc7,0x39,0xe7,0x39,0xc7,0x39,0xe7,0x39,0xe7,0x39,0xc7,0x39,0xc7,0x39,0x86,0x31,
    0xa6,0x31,0xa6,0x31,0xc7,0x39,0xc7,0x39,0xa6,0x31,0x86,0x31,0xa6,0x31,0xc7,0x39,
    0xc7,0x39,0xe7,0x39,0xa6,0x31,0xa6,0x31,0xa6,0x31,0xc7,0x39,0xc7,0x39,0xc7,0x39,
    0xc7,0x39,0xa6,0x31,0xc7,0x39,0xc7,0x39,0xa6,0x31,0x86,0x31,0xc6,0x39,0xa6,0x31,
    0xa6,0x31,0xa6,0x31,0xa6,0x31,0xa6,0x31,0x65,0x29,0x86,0x31,0xa6,0x31,0x86,0x31,
    0x86,0x31,0xa6,0x31,0xc7,0x39,0xc7,0x39,0xa6,0x31,0xa6,0x31,0xa6,0x31,0xc7,0x39,
    0xe7,0x39,0xc7,0x39,0xa6,0x31,0x86,0x31,0xa6,0x31,0xa6,0x31,0x86,0x31,0x65,0x29,
    0xa6,0x31,0xe7,0x39,0xc6,0x39,0x85,0x31,0x85,0x31,0xa6,0x39,0x85,0x31,0x85,0x31,
    0xa6,0x31,0x85,0x31,0x85,0x31,0x85,0x31,0xa6,0x31,0xa6,0x39,0xc6,0x39,0xa6,0x31,
    0x85,0x31,0x85,0x31,0xa6,0x39,0xa6,0x39,0xa6,0x31,0xa6,0x31,0xa6,0x31,0xc6,0x39,
    0xc6,0x39,0x85,0x31,0x85,0x31,0x85,0x31,0x85,0x31,0x85,0x31,0xa6,0x31,0xa6,0x31,
    0xa6,0x31,0x85,0x31,0xa6,0x31,0xc6,0x39,0xa6,0x31,0xa6,0x31,0xe7,0x39,0x07,0x42,
    0xe7,0x39,0x07,0x42,0x07,0x42,0x85,0x31,0x85,0x31,0xa6,0x31,0xa6,0x31,0xa6,0x31,
    0xa6,0x39,0xc6,0x39,0xa6,0x31,0xa6,0x31,0xa6,0x39,0xa6,0x39,0xa6,0x31,0x85,0x31,
    0x85,0x31,0xa6,0x31,0xc6,0x39,0xa6,0x39,0x85,0x31,0x85,0x31,0xa6,0x31,0xa6,0x31,
    0xa6,0x31,0xa6,0x31,0xa6,0x31,0x85,0x31,0xa6,0x31,0x86,0x31,0x65,0x31,0x85,0x31,
    0x85,0x31,0x66,0x31,0x65,0x31,0x64,0x31,0x50,0x8c,0x58,0xce,0xba,0xd6,0x1c,0xe7,
    0x3c,0xe7,0x3d,0xe7,0x3d,0xe7,0x3d,0xe7,0x1c,0xe7,0xdb,0xde,0x79,0xd6,0x37,0xce,
    0x72,0xbd,0x8e,0xac,0x28,0x83,0xc3,0x59,0xe3,0x61,0x24,0x6a,0x44,0x6a,0x24,0x72,
    0x24,0x72,0x24,0x72,0x44,0x72,0x24,0x72,0x44,0x72,0x24,0x72,0x03,0x6a,0x03,0x6a,
    0x44,0x72,0x44,0x72,0x44,0x72,0x24,0x72,0x04,0x6a,0xe3,0x69,0x44,0x72,0x24,0x72,
    0x04,0x6a,0x03,0x6a,0x04,0x6a,0x24,0x72,0x24,0x72,0x04,0x6a,0x44,0x72,0x24,0x72,
    0x24,0x72,0x04,0x6a,0x04,0x6a,0x04,0x6a,0x04,0x6a,0x04,0x6a,0x04,0x6a,0x04,0x6a,
    0xe3,0x61,0xe4,0x61,0xc3,0x61,0xe4,0x61,0xe4,0x61,0xe4,0x61,0xc4,0x59,0xc4,0x59,
    0xc4,0x59,0xa4,0x51,0xa4,0x51,0xa4,0x51,0xa3,0x51,0xa3,0x51,0xc4,0x51,0xa3,0x51,
    0xa4,0x51,0xa4,0x51,0x84,0x49,0x84,0x49,0x63,0x41,0x63,0x41,0x63,0x39,0x43,0x39,
    0x23,0x31,0x24,0x31,0x24,0x31,0x24,0x29,0x24,0x29,0x24,0x29,0x24,0x29,0x04,0x31,
    0x24,0x31,0x23,0x31,0x23,0x31,0x44,0x31,0x44,0x31,0x03,0x31,0x64,0x41,0x46,0x5a,
    0x66,0x6a,0xc7,0x72,0x49,0x83,0x0d,0x94,0x53,0xb5,0x38,0xce,0xba,0xd6,0xfb,0xde,
    0x3c,0xe7,0x5d,0xef,0x5d,0xef,0x7d,0xef,0xcf,0x7b,0xe7,0x39,0x28,0x42,0x69,0x4a,
    0x48,0x42,0x08,0x3a,0x07,0x3a,0x08,0x42,0x28,0x42,0x49,0x4a,0x28,0x42,0x07,0x3a,
    0x08,0x42,0x07,0x3a,0xe7,0x39,0xc7,0x39,0xe7,0x39,0xe7,0x39,0xe7,0x39,0x28,0x42,
    0xe7,0x39,0xc7,0x39,0x07,0x3a,0x07,0x3a,0xe7,0x39,0xe7,0x39,0x07,0x3a,0xe7,0x39,
    0xe7,0x39,0xc6,0x39,0xa6,0x31,0xa6,0x31,0x86,0x31,0xa6,0x31,0xc7,0x39,0xc7,0x39,
    0xc7,0x39,0xc7,0x39,0xc7,0x39,0xe7,0x39,0xc7,0x39,0xc7,0x39,0xa6,0x31,0xa6,0x31,
    0xa6,0x31,0xa6,0x31,0xc7,0x39,0xc7,0x39,0xe7,0x39,0xe7,0x39,0xe7,0x39,0xc7,0x39,
    0xa6,0x31,0xa6,0x31,0x86,0x31,0xa6,0x31,0xa6,0x31,0xa6,0x31,0xc7,0x39,0xa6,0x31,
    0x86,0x31,0xa6,0x31,0x86,0x31,0x86,0x31,0x86,0x31,0xa6,0x31,0xa6,0x31,0xa6,0x31,
    0xa6,0x31,0xa6,0x31,0xa6,0x31,0xa6,0x31,0xe7,0x39,0xa6,0x31,0xa6,0x31,0xe7,0x39,
    0xc7,0x39,0xa6,0x31,0x86,0x31,0x86,0x31,0xa6,0x31,0x85,0x31,0x85,0x31,0x85,0x31,
    0xa6,0x31,0x85,0x31,0x85,0x31,0xa6,0x31,0xa6,0x31,0xa6,0x31,0xa6,0x39,0xc6,0x39,
    0xa6,0x39,0xa6,0x31,0xa6,0x31,0x85,0x31,0x85,0x31,0xa6,0x31,0xa6,0x31,0xa6,0x31,
    0xa6,0x31,0xa6,0x31,0xc6,0x39,0xc6,0x39,0xc6,0x39,0xa6,0x39,0x85,0x31,0xa6,0x31,
    0xa6,0x31,0xa6,0x31,0x85,0x31,0xa6,0x31,0x85,0x31,0x85,0x31,0xa6,0x31,0xc6,0x39,
    0xa6,0x31,0xa6,0x31,0xe7,0x39,0x07,0x42,0xe7,0x39,0xa6,0x39,0x85,0x31,0xa6,0x31,
    0xa6,0x39,0xa6,0x31,0xa6,0x31,0xc6,0x39,0xa6,0x39,0x85,0x31,0x85,0x31,0xa6,0x31,
    0xa6,0x31,0xc6,0x39,0xc6,0x39,0xa6,0x31,0x85,0x31,0xa6,0x31,0xa6,0x39,0xa6,0x31,
    0xa6,0x31,0x85,0x31,0x85,0x31,0x85,0x31,0x85,0x31,0x85,0x31,0x85,0x31,0x85,0x31,
    0x85,0x31,0x65,0x29,0x65,0x31,0x85,0x31,0x85,0x31,0x86,0x31,0x65,0x31,0xe6,0x41,
    0x13,0xa5,0x79,0xd6,0xdb,0xde,0x1c,0xe7,0x3c,0xe7,0x3d,0xe7,0x3d,0xe7,0x3c,0xe7,
    0x1c,0xe7,0xba,0xde,0x79,0xce,0xf5,0xc5,0x51,0xbd,0x6d,0xac,0x85,0x72,0xc3,0x59,
    0x24,0x62,0x24,0x6a,0x24,0x6a,0x24,0x72,0x44,0x72,0x44,0x72,0x44,0x7a,0x43,0x72,
    0x64,0x7a,0x44,0x72,0x24,0x6a,0x24,0x72,0x24,0x72,0x44,0x72,0x44,0x72,0x24,0x72,
    0x04,0x72,0x24,0x6a,0x04,0x6a,0x24,0x72,0x24,0x72,0xe3,0x69,0xe3,0x69,0x24,0x72,
    0x44,0x72,0x04,0x6a,0x04,0x6a,0x24,0x72,0x24,0x72,0x24,0x6a,0x24,0x72,0x24,0x6a,
    0x04,0x6a,0x04,0x6a,0x04,0x6a,0x04,0x6a,0xe4,0x61,0x04,0x62,0xc3,0x61,0x04,0x62,
    0x24,0x6a,0xe4,0x61,0xc3,0x59,0xc4,0x59,0xc4,0x59,0xc4,0x59,0xc4,0x59,0xa4,0x51,
    0xa3,0x51,0xc4,0x51,0xe4,0x59,0xc4,0x59,0xc4,0x51,0xc4,0x51,0xa4,0x51,0x84,0x49,
    0x83,0x49,0x63,0x41,0x63,0x41,0x43,0x39,0x44,0x39,0x44,0x31,0x24,0x31,0x24,0x29,
    0x24,0x29,0x24,0x29,0x24,0x29,0x24,0x29,0x24,0x29,0x23,0x29,0x23,0x31,0x43,0x31,
    0x44,0x31,0x23,0x31,0x63,0x39,0x05,0x5a,0x66,0x62,0x86,0x6a,0x08,0x7b,0xab,0x8b,
    0xf1,0xac,0xf7,0xc5,0x9a,0xd6,0xdb,0xde,0x1c,0xe7,0x3d,0xef,0x5d,0xef,0xbe,0xf7,
    0x14,0xa5,0xa7,0x31,0xa6,0x31,0x08,0x42,0xc7,0x39,0x66,0x29,0x86,0x29,0x86,0x31,
    0xe7,0x39,0xe7,0x39,0xa6,0x31,0xa6,0x31,0xe7,0x39,0xa7,0x31,0x86,0x31,0x86,0x29,
    0x86,0x31,0x86,0x31,0x86,0x31,0x86,0x29,0x85,0x29,0xa6,0x31,0xa6,0x31,0x86,0x29,
    0x86,0x31,0xa6,0x31,0xc7,0x39,0xa6,0x31,0xc7,0x39,0xe7,0x39,0xa6,0x31,0xe7,0x39,
    0xe7,0x39,0xa6,0x31,0xe7,0x39,0xe7,0x39,0xe7,0x39,0x28,0x42,0xa6,0x31,0xa6,0x31,
    0xa6,0x31,0xc7,0x39,0xc7,0x39,0x86,0x31,0xa6,0x31,0xe7,0x39,0xa6,0x31,0xc7,0x39,
    0xe7,0x39,0x08,0x42,0x08,0x42,0xc7,0x39,0xc7,0x39,0xe7,0x39,0xa6,0x31,0xa6,0x31,
    0xa6,0x31,0x86,0x31,0xa6,0x31,0xa6,0x31,0xa6,0x31,0xc7,0x39,0xa6,0x31,0x86,0x31,
    0xa6,0x31,0xa6,0x31,0xc7,0x39,0xa6,0x31,0xc7,0x39,0xc7,0x39,0xa6,0x31,0x86,0x31,
    0xa6,0x31,0xc7,0x39,0xc7,0x39,0xa6,0x31,0xc7,0x39,0xc7,0x39,0xa6,0x31,0xa6,0x31,
    0x85,0x31,0x65,0x29,0x85,0x31,0x85,0x31,0x85,0x31,0x85,0x31,0x85,0x31,0xa6,0x31,
    0xa6,0x31,0xc6,0x39,0xc6,0x39,0xc6,0x39,0xc6,0x39,0xa6,0x31,0x85,0x31,0x65,0x31,
    0x85,0x31,0x85,0x31,0x85,0x31,0x85,0x31,0xa6,0x31,0xa6,0x31,0xc6,0x39,0xc6,0x39,
    0xc6,0x39,0xc6,0x39,0x85,0x31,0xa6,0x31,0xa6,0x31,0xa6,0x31,0xa6,0x31,0xa6,0x31,
    0xa6,0x31,0xa6,0x31,0xa6,0x31,0x85,0x31,0x85,0x31,0x85,0x31,0xc6,0x39,0x07,0x42,
    0x07,0x42,0xc6,0x39,0x85,0x31,0xc6,0x39,0xc6,0x39,0xa6,0x31,0xc6,0x39,0xe7,0x41,
    0xc6,0x39,0x85,0x31,0xa6,0x31,0x85,0x31,0x65,0x31,0xa6,0x31,0xc6,0x39,0xa6,0x31,
    0x85,0x31,0x85,0x31,0x85,0x31,0xa6,0x31,0xa6,0x31,0xa6,0x39,0xa6,0x31,0x85,0x31,
    0xa6,0x31,0x85,0x31,0x65,0x29,0x85,0x31,0x85,0x31,0x65,0x29,0x65,0x31,0x85,0x31,
    0x85,0x29,0xa6,0x31,0x65,0x31,0x89,0x5a,0xb5,0xb5,0x79,0xd6,0xfb,0xde,0x1c,0xe7,
    0x3c,0xe7,0x3d,0xe7,0x3d,0xe7,0x3c,0xe7,0xfb,0xde,0x99,0xd6,0x57,0xce,0xb4,0xc5,
    0x10,0xb5,0x2b,0xa4,0x23,0x62,0xe3,0x61,0x44,0x6a,0x24,0x6a,0x24,0x6a,0x24,0x6a,
    0x24,0x72,0x44,0x72,0x24,0x72,0x44,0x7a,0x85,0x7a,0x65,0x7a,0x44,0x72,0x24,0x72,
    0x24,0x72,0x24,0x72,0x44,0x72,0x44,0x72,0x44,0x72,0x44,0x72,0x03,0x6a,0x44,0x72,
    0x64,0x72,0x24,0x72,0x23,0x6a,0x44,0x72,0x45,0x72,0x24,0x72,0x24,0x72,0x24,0x72,
    0x24,0x72,0x24,0x72,0x04,0x72,0xe3,0x69,0x04,0x6a,0x24,0x6a,0x04,0x6a,0xe4,0x69,
    0x24,0x6a,0x44,0x72,0x24,0x6a,0x24,0x6a,0x24,0x6a,0x04,0x6a,0xe3,0x61,0xe4,0x61,
    0xe4,0x61,0xe4,0x61,0xc3,0x59,0xa3,0x51,0xc4,0x59,0xe4,0x59,0xe4,0x59,0xc4,0x59,
    0xc4,0x51,0xc4,0x51,0xa4,0x51,0x83,0x49,0x83,0x49,0x84,0x41,0x64,0x41,0x64,0x41,
    0x64,0x39,0x44,0x39,0x24,0x31,0x24,0x31,0x24,0x31,0x24,0x29,0x24,0x29,0x24,0x29,
    0x04,0x29,0x23,0x29,0x23,0x31,0x23,0x31,0x44,0x31,0x44,0x39,0x23,0x39,0xc4,0x49,
    0x46,0x62,0x66,0x6a,0xe7,0x72,0x6a,0x83,0x8f,0xa4,0xb5,0xbd,0x79,0xd6,0xdb,0xde,
    0x1c,0xe7,0x3d,0xe7,0x5d,0xef,0x9e,0xef,0x38,0xc6,0x6d,0x6b,0x4d,0x6b,0x6e,0x6b,
    0x4d,0x6b,0x4d,0x6b,0x8e,0x73,0x6e,0x6b,0x8e,0x6b,0x8e,0x6b,0x6e,0x6b,0x4d,0x6b,
    0x6e,0x6b,0x6e,0x6b,0x4d,0x6b,0x2d,0x63,0x2d,0x63,0x2c,0x63,0x4d,0x6b,0x2c,0x63,
    0x2d,0x63,0x6d,0x6b,0x2d,0x63,0xeb,0x5a,0xeb,0x5a,0xaa,0x52,0x08,0x42,0x66,0x29,
    0x86,0x31,0x65,0x29,0xa6,0x31,0x49,0x4a,0xe7,0x39,0xc7,0x39,0xe7,0x39,0xa6,0x31,
    0xe7,0x39,0xc7,0x39,0x86,0x31,0xa6,0x31,0xa6,0x31,0xa6,0x31,0xe7,0x39,0xa6,0x31,
    0xa6,0x31,0xc7,0x39,0xa6,0x31,0xe7,0x39,0x08,0x42,0x28,0x42,0xe7,0x39,0xa6,0x31,
    0xc7,0x39,0xa6,0x31,0xc7,0x39,0xc7,0x39,0xc7,0x39,0xc7,0x39,0xc7,0x39,0x86,0x31,
    0x86,0x31,0xa6,0x31,0xa6,0x31,0xa6,0x31,0x86,0x31,0xa6,0x31,0xc7,0x39,0xa6,0x31,
    0xe7,0x39,0x08,0x42,0xc7,0x39,0xa6,0x31,0xa6,0x31,0xe7,0x39,0xc7,0x39,0xa6,0x31,
    0xe7,0x39,0x08,0x42,0xc7,0x39,0x86,0x31,0x85,0x31,0x85,0x31,0x85,0x31,0x85,0x31,
    0x85,0x31,0xa6,0x31,0x85,0x31,0xa6,0x31,0xc6,0x39,0xa6,0x39,0xa6,0x39,0xa6,0x39,
    0xa6,0x31,0xa6,0x31,0xa6,0x31,0xa6,0x31,0xa6,0x39,0xa6,0x31,0xa6,0x31,0xc6,0x39,
    0xc6,0x39,0xc6,0x39,0xa6,0x31,0x85,0x31,0x85,0x31,0xa6,0x31,0xa6,0x31,0x85,0x31,
    0xa6,0x31,0xa6,0x31,0x85,0x31,0x85,0x31,0x85,0x31,0xa6,0x31,0xa6,0x31,0xa6,0x31,
    0x85,0x31,0xa6,0x31,0xc6,0x39,0xe7,0x39,0x07,0x42,0xe7,0x41,0xa6,0x31,0xa6,0x31,
    0xa6,0x31,0xa6,0x31,0x85,0x31,0xa6,0x31,0xc6,0x39,0xa6,0x31,0xa6,0x39,0x85,0x31,
    0x85,0x31,0xa6,0x39,0xa6,0x31,0x85,0x31,0x85,0x31,0x85,0x31,0x85,0x31,0xc6,0x39,
    0xe7,0x39,0xe7,0x39,0xc6,0x39,0xa6,0x31,0xa6,0x39,0xa6,0x39,0xa6,0x31,0xa6,0x31,
    0x85,0x31,0x85,0x31,0x85,0x31,0x65,0x31,0x85,0x29,0x86,0x31,0x44,0x31,0x4c,0x73,
    0xf6,0xc5,0x99,0xd6,0xfb,0xde,0x3c,0xe7,0x3c,0xe7,0x3d,0xe7,0x3d,0xe7,0x3c,0xe7,
    0xda,0xde,0x78,0xd6,0x36,0xce,0x92,0xbd,0x0f,0xbd,0xa9,0x93,0xe3,0x61,0x44,0x6a,
    0x44,0x6a,0x24,0x6a,0x24,0x72,0x44,0x72,0x65,0x7a,0x44,0x7a,0x03,0x72,0x44,0x72,
    0x44,0x72,0x64,0x7a,0x64,0x7a,0x24,0x72,0x23,0x72,0x24,0x72,0x24,0x72,0x24,0x72,
    0x44,0x72,0x44,0x72,0x04,0x72,0x64,0x7a,0x65,0x7a,0x85,0x7a,0x44,0x72,0x24,0x72,
    0x24,0x72,0x44,0x72,0x44,0x72,0x24,0x72,0x24,0x72,0x24,0x72,0x24,0x72,0x04,0x72,
    0x24,0x72,0x24,0x72,0x24,0x72,0x04,0x6a,0x44,0x72,0x44,0x72,0x24,0x6a,0x24,0x6a,
    0x24,0x6a,0x24,0x6a,0x24,0x6a,0x04,0x6a,0x24,0x6a,0x04,0x62,0xc3,0x59,0xc4,0x59,
    0xe4,0x61,0xe4,0x61,0xe4,0x59,0xc4,0x59,0xc4,0x59,0xc4,0x51,0xa4,0x51,0x83,0x49,
    0x84,0x49,0x84,0x49,0x84,0x41,0x84,0x41,0x64,0x41,0x64,0x39,0x44,0x39,0x23,0x31,
    0x24,0x31,0x24,0x31,0x24,0x29,0x24,0x29,0x24,0x29,0x24,0x29,0x23,0x31,0x44,0x31,
    0x44,0x31,0x44,0x39,0x23,0x31,0x84,0x41,0x26,0x62,0x45,0x62,0xc6,0x72,0x28,0x7b,
    0x4d,0x9c,0x73,0xb5,0x58,0xce,0xbb,0xde,0xfc,0xde,0x3d,0xe7,0x5d,0xef,0x5d,0xe7,
    0x5d,0xef,0x7e,0xef,0x9e,0xef,0x7e,0xef,0x9e,0xef,0x9e,0xf7,0xbe,0xf7,0x7e,0xef,
    0x7e,0xef,0x7e,0xef,0x7e,0xef,0x7e,0xef,0x7e,0xef,0x7e,0xef,0x5d,0xef,0x5d,0xef,
    0x7e,0xef,0x7e,0xef,0x7e,0xef,0x7e,0xef,0x9e,0xef,0x9e,0xf7,0x7d,0xef,0x5d,0xef,
    0x5d,0xef,0x3c,0xe7,0xdb,0xde,0x59,0xce,0xf7,0xbd,0x92,0x94,0x8a,0x52,0x45,0x29,
    0xc7,0x39,0xe7,0x39,0xa6,0x31,0xa6,0x31,0xe7,0x39,0xa6,0x31,0x86,0x31,0xc7,0x39,
    0xc7,0x39,0xc7,0x39,0xc7,0x39,0xa6,0x31,0xa6,0x31,0x86,0x31,0xc7,0x39,0x49,0x4a,
    0x49,0x4a,0x28,0x42,0xe7,0x39,0xc7,0x39,0xc7,0x39,0x86,0x31,0xa6,0x31,0xc7,0x39,
    0xe7,0x39,0xc7,0x39,0xa6,0x31,0xa6,0x31,0xa6,0x31,0xc7,0x39,0xe7,0x39,0xc7,0x39,
    0xa6,0x31,0xc7,0x39,0xc7,0x39,0xa6,0x31,0xc7,0x39,0xc7,0x39,0xc7,0x39,0xa6,0x31,
    0xe7,0x39,0x08,0x42,0xc7,0x39,0xc7,0x39,0xc7,0x39,0x65,0x29,0x86,0x31,0xa6,0x31,
    0x85,0x31,0x85,0x31,0x85,0x31,0x85,0x31,0xa6,0x31,0xa6,0x31,0x85,0x31,0xc6,0x39,
    0xc6,0x39,0x85,0x31,0x85,0x31,0x85,0x31,0x85,0x31,0xa6,0x39,0xc6,0x39,0xa6,0x39,
    0xa6,0x39,0xa6,0x31,0xa6,0x31,0xa6,0x39,0xc6,0x39,0xa6,0x31,0xa6,0x31,0xa6,0x31,
    0xa6,0x31,0xc6,0x39,0xe7,0x39,0xc6,0x39,0xa6,0x39,0xa6,0x31,0x85,0x31,0x85,0x31,
    0x85,0x31,0x85,0x31,0xa6,0x31,0xc6,0x39,0xc6,0x39,0xa6,0x39,0xc6,0x39,0xe7,0x39,
    0x07,0x42,0x07,0x42,0xa6,0x31,0x85,0x31,0xa6,0x31,0xa6,0x39,0xa6,0x31,0x85,0x31,
    0x85,0x31,0x85,0x31,0x85,0x31,0xa6,0x39,0xc6,0x39,0xc6,0x39,0xa6,0x31,0xa6,0x31,
    0x85,0x31,0x85,0x31,0xc6,0x39,0xe7,0x41,0xe7,0x39,0xa6,0x31,0x85,0x31,0x65,0x29,
    0x65,0x31,0x85,0x31,0xa6,0x31,0xa6,0x39,0x85,0x31,0x85,0x31,0x85,0x31,0x65,0x29,
    0x65,0x31,0x65,0x31,0x64,0x31,0xee,0x83,0x17,0xc6,0xba,0xde,0xfb,0xe6,0x3c,0xe7,
    0x3c,0xe7,0x3d,0xe7,0x3d,0xe7,0x1c,0xe7,0xda,0xde,0x57,0xce,0x15,0xce,0x91,0xbd,
    0x2e,0xbd,0x07,0x83,0xe3,0x61,0x44,0x72,0x24,0x6a,0x44,0x72,0x44,0x72,0x44,0x72,
    0x85,0x82,0x85,0x82,0x24,0x72,0x24,0x72,0x03,0x6a,0x64,0x7a,0xa5,0x82,0x84,0x82,
    0x64,0x7a,0x64,0x7a,0x44,0x7a,0x24,0x72,0x03,0x6a,0x03,0x6a,0x03,0x6a,0x44,0x72,
    0x64,0x7a,0xa5,0x82,0x64,0x7a,0x24,0x72,0x44,0x7a,0x44,0x7a,0x44,0x7a,0x44,0x72,
    0x44,0x72,0x65,0x7a,0x65,0x7a,0x65,0x7a,0x44,0x72,0x03,0x6a,0x44,0x72,0x45,0x7a,
    0x44,0x72,0x24,0x72,0xe3,0x69,0x03,0x6a,0x65,0x72,0x65,0x72,0x24,0x6a,0x24,0x6a,
    0x45,0x6a,0x04,0x6a,0xe4,0x61,0x04,0x62,0xe4,0x61,0xc3,0x59,0xc4,0x59,0xe4,0x59,
    0xc4,0x59,0xc4,0x59,0xa4,0x51,0x84,0x51,0xa4,0x49,0xa4,0x49,0x84,0x49,0x64,0x41,
    0x63,0x41,0x63,0x41,0x44,0x39,0x44,0x39,0x24,0x31,0x23,0x31,0x24,0x31,0x24,0x31,
    0x24,0x29,0x24,0x31,0x24,0x31,0x44,0x31,0x44,0x31,0x44,0x31,0x23,0x31,0x63,0x39,
    0x25,0x5a,0x25,0x62,0x86,0x6a,0x07,0x7b,0xec,0x93,0x12,0xb5,0x17,0xce,0x9a,0xd6,
    0xfc,0xde,0x1c,0xe7,0x5d,0xef,0x7e,0xef,0x3d,0xe7,0x7e,0xef,0x9e,0xef,0x9e,0xef,
    0x7e,0xef,0x7e,0xef,0x7e,0xef,0x7e,0xef,0x7e,0xef,0x7e,0xef,0x7d,0xef,0x7e,0xef,
    0x7e,0xef,0x7e,0xef,0x7e,0xef,0x7e,0xef,0x9e,0xf7,0x9e,0xf7,0x9e,0xef,0x9e,0xf7,
    0x9e,0xef,0x9e,0xef,0x9e,0xf7,0x9e,0xef,0x7e,0xef,0x7e,0xef,0xbf,0xf7,0x9e,0xf7,
    0xbe,0xf7,0xbe,0xf7,0x5d,0xef,0x92,0x94,0xc7,0x39,0xc7,0x39,0xa6,0x31,0xc7,0x39,
    0xa6,0x31,0xe7,0x39,0xc7,0x39,0x86,0x31,0xa6,0x31,0xe7,0x39,0xe7,0x39,0xa6,0x31,
    0xa6,0x31,0x86,0x31,0xe7,0x39,0x28,0x42,0xe7,0x39,0xa6,0x31,0xa6,0x31,0xc7,0x39,
    0x08,0x42,0xe7,0x39,0xc6,0x39,0xa6,0x31,0xc7,0x39,0xc7,0x39,0xa6,0x31,0xc7,0x39,
    0xc7,0x39,0xe7,0x39,0xe7,0x39,0x08,0x42,0xc7,0x39,0xc7,0x39,0xc7,0x39,0xc7,0x39,
    0xa6,0x31,0xa6,0x31,0xc7,0x39,0xe7,0x39,0xe7,0x39,0x08,0x42,0xe7,0x39,0xa6,0x31,
    0xa6,0x31,0x65,0x29,0x65,0x29,0xa6,0x31,0x85,0x31,0xa6,0x31,0xa6,0x31,0x85,0x31,
    0xa6,0x31,0xa6,0x31,0xa6,0x31,0xa6,0x31,0x85,0x31,0x85,0x31,0x85,0x31,0x85,0x31,
    0xa6,0x31,0xe7,0x39,0xc6,0x39,0xa6,0x31,0xa6,0x31,0xa6,0x31,0xa6,0x31,0xa6,0x31,
    0xc6,0x39,0x85,0x31,0x85,0x31,0xa6,0x31,0xa6,0x39,0xc6,0x39,0xc6,0x39,0xc6,0x39,
    0xa6,0x31,0x85,0x31,0x85,0x31,0x85,0x31,0xa6,0x31,0xa6,0x31,0xa6,0x39,0xc6,0x39,
    0xc6,0x39,0xc6,0x39,0xa6,0x39,0xa6,0x31,0xc6,0x39,0xe7,0x39,0xa6,0x31,0x85,0x31,
    0xa6,0x39,0xc6,0x39,0xa6,0x31,0xa6,0x31,0xa6,0x31,0x85,0x31,0x85,0x31,0xc6,0x39,
    0xc6,0x39,0x85,0x31,0xc6,0x39,0xe7,0x41,0xc6,0x39,0x65,0x31,0xc6,0x39,0x07,0x42,
    0xa6,0x31,0x85,0x31,0x65,0x29,0x65,0x29,0x65,0x31,0x85,0x31,0x85,0x31,0xa6,0x31,
    0xa6,0x31,0x65,0x29,0x85,0x31,0x85,0x31,0x85,0x31,0x65,0x31,0xa5,0x39,0x70,0x94,
    0x37,0xce,0xba,0xde,0xfb,0xde,0x3c,0xe7,0x5d,0xe7,0x3d,0xe7,0x3d,0xe7,0x1b,0xe7,
    0xb9,0xde,0x36,0xce,0xf4,0xc5,0x91,0xc5,0xcd,0xb4,0x64,0x6a,0x24,0x6a,0x64,0x72,
    0x24,0x6a,0x65,0x7a,0x65,0x7a,0x43,0x72,0x43,0x7a,0x84,0x82,0x64,0x82,0x44,0x7a,
    0x03,0x72,0x43,0x7a,0xa4,0x82,0xc5,0x8a,0xa4,0x8a,0x84,0x82,0x84,0x82,0x64,0x7a,
    0x23,0x72,0x44,0x72,0x44,0x72,0x64,0x7a,0xa5,0x82,0x85,0x82,0x64,0x7a,0x64,0x7a,
    0x64,0x7a,0x44,0x7a,0x44,0x7a,0x44,0x7a,0x44,0x7a,0x64,0x7a,0x44,0x7a,0x64,0x7a,
    0x64,0x7a,0x44,0x72,0x44,0x72,0x44,0x72,0x24,0x72,0x23,0x72,0x24,0x72,0x44,0x72,
    0x44,0x72,0x44,0x72,0x04,0x6a,0x04,0x6a,0x24,0x6a,0x24,0x6a,0x04,0x6a,0x04,0x62,
    0xe4,0x61,0xc3,0x59,0xc4,0x61,0xe4,0x61,0xe4,0x59,0xe4,0x59,0xc4,0x59,0xa4,0x51,
    0xa4,0x51,0xa4,0x51,0xa4,0x49,0x83,0x49,0x84,0x41,0x63,0x41,0x63,0x39,0x44,0x39,
    0x43,0x39,0x23,0x31,0x23,0x31,0x23,0x31,0x04,0x31,0x24,0x31,0x24,0x31,0x23,0x31,
    0x44,0x31,0x24,0x31,0x44,0x31,0x43,0x39,0xe5,0x51,0x45,0x62,0x65,0x6a,0xc6,0x72,
    0x8a,0x8b,0xd0,0xac,0xf6,0xc5,0x9a,0xd6,0xdb,0xde,0x1c,0xe7,0x5d,0xef,0x5d,0xef,
    0x5d,0xef,0x7e,0xef,0x9e,0xf7,0x9e,0xef,0x7e,0xef,0x5d,0xef,0x5d,0xef,0x7e,0xef,
    0x7d,0xef,0x7d,0xef,0x7d,0xef,0x7d,0xef,0x7d,0xef,0x5d,0xef,0x7d,0xef,0x7e,0xef,
    0x9e,0xf7,0x9e,0xf7,0x9e,0xf7,0x9e,0xf7,0x9e,0xf7,0x9e,0xef,0x7e,0xef,0x7e,0xef,
    0x9e,0xef,0x7e,0xef,0x9e,0xf7,0x7d,0xef,0x7d,0xef,0x5d,0xef,0x7e,0xef,0xdf,0xff,
    0xd3,0x9c,0x65,0x29,0xc7,0x39,0xe7,0x39,0xe7,0x39,0xa6,0x31,0xa6,0x31,0xa6,0x31,
    0xc7,0x39,0xa6,0x31,0xe7,0x39,0xa6,0x31,0xc7,0x39,0xa6,0x31,0xe7,0x39,0x08,0x42,
    0xc6,0x39,0x86,0x31,0xa6,0x31,0xc6,0x39,0xc7,0x39,0x28,0x42,0xc6,0x39,0xa6,0x31,
    0xa6,0x31,0xa6,0x31,0x08,0x42,0x28,0x42,0xa6,0x31,0xc7,0x39,0xe7,0x39,0xe7,0x39,
    0xc7,0x39,0x86,0x31,0xa6,0x31,0xa6,0x31,0xc7,0x39,0xc7,0x39,0xc7,0x39,0xe7,0x39,
    0xc7,0x39,0xc7,0x39,0xc7,0x39,0xa6,0x31,0xa6,0x31,0xa6,0x31,0xa6,0x31,0xa6,0x31,
    0x85,0x31,0xa6,0x31,0xa6,0x31,0x85,0x31,0x85,0x31,0x85,0x31,0x85,0x31,0x85,0x31,
    0x85,0x31,0x85,0x31,0x85,0x31,0xa6,0x31,0xa6,0x31,0xc6,0x39,0xc6,0x39,0xc6,0x39,
    0xa6,0x31,0x85,0x31,0x85,0x31,0xc6,0x39,0xc6,0x39,0x85,0x31,0x85,0x31,0xa6,0x31,
    0xc6,0x39,0xc6,0x39,0x85,0x31,0x85,0x31,0x85,0x31,0x85,0x31,0x65,0x31,0x65,0x29,
    0xa6,0x31,0xe7,0x39,0xe7,0x41,0xa6,0x39,0x85,0x31,0xa6,0x31,0x85,0x31,0x65,0x31,
    0xa6,0x31,0xe7,0x39,0xe7,0x39,0xa6,0x31,0x85,0x31,0xa6,0x31,0x85,0x31,0x85,0x31,
    0x85,0x31,0x85,0x31,0x85,0x31,0xc6,0x39,0xc6,0x39,0x85,0x31,0xa6,0x31,0xe7,0x39,
    0xe7,0x39,0xc6,0x39,0xc6,0x39,0xa6,0x31,0x85,0x31,0x65,0x29,0x65,0x29,0x65,0x29,
    0x65,0x29,0x65,0x31,0x65,0x29,0x65,0x31,0x85,0x31,0x86,0x31,0xa6,0x31,0x85,0x31,
    0x86,0x31,0x44,0x29,0xe6,0x41,0xd1,0xa4,0x58,0xce,0xdb,0xde,0x1c,0xe7,0x3c,0xe7,
    0x3d,0xe7,0x3d,0xe7,0x3d,0xe7,0x1b,0xe7,0xb8,0xde,0x35,0xce,0xd4,0xc5,0x91,0xc5,
    0x2a,0xa4,0x23,0x6a,0x44,0x72,0x85,0x7a,0x44,0x72,0x44,0x72,0x64,0x7a,0x84,0x82,
    0x84,0x82,0x64,0x82,0xa5,0x8a,0xa5,0x82,0x64,0x7a,0x64,0x7a,0x84,0x82,0x84,0x82,
    0xa5,0x82,0xc5,0x8a,0xc5,0x8a,0xa5,0x82,0x84,0x82,0x64,0x7a,0x64,0x7a,0x64,0x7a,
    0x64,0x7a,0x64,0x7a,0x44,0x7a,0x64,0x7a,0x64,0x82,0x64,0x7a,0x64,0x7a,0x64,0x7a,
    0x44,0x7a,0x64,0x7a,0x64,0x7a,0x44,0x7a,0x44,0x7a,0x64,0x7a,0x64,0x7a,0x84,0x7a,
    0x64,0x7a,0x44,0x72,0x64,0x7a,0x64,0x7a,0x23,0x72,0x23,0x72,0x44,0x72,0x03,0x6a,
    0xe3,0x69,0x04,0x6a,0x24,0x6a,0x24,0x6a,0xe3,0x61,0x04,0x6a,0x04,0x6a,0xe4,0x61,
    0xe4,0x61,0xe4,0x59,0xe4,0x59,0xc4,0x51,0xa4,0x51,0xa4,0x51,0xa3,0x51,0xa4,0x51,
    0x84,0x49,0x83,0x41,0x64,0x41,0x64,0x41,0x43,0x39,0x23,0x39,0x23,0x31,0x23,0x31,
    0x23,0x31,0x24,0x31,0x23,0x31,0x23,0x31,0x23,0x31,0x24,0x31,0x44,0x31,0x23,0x31,
    0xe5,0x49,0x46,0x62,0x66,0x62,0xa6,0x72,0x28,0x83,0x6e,0xa4,0xb5,0xc5,0x79,0xd6,
    0xdb,0xde,0x1c,0xe7,0x5d,0xe7,0x5d,0xef,0x5d,0xef,0x7e,0xef,0x9e,0xf7,0x7e,0xef,
    0x5d,0xef,0x5d,0xef,0x5d,0xef,0x5d,0xef,0x5d,0xe7,0x5d,0xe7,0x5d,0xe7,0x5d,0xe7,
    0x5d,0xe7,0x5d,0xef,0x5d,0xef,0x5d,0xef,0x7d,0xef,0x7d,0xef,0x9e,0xef,0x9e,0xef,
    0x9e,0xef,0x9e,0xef,0x9e,0xef,0x9e,0xf7,0xbe,0xf7,0x9e,0xf7,0x7e,0xef,0x7e,0xef,
    0x5d,0xef,0x7e,0xef,0x5d,0xef,0x7d,0xef,0x5d,0xef,0xcb,0x5a,0x45,0x29,0xc7,0x39,
    0xa6,0x31,0xa6,0x31,0xc7,0x39,0x08,0x42,0x08,0x42,0xc7,0x39,0xe7,0x39,0xc7,0x39,
    0xc7,0x39,0xc7,0x39,0x08,0x42,0xe7,0x39,0xa6,0x31,0xa6,0x31,0xa6,0x31,0xa6,0x31,
    0xc7,0x39,0xc7,0x39,0xa6,0x31,0xa6,0x31,0xa6,0x31,0xa6,0x31,0x28,0x42,0x49,0x4a,
    0xa6,0x31,0xc7,0x39,0xc7,0x39,0xa6,0x31,0xa6,0x31,0x86,0x31,0xa6,0x31,0xc7,0x39,
    0xa6,0x31,0xc7,0x39,0xc7,0x39,0xc7,0x39,0xc7,0x39,0xa6,0x31,0xc7,0x39,0xc7,0x39,
    0xc7,0x39,0xa6,0x31,0xa6,0x31,0xc7,0x39,0x85,0x31,0x85,0x31,0x85,0x31,0x85,0x31,
    0xa6,0x39,0xa6,0x31,0xa6,0x31,0x85,0x31,0x85,0x31,0xa6,0x31,0x85,0x31,0xa6,0x31,
    0xa6,0x31,0xa6,0x31,0xa6,0x31,0xa6,0x31,0xc6,0x39,0xa6,0x31,0x85,0x31,0xa6,0x31,
    0xc6,0x39,0xa6,0x31,0x85,0x31,0x85,0x31,0xa6,0x31,0xa6,0x39,0xc6,0x39,0xa6,0x31,
    0x85,0x31,0x85,0x31,0x85,0x31,0x85,0x31,0xa6,0x31,0xe7,0x39,0xc6,0x39,0xa6,0x39,
    0xa6,0x31,0x85,0x31,0x85,0x31,0x85,0x31,0x85,0x31,0xc6,0x39,0xc6,0x39,0xa6,0x31,
    0x85,0x31,0xa6,0x31,0xa6,0x31,0x85,0x31,0x65,0x31,0x85,0x31,0x85,0x31,0xa6,0x39,
    0xc6,0x39,0xa6,0x31,0x85,0x31,0x85,0x31,0xa6,0x31,0xc6,0x39,0xa6,0x39,0x85,0x31,
    0x85,0x31,0x85,0x31,0x65,0x31,0x44,0x29,0x44,0x29,0x65,0x29,0x65,0x31,0x65,0x31,
    0x65,0x31,0x65,0x31,0x85,0x31,0x85,0x29,0x85,0x31,0x24,0x29,0x48,0x52,0x33,0xad,
    0x58,0xd6,0xdb,0xde,0x1c,0xe7,0x3c,0xe7,0x3d,0xe7,0x5d,0xef,0x3c,0xe7,0xfa,0xe6,
    0x77,0xd6,0x15,0xce,0xf3,0xcd,0xb1,0xcd,0xa8,0x93,0x02,0x62,0x64,0x72,0x64,0x72,
    0x23,0x72,0x44,0x72,0x84,0x7a,0xa5,0x82,0xc5,0x8a,0xa4,0x8a,0xa4,0x8a,0xa5,0x8a,
    0x84,0x82,0x64,0x7a,0x44,0x7a,0x44,0x7a,0x44,0x7a,0xa4,0x82,0xc5,0x8a,0xa4,0x82,
    0x84,0x82,0x64,0x7a,0xa4,0x82,0xa4,0x82,0x84,0x82,0x63,0x7a,0x64,0x7a,0x84,0x82,
    0x84,0x82,0x84,0x82,0x64,0x82,0x64,0x82,0x84,0x82,0x84,0x82,0x85,0x82,0x64,0x7a,
    0x44,0x7a,0x64,0x7a,0x84,0x82,0x84,0x82,0x84,0x82,0x64,0x7a,0x64,0x7a,0x44,0x7a,
    0x44,0x72,0x64,0x7a,0x64,0x7a,0x44,0x72,0x24,0x72,0x24,0x6a,0x24,0x72,0x24,0x6a,
    0x24,0x6a,0x24,0x72,0x25,0x72,0x04,0x6a,0xe4,0x61,0xe4,0x61,0xe4,0x61,0xc3,0x59,
    0xc3,0x59,0xa3,0x51,0xa3,0x51,0xc4,0x51,0xa4,0x51,0x83,0x49,0xa4,0x49,0x84,0x41,
    0x63,0x41,0x43,0x39,0x43,0x39,0x43,0x31,0x24,0x31,0x24,0x31,0x23,0x31,0x23,0x31,
    0x23,0x31,0x44,0x31,0x44,0x39,0x23,0x31,0xa4,0x49,0x66,0x62,0x45,0x62,0xa6,0x72,
    0xe7,0x7a,0x0c,0x94,0x73,0xbd,0x79,0xd6,0xdb,0xde,0x1c,0xdf,0x3d,0xe7,0x5d,0xef,
    0x5d,0xe7,0x5e,0xef,0x9e,0xf7,0x7e,0xef,0x5d,0xef,0x5d,0xef,0x5d,0xe7,0x3d,0xe7,
    0x3d,0xe7,0x3d,0xe7,0x3d,0xe7,0x3d,0xe7,0x5d,0xe7,0x5d,0xe7,0x5d,0xef,0x5d,0xef,
    0x5d,0xef,0x5d,0xef,0x7d,0xef,0x7d,0xef,0x7e,0xef,0x9e,0xf7,0xbe,0xf7,0x9e,0xf7,
    0xbe,0xf7,0x9e,0xef,0x5d,0xef,0x5d,0xef,0x7e,0xef,0x5d,0xef,0x5d,0xef,0x3d,0xe7,
    0x9e,0xf7,0x55,0xad,0x45,0x29,0xe7,0x39,0xc7,0x39,0xc6,0x39,0xa6,0x31,0xe7,0x39,
    0xc7,0x39,0xa6,0x31,0xa6,0x31,0xa6,0x31,0xc7,0x39,0xe7,0x39,0xe7,0x39,0xa6,0x31,
    0xa6,0x31,0xa6,0x31,0xa6,0x31,0xa6,0x31,0xc6,0x39,0xa6,0x31,0x86,0x31,0x85,0x31,
    0xa6,0x31,0xc7,0x39,0xe7,0x39,0xc7,0x39,0xa6,0x31,0xa6,0x31,0xa6,0x31,0xc7,0x39,
    0xc7,0x39,0xa6,0x31,0xa6,0x31,0xa6,0x31,0xc7,0x39,0x86,0x31,0xc7,0x39,0xe7,0x39,
    0xc7,0x39,0xc7,0x39,0xa6,0x31,0xa6,0x31,0xa6,0x31,0xa6,0x31,0xa6,0x31,0xc7,0x39,
    0x85,0x31,0x85,0x31,0x85,0x31,0x85,0x31,0xa6,0x31,0xa6,0x31,0x85,0x31,0x85,0x31,
    0x85,0x31,0xa6,0x31,0x85,0x31,0xa6,0x31,0xc6,0x39,0xc6,0x39,0xa6,0x39,0xa6,0x31,
    0xa6,0x39,0xc6,0x39,0xa6,0x31,0xa6,0x31,0x85,0x31,0x85,0x31,0xa6,0x31,0x85,0x31,
    0x85,0x31,0xa6,0x31,0xa6,0x31,0xc6,0x39,0xc6,0x39,0xc6,0x39,0xc6,0x39,0xa6,0x39,
    0xa6,0x31,0xa6,0x31,0xa6,0x31,0xa6,0x31,0xa6,0x31,0xa6,0x31,0x85,0x31,0xa6,0x31,
    0x85,0x31,0x65,0x31,0x65,0x31,0x85,0x31,0x85,0x31,0xa6,0x39,0xa6,0x31,0xa6,0x31,
    0x85,0x31,0x65,0x31,0x85,0x31,0xa6,0x31,0xc6,0x39,0xc6,0x39,0x85,0x31,0x85,0x31,
    0x85,0x31,0x85,0x31,0x65,0x29,0x65,0x29,0x85,0x31,0xa6,0x31,0x85,0x31,0x65,0x29,
    0x65,0x29,0x65,0x29,0x65,0x31,0x85,0x31,0x65,0x31,0x64,0x29,0x64,0x29,0x65,0x29,
    0x86,0x31,0x24,0x29,0xa9,0x5a,0x74,0xb5,0x58,0xd6,0xdb,0xde,0x1c,0xe7,0x3d,0xe7,
    0x3d,0xe7,0x3d,0xe7,0x3c,0xe7,0xda,0xde,0x77,0xd6,0x35,0xce,0x13,0xce,0x91,0xc5,
    0x26,0x83,0x02,0x6a,0x64,0x72,0x64,0x72,0x44,0x72,0x85,0x7a,0x84,0x7a,0x64,0x82,
    0xa4,0x8a,0x84,0x82,0x84,0x82,0x84,0x8a,0x84,0x82,0x44,0x7a,0x44,0x7a,0x44,0x7a,
    0x43,0x7a,0x84,0x82,0xa4,0x8a,0x84,0x82,0x84,0x82,0x64,0x7a,0x84,0x82,0xa4,0x82,
    0xa4,0x82,0x84,0x82,0xa4,0x82,0x84,0x82,0x84,0x82,0x84,0x82,0x84,0x82,0xa4,0x8a,
    0xa5,0x8a,0x84,0x82,0xa4,0x82,0x84,0x82,0x64,0x7a,0x64,0x82,0xa4,0x82,0xc5,0x8a,
    0xc5,0x82,0x64,0x7a,0x84,0x82,0x84,0x82,0x84,0x82,0x84,0x82,0x44,0x7a,0x44,0x72,
    0x44,0x72,0x44,0x72,0x44,0x72,0x44,0x72,0x44,0x72,0x44,0x72,0x24,0x6a,0x24,0x6a,
    0x04,0x6a,0x04,0x62,0x04,0x62,0x04,0x62,0xe4,0x59,0xc4,0x59,0xc4,0x59,0xc4,0x59,
    0xc4,0x51,0xa4,0x51,0xa4,0x49,0x84,0x49,0x64,0x41,0x63,0x39,0x44,0x39,0x44,0x39,
    0x24,0x39,0x24,0x39,0x23,0x31,0x43,0x31,0x23,0x31,0x44,0x31,0x24,0x31,0x23,0x31,
    0x84,0x41,0x46,0x5a,0x66,0x62,0xa6,0x72,0xe7,0x7a,0xaa,0x8b,0x31,0xb5,0x58,0xce,
    0xda,0xde,0x1c,0xdf,0x3d,0xe7,0x5d,0xef,0x5d,0xe7,0x5d,0xef,0x7e,0xef,0x7d,0xef,
    0x5d,0xef,0x5d,0xef,0x3d,0xe7,0x3d,0xe7,0x3d,0xe7,0x3d,0xe7,0x3d,0xe7,0x5d,0xe7,
    0x5d,0xe7,0x3d,0xe7,0x5d,0xe7,0x5d,0xe7,0x5d,0xe7,0x5d,0xef,0x5d,0xe7,0x5d,0xef,
    0x7d,0xef,0x9e,0xef,0xbe,0xf7,0x7e,0xef,0x7e,0xef,0x7e,0xef,0x5d,0xef,0x5d,0xef,
    0x5e,0xef,0x5d,0xef,0x5d,0xef,0x5d,0xef,0x7d,0xef,0xba,0xd6,0x69,0x4a,0xc7,0x39,
    0x28,0x42,0xa6,0x31,0xa6,0x31,0xa6,0x31,0xa6,0x31,0xc7,0x39,0x86,0x31,0xa6,0x31,
    0xe7,0x39,0xe7,0x39,0xa6,0x31,0xa6,0x31,0xa6,0x31,0xa6,0x31,0x86,0x31,0xa6,0x31,
    0xa6,0x31,0xc6,0x39,0xa6,0x31,0x86,0x31,0xa6,0x31,0xe7,0x39,0xe7,0x39,0xa6,0x31,
    0xa6,0x31,0xa6,0x31,0xa6,0x31,0xe7,0x39,0xe7,0x39,0xc7,0x39,0x86,0x31,0x86,0x31,
    0xe7,0x39,0xa6,0x31,0xc7,0x39,0xc7,0x39,0xc7,0x39,0xc7,0x39,0xa6,0x31,0x86,0x31,
    0x86,0x31,0xc7,0x39,0xc7,0x39,0xa6,0x31,0xc6,0x39,0xc6,0x39,0xc6,0x39,0xa6,0x31,
    0x85,0x31,0x85,0x31,0x85,0x31,0x85,0x31,0x85,0x31,0xa6,0x31,0x85,0x31,0x85,0x31,
    0xc6,0x39,0xa6,0x39,0xa6,0x31,0x85,0x31,0x85,0x31,0x85,0x31,0x85,0x31,0x85,0x31,
    0x85,0x31,0x85,0x31,0xa6,0x31,0xa6,0x31,0xa6,0x31,0x85,0x31,0x85,0x31,0xc6,0x39,
    0xe7,0x39,0xa6,0x39,0xe7,0x39,0xc6,0x39,0x85,0x31,0x85,0x31,0xa6,0x31,0xa6,0x31,
    0x85,0x31,0x85,0x31,0x85,0x31,0x65,0x29,0x85,0x31,0xa6,0x31,0xa6,0x31,0x85,0x31,
    0x85,0x31,0x85,0x31,0x85,0x31,0xa6,0x31,0x85,0x31,0x65,0x29,0x65,0x29,0x65,0x29,
    0xa6,0x31,0xc6,0x39,0xa6,0x31,0xa6,0x31,0xa6,0x31,0x85,0x31,0x85,0x31,0x65,0x29,
    0x65,0x29,0x85,0x31,0x85,0x31,0xa6,0x31,0xa6,0x31,0x65,0x29,0x65,0x29,0x85,0x31,
    0x85,0x31,0x65,0x29,0x64,0x29,0x85,0x31,0xa6,0x31,0x44,0x29,0xca,0x62,0x74,0xb5,
    0x59,0xd6,0xdc,0xde,0x3c,0xe7,0x3d,0xe7,0x5d,0xe7,0x3c,0xe7,0x3b,0xe7,0xb8,0xde,
    0x76,0xd6,0x35,0xd6,0x14,0xd6,0x50,0xc5,0xc4,0x7a,0x63,0x72,0xc5,0x82,0xa5,0x82,
    0x64,0x7a,0x64,0x7a,0x84,0x82,0xa4,0x82,0xe5,0x92,0xa4,0x8a,0x84,0x82,0xa4,0x8a,
    0xa5,0x8a,0x85,0x82,0x84,0x82,0x84,0x82,0xa4,0x82,0xc5,0x8a,0xe5,0x92,0xa5,0x8a,
    0xa4,0x8a,0xa4,0x8a,0x84,0x82,0xa4,0x82,0xc5,0x8a,0xc4,0x8a,0xc5,0x8a,0xa4,0x82,
    0x84,0x82,0xa4,0x8a,0xa4,0x8a,0xe5,0x8a,0xc5,0x8a,0x63,0x82,0x84,0x82,0xa4,0x8a,
    0xa4,0x82,0x84,0x82,0xa4,0x82,0xc5,0x8a,0xa5,0x82,0x84,0x82,0xa4,0x82,0x84,0x82,
    0x84,0x82,0xa5,0x82,0x84,0x82,0x64,0x7a,0x64,0x7a,0x64,0x7a,0x64,0x7a,0x84,0x7a,
    0x64,0x7a,0x64,0x7a,0x24,0x72,0x24,0x6a,0x24,0x6a,0x24,0x6a,0x24,0x6a,0x04,0x62,
    0x04,0x62,0xe4,0x59,0xe4,0x61,0xe4,0x59,0xc4,0x51,0xc4,0x51,0xa4,0x51,0xa4,0x49,
    0x84,0x41,0x64,0x41,0x64,0x39,0x64,0x39,0x44,0x39,0x44,0x39,0x24,0x39,0x23,0x31,
    0x24,0x31,0x44,0x31,0x03,0x31,0x23,0x31,0x63,0x39,0x45,0x5a,0x86,0x6a,0xa6,0x72,
    0x07,0x7b,0x69,0x83,0xcf,0xac,0x16,0xce,0xba,0xde,0xfc,0xde,0x3d,0xe7,0x5d,0xef,
    0x5d,0xe7,0x5d,0xe7,0x7d,0xef,0x5d,0xef,0x5d,0xe7,0x3d,0xe7,0x3c,0xe7,0x3c,0xe7,
    0x3d,0xe7,0x3d,0xe7,0x3d,0xe7,0x3d,0xe7,0x3d,0xe7,0x3d,0xe7,0x3d,0xe7,0x3d,0xe7,
    0x3d,0xe7,0x5d,0xe7,0x5d,0xe7,0x3d,0xe7,0x3d,0xe7,0x5d,0xef,0x7d,0xef,0x5d,0xef,
    0x3d,0xe7,0x5d,0xef,0x5d,0xef,0x5d,0xef,0x5d,0xef,0x5d,0xef,0x5d,0xef,0x3d,0xe7,
    0x3d,0xe7,0x3c,0xe7,0x6d,0x6b,0x86,0x31,0xc7,0x39,0xa6,0x31,0xa6,0x31,0xc7,0x39,
    0xe7,0x39,0xe7,0x39,0xc7,0x39,0xe7,0x39,0x07,0x42,0xc7,0x39,0xa6,0x31,0xa6,0x31,
    0xa6,0x31,0x86,0x31,0x86,0x31,0xa6,0x31,0x86,0x31,0xa6,0x31,0xc6,0x39,0xa6,0x31,
    0xa6,0x31,0xc7,0x39,0xa6,0x31,0x86,0x31,0xa6,0x31,0xc7,0x39,0xa6,0x31,0xc6,0x39,
    0xe7,0x39,0xc6,0x39,0x86,0x31,0xa6,0x31,0xa6,0x31,0xa6,0x31,0xe7,0x39,0xc7,0x39,
    0xa6,0x31,0xa6,0x31,0xa6,0x31,0x65,0x29,0x86,0x31,0xc6,0x39,0xc7,0x39,0xe7,0x39,
    0xe7,0x39,0x28,0x42,0xca,0x5a,0x48,0x4a,0xa6,0x31,0x85,0x31,0x85,0x31,0x85,0x31,
    0xa6,0x31,0xc6,0x39,0xa6,0x31,0x85,0x31,0xa6,0x31,0xc6,0x39,0xa6,0x31,0x85,0x31,
    0x65,0x31,0x65,0x31,0x85,0x31,0x85,0x31,0xa6,0x31,0x85,0x31,0x85,0x31,0xc6,0x39,
    0x85,0x31,0x85,0x31,0x85,0x31,0x85,0x31,0xa6,0x31,0xa6,0x31,0xa6,0x31,0xa6,0x39,
    0x85,0x31,0x85,0x31,0x85,0x31,0xa6,0x39,0x85,0x31,0x65,0x31,0x85,0x31,0x85,0x31,
    0xa6,0x31,0xa6,0x31,0xc6,0x39,0x85,0x31,0x85,0x31,0x85,0x31,0x85,0x31,0x85,0x31,
    0xa6,0x31,0xa6,0x31,0x65,0x29,0x65,0x29,0xa6,0x31,0xa6,0x31,0xa6,0x31,0x85,0x31,
    0x85,0x31,0x65,0x31,0x85,0x31,0x85,0x31,0x65,0x29,0x44,0x29,0x65,0x29,0xa6,0x39,
    0xa6,0x31,0x65,0x29,0x65,0x31,0x65,0x31,0x65,0x31,0x65,0x29,0x44,0x29,0x65,0x29,
    0x85,0x31,0x64,0x31,0x2b,0x6b,0x74,0xbd,0x79,0xd6,0xfc,0xde,0x3d,0xe7,0x3d,0xe7,
    0x5d,0xe7,0x5d,0xe7,0x1b,0xe7,0x97,0xd6,0x76,0xd6,0x55,0xd6,0x34,0xd6,0x2f,0xbd,
    0x84,0x7a,0xa4,0x82,0x05,0x8b,0xc5,0x82,0xa4,0x82,0x84,0x7a,0xa4,0x82,0xe4,0x8a,
    0x05,0x93,0xe5,0x8a,0x63,0x82,0x84,0x82,0xc5,0x8a,0xe5,0x92,0xc4,0x8a,0xa4,0x8a,
    0xa4,0x8a,0xc5,0x8a,0xe5,0x92,0xa4,0x8a,0xa4,0x8a,0xa4,0x8a,0xc4,0x8a,0xc5,0x8a,
    0xa4,0x8a,0xa4,0x8a,0xa5,0x8a,0x84,0x82,0xa4,0x8a,0xa5,0x8a,0x84,0x82,0xc4,0x8a,
    0xc4,0x8a,0x84,0x82,0xa5,0x8a,0x84,0x82,0xa4,0x82,0xc4,0x82,0x84,0x7a,0x64,0x7a,
    0x84,0x82,0xa5,0x82,0x84,0x82,0x64,0x7a,0x84,0x82,0xa4,0x82,0xa4,0x82,0x84,0x82,
    0x84,0x82,0x64,0x7a,0x43,0x7a,0x64,0x7a,0x44,0x72,0x44,0x72,0x24,0x72,0x24,0x72,
    0x44,0x6a,0x24,0x6a,0x04,0x6a,0xe3,0x69,0x24,0x6a,0x04,0x62,0xe4,0x61,0xe4,0x61,
    0xe4,0x59,0xc4,0x51,0xa4,0x49,0xa4,0x49,0xa4,0x49,0x84,0x41,0x63,0x41,0x43,0x39,
    0x44,0x39,0x44,0x39,0x44,0x31,0x44,0x31,0x44,0x31,0x44,0x31,0x23,0x31,0x23,0x31,
    0x43,0x39,0x25,0x5a,0x86,0x6a,0x86,0x6a,0xe7,0x7a,0x68,0x8b,0x8d,0xa4,0xd4,0xc5,
    0xb9,0xde,0xfc,0xde,0x3d,0xe7,0x5d,0xef,0x5d,0xef,0x5d,0xe7,0x5d,0xe7,0x5d,0xe7,
    0x3d,0xe7,0x3d,0xe7,0x3c,0xe7,0x1c,0xdf,0x1c,0xe7,0x1c,0xe7,0x1c,0xe7,0x1c,0xe7,
    0x1c,0xe7,0x3c,0xe7,0x3c,0xe7,0x3d,0xe7,0x3d,0xe7,0x3d,0xe7,0x3d,0xe7,0x3d,0xe7,
    0x3d,0xe7,0x3d,0xe7,0x3d,0xe7,0x3d,0xe7,0x3d,0xe7,0x3d,0xe7,0x5d,0xe7,0x5d,0xef,
    0x5d,0xe7,0x5d,0xe7,0x5d,0xe7,0x5d,0xe7,0x3d,0xe7,0x5d,0xef,0x10,0x84,0x45,0x29,
    0xe7,0x39,0x86,0x31,0xc6,0x31,0xc6,0x31,0xc6,0x39,0xe7,0x39,0xe7,0x39,0xc7,0x39,
    0xc6,0x39,0xa6,0x31,0xc7,0x39,0xa6,0x31,0xa6,0x31,0xa6,0x31,0xa6,0x31,0xe7,0x39,
    0xa6,0x31,0xc7,0x39,0xc7,0x39,0xa6,0x31,0xc7,0x39,0xe7,0x39,0x86,0x31,0x65,0x29,
    0xa6,0x31,0xc7,0x39,0xa6,0x31,0x86,0x31,0xa6,0x31,0xa6,0x31,0xa6,0x31,0x86,0x31,
    0xa6,0x31,0xc7,0x39,0xc7,0x39,0xa6,0x31,0x86,0x31,0xa6,0x31,0xa6,0x31,0x86,0x31,
    0x86,0x31,0xc6,0x39,0xc7,0x39,0xc7,0x39,0x85,0x31,0xe7,0x39,0xca,0x5a,0x28,0x42,
    0xc6,0x39,0xe7,0x39,0xe7,0x39,0xe7,0x39,0xe7,0x41,0xe7,0x39,0xc6,0x39,0xa6,0x39,
    0xe7,0x39,0xe7,0x39,0x85,0x31,0x85,0x31,0x85,0x31,0x85,0x31,0x86,0x39,0x85,0x31,
    0xa6,0x39,0xa6,0x31,0x85,0x31,0xc6,0x39,0xa6,0x39,0xc6,0x39,0xc6,0x39,0xa6,0x31,
    0xa6,0x31,0x85,0x31,0x85,0x31,0xa6,0x31,0x85,0x31,0x85,0x31,0x85,0x31,0x85,0x31,
    0xa6,0x31,0x85,0x31,0x85,0x31,0xa6,0x31,0x85,0x31,0x85,0x31,0xc6,0x39,0xa6,0x31,
    0x85,0x31,0x85,0x31,0x85,0x31,0x65,0x29,0x85,0x31,0xa6,0x31,0x44,0x29,0x44,0x29,
    0x65,0x31,0x85,0x31,0x85,0x31,0x85,0x31,0x65,0x29,0x65,0x29,0x85,0x31,0x85,0x31,
    0x65,0x31,0x65,0x31,0x85,0x31,0x85,0x31,0x85,0x31,0x65,0x29,0x65,0x29,0x65,0x31,
    0x65,0x29,0x85,0x29,0x65,0x29,0x44,0x29,0x65,0x29,0x44,0x29,0x2b,0x73,0x95,0xbd,
    0x79,0xd6,0xfc,0xde,0x3c,0xe7,0x3d,0xe7,0x5d,0xe7,0x3c,0xe7,0x3b,0xe7,0xd8,0xde,
    0x97,0xde,0x56,0xd6,0x14,0xd6,0xce,0xb4,0x42,0x72,0x83,0x82,0x05,0x8b,0xc4,0x82,
    0xc5,0x82,0xc4,0x82,0xa3,0x82,0xe4,0x92,0x05,0x93,0xe4,0x92,0xc4,0x8a,0xc4,0x8a,
    0xc4,0x8a,0xc4,0x8a,0xa4,0x8a,0xa4,0x8a,0xa4,0x8a,0xa4,0x8a,0xa4,0x8a,0x63,0x82,
    0x83,0x82,0x83,0x82,0xc4,0x8a,0xe5,0x8a,0xc4,0x8a,0xa4,0x8a,0x84,0x82,0xa4,0x8a,
    0xa4,0x8a,0x84,0x82,0x83,0x82,0xa4,0x82,0xc5,0x8a,0xa5,0x8a,0xa5,0x8a,0x84,0x82,
    0x84,0x82,0xc5,0x82,0x64,0x7a,0xe2,0x69,0x85,0x82,0xe5,0x8a,0x43,0x7a,0x64,0x7a,
    0xa5,0x82,0xa5,0x82,0xa4,0x82,0xa4,0x82,0xa4,0x82,0xa4,0x82,0x84,0x7a,0x64,0x7a,
    0x44,0x7a,0x44,0x72,0x24,0x72,0x44,0x72,0x24,0x6a,0x24,0x6a,0x24,0x6a,0x24,0x6a,
    0x24,0x6a,0x04,0x62,0xe4,0x61,0xe4,0x59,0xe4,0x59,0xc4,0x51,0xa3,0x49,0xa4,0x49,
    0x84,0x49,0x84,0x41,0x64,0x41,0x63,0x39,0x63,0x39,0x64,0x39,0x44,0x39,0x44,0x31,
    0x44,0x31,0x44,0x31,0x44,0x31,0x23,0x39,0x43,0x39,0x05,0x5a,0x86,0x6a,0x86,0x6a,
    0xe7,0x7a,0x68,0x8b,0x2b,0x9c,0x72,0xbd,0x98,0xd6,0xfb,0xde,0x3c,0xe7,0x3d,0xe7,
    0x5d,0xef,0x5d,0xe7,0x5d,0xe7,0x3d,0xe7,0x3d,0xe7,0x3c,0xe7,0x1c,0xdf,0x1c,0xdf,
    0x1c,0xe7,0x1c,0xe7,0x1c,0xe7,0x1c,0xe7,0x1c,0xe7,0x3d,0xe7,0x3c,0xe7,0x3c,0xe7,
    0x3d,0xe7,0x3d,0xe7,0x3d,0xe7,0x3d,0xe7,0x3d,0xe7,0x3d,0xe7,0x3d,0xe7,0x3d,0xe7,
    0x3d,0xe7,0x3d,0xe7,0x3d,0xe7,0x5d,0xe7,0x3d,0xe7,0x5d,0xe7,0x5d,0xe7,0x3d,0xe7,
    0x3d,0xe7,0x5d,0xef,0x71,0x8c,0x45,0x29,0xe7,0x39,0xe7,0x39,0xc6,0x39,0x07,0x3a,
    0x07,0x3a,0xe7,0x39,0xc7,0x39,0xc7,0x39,0xa6,0x31,0x85,0x31,0xa6,0x31,0xa6,0x31,
    0xa6,0x31,0xa6,0x31,0xa6,0x31,0xc7,0x39,0xa6,0x31,0xc7,0x39,0xa6,0x31,0xa6,0x31,
    0xa6,0x31,0xa6,0x31,0xa6,0x31,0x86,0x31,0xa6,0x31,0xc6,0x39,0x86,0x31,0x86,0x31,
    0xa6,0x31,0xc7,0x39,0xc6,0x39,0xa6,0x31,0xc7,0x39,0xc7,0x39,0xa6,0x31,0x86,0x31,
    0x86,0x31,0x86,0x31,0xa6,0x31,0xa6,0x31,0xa6,0x31,0xa6,0x31,0xc7,0x39,0xc7,0x39,
    0xa6,0x31,0xc6,0x39,0x07,0x42,0xc6,0x39,0xc6,0x39,0xc6,0x39,0xc6,0x39,0xc6,0x39,
    0xe7,0x39,0xe7,0x39,0x48,0x4a,0x28,0x42,0xc6,0x39,0x85,0x31,0x85,0x31,0x85,0x31,
    0x85,0x31,0x85,0x31,0x85,0x31,0x65,0x31,0xc6,0x39,0xc6,0x39,0xa6,0x31,0xc6,0x39,
    0xc6,0x39,0xa6,0x31,0xa6,0x31,0xa6,0x31,0x85,0x31,0x85,0x31,0x85,0x31,0x85,0x31,
    0xa6,0x31,0xa6,0x31,0x85,0x31,0x85,0x31,0xa6,0x31,0xa6,0x31,0x85,0x31,0x85,0x31,
    0x85,0x31,0x85,0x31,0xa6,0x39,0x85,0x31,0x85,0x31,0x85,0x31,0x65,0x31,0x85,0x31,
    0x85,0x31,0x65,0x29,0x44,0x29,0x24,0x29,0x65,0x29,0x85,0x31,0xa6,0x31,0xa6,0x31,
    0x85,0x31,0x65,0x31,0x85,0x31,0x85,0x31,0x85,0x31,0x85,0x31,0x85,0x31,0x65,0x29,
    0x65,0x29,0x65,0x29,0x65,0x29,0x65,0x29,0x65,0x29,0x65,0x29,0x85,0x29,0x85,0x31,
    0x65,0x29,0x44,0x29,0x4b,0x73,0x95,0xbd,0x79,0xd6,0xfc,0xde,0x1c,0xe7,0x3c,0xe7,
    0x5d,0xef,0x5d,0xef,0x1b,0xe7,0xb8,0xde,0x77,0xd6,0x36,0xd6,0x35,0xd6,0xad,0xb4,
    0x22,0x72,0xe4,0x8a,0x25,0x93,0xc4,0x8a,0xc5,0x8a,0xc4,0x8a,0xe4,0x8a,0x04,0x93,
    0x25,0x9b,0x04,0x93,0xe4,0x92,0xc4,0x8a,0xa4,0x8a,0xc4,0x8a,0xe5,0x92,0xc4,0x8a,
    0xa4,0x8a,0xa4,0x8a,0xa4,0x8a,0xc4,0x8a,0xe5,0x92,0xc4,0x8a,0xe4,0x8a,0xe4,0x92,
    0xe4,0x92,0xe5,0x92,0xc4,0x8a,0xc4,0x8a,0xc4,0x8a,0xa4,0x8a,0xa4,0x8a,0xc4,0x8a,
    0xa4,0x8a,0xa4,0x8a,0xa4,0x8a,0x84,0x82,0x64,0x7a,0xa5,0x82,0xa5,0x82,0x23,0x72,
    0x84,0x82,0xa4,0x82,0x63,0x7a,0xa4,0x82,0xa5,0x82,0xa5,0x82,0xa5,0x82,0xa5,0x82,
    0xa5,0x82,0xa5,0x82,0xa4,0x82,0x84,0x7a,0x64,0x7a,0x64,0x72,0x23,0x72,0x44,0x72,
    0x44,0x6a,0x24,0x6a,0x44,0x72,0x44,0x72,0x24,0x6a,0x04,0x6a,0xe4,0x61,0xe4,0x61,
    0xe4,0x59,0xc4,0x59,0xa4,0x51,0xa4,0x51,0xa4,0x49,0x84,0x49,0x84,0x41,0x63,0x41,
    0x63,0x39,0x63,0x39,0x63,0x39,0x43,0x31,0x44,0x39,0x44,0x39,0x44,0x39,0x44,0x39,
    0x63,0x41,0x05,0x5a,0x86,0x6a,0x86,0x6a,0xe7,0x7a,0x68,0x8b,0x2b,0x9c,0x30,0xb5,
    0x57,0xd6,0xfb,0xde,0x3c,0xe7,0x3d,0xe7,0x5d,0xef,0x3d,0xe7,0x3d,0xe7,0x3c,0xe7,
    0x1c,0xdf,0x1c,0xdf,0x1c,0xdf,0x1c,0xdf,0xfc,0xde,0x1c,0xdf,0x1c,0xdf,0x1c,0xe7,
    0x1c,0xe7,0x1c,0xe7,0x1c,0xe7,0x1c,0xe7,0x3d,0xe7,0x3c,0xe7,0x3c,0xe7,0x3c,0xe7,
    0x3c,0xe7,0x3d,0xe7,0x3d,0xe7,0x3d,0xe7,0x3d,0xe7,0x3c,0xe7,0x3d,0xe7,0x3d,0xe7,
    0x3d,0xe7,0x3d,0xe7,0x3d,0xe7,0x3d,0xe7,0x1c,0xe7,0x5d,0xef,0xb2,0x94,0x44,0x29,
    0xe7,0x39,0x28,0x42,0x49,0x4a,0x48,0x42,0x08,0x42,0xe7,0x39,0xa6,0x31,0xc7,0x39,
    0xc7,0x39,0xa6,0x31,0x86,0x31,0x86,0x31,0xa6,0x31,0xa6,0x31,0xa6,0x31,0xa6,0x31,
    0x86,0x31,0xa6,0x31,0xe7,0x39,0xc7,0x39,0xa6,0x31,0xa6,0x31,0xa6,0x31,0xa6,0x31,
    0xa6,0x31,0xa6,0x31,0xa6,0x31,0xa6,0x31,0xc6,0x39,0xe7,0x39,0xc6,0x39,0xa6,0x31,
    0xa6,0x31,0xa6,0x31,0x86,0x31,0x86,0x31,0x86,0x31,0x86,0x31,0xa6,0x31,0xc7,0x39,
    0xa6,0x31,0xc7,0x39,0xe7,0x39,0xe7,0x39,0xe7,0x39,0xa6,0x31,0x85,0x31,0xc6,0x39,
    0xc6,0x39,0xc6,0x39,0xa6,0x31,0x85,0x31,0x85,0x31,0xa6,0x39,0x48,0x4a,0x68,0x4a,
    0x28,0x42,0xc6,0x39,0xa6,0x31,0x85,0x31,0x85,0x31,0x65,0x31,0x65,0x29,0x65,0x31,
    0xa5,0x31,0xe7,0x41,0x07,0x42,0xc6,0x39,0xc6,0x39,0x85,0x31,0x85,0x31,0x65,0x31,
    0x65,0x29,0x85,0x31,0xa6,0x31,0xa6,0x31,0xa6,0x39,0xa6,0x39,0xa6,0x31,0x85,0x31,
    0xa6,0x31,0x85,0x31,0x65,0x31,0x85,0x31,0x65,0x29,0x85,0x31,0x85,0x31,0x65,0x31,
    0x85,0x31,0x85,0x31,0x85,0x31,0x85,0x31,0x85,0x31,0x65,0x31,0x44,0x29,0x24,0x21,
    0x44,0x29,0x85,0x31,0xa6,0x39,0xa6,0x31,0x85,0x31,0x85,0x31,0x65,0x31,0x85,0x31,
    0x85,0x31,0x65,0x31,0x65,0x31,0x65,0x29,0x65,0x29,0x65,0x29,0x65,0x29,0x65,0x29,
    0x65,0x29,0x65,0x29,0x65,0x29,0x85,0x31,0x65,0x29,0x44,0x29,0x6c,0x73,0x95,0xbd,
    0x79,0xd6,0xfb,0xde,0x3c,0xe7,0x3c,0xe7,0x3d,0xef,0x3c,0xe7,0x1a,0xe7,0x98,0xde,
    0x77,0xd6,0x56,0xd6,0x55,0xde,0xad,0xb4,0xa3,0x82,0x25,0x9b,0x04,0x93,0xa3,0x82,
    0xa4,0x82,0xc4,0x8a,0x04,0x93,0x04,0x9b,0x45,0x9b,0x25,0x9b,0xe4,0x92,0xc4,0x8a,
    0xc4,0x8a,0xe4,0x92,0x05,0x93,0xe4,0x92,0xe4,0x92,0xe4,0x92,0xc4,0x8a,0xc4,0x8a,
    0x05,0x93,0x05,0x93,0xe4,0x92,0xe4,0x92,0xe4,0x8a,0xc4,0x8a,0xe4,0x92,0xe4,0x92,
    0xe4,0x92,0xe5,0x8a,0xe5,0x8a,0xe5,0x92,0xc4,0x8a,0xc4,0x8a,0xc4,0x8a,0xa4,0x82,
    0x84,0x82,0xa4,0x82,0xc5,0x8a,0xc5,0x8a,0xc4,0x8a,0x84,0x82,0xa4,0x82,0xc5,0x8a,
    0x84,0x82,0xa4,0x82,0xa4,0x82,0xa4,0x82,0xa4,0x82,0xa4,0x82,0xa4,0x82,0x84,0x7a,
    0x64,0x7a,0x64,0x7a,0x23,0x72,0x44,0x72,0x44,0x72,0x44,0x6a,0x24,0x6a,0x44,0x72,
    0x24,0x6a,0x04,0x6a,0xe4,0x61,0xe4,0x61,0xe4,0x59,0xc4,0x59,0xc4,0x59,0xc4,0x51,
    0xc4,0x51,0xa4,0x51,0x84,0x49,0x83,0x41,0x63,0x41,0x63,0x39,0x63,0x39,0x43,0x39,
    0x43,0x39,0x64,0x39,0x64,0x39,0x64,0x39,0x63,0x41,0xe4,0x51,0x86,0x6a,0x86,0x72,
    0xe7,0x7a,0x68,0x8b,0x4b,0x9c,0x50,0xbd,0x36,0xce,0xd9,0xde,0x1b,0xe7,0x3c,0xe7,
    0x5d,0xef,0x3d,0xe7,0x3c,0xe7,0x1c,0xdf,0x1c,0xdf,0xfc,0xde,0xfc,0xde,0xfc,0xde,
    0xfc,0xde,0xfc,0xde,0xfc,0xde,0x1c,0xdf,0x1c,0xe7,0x1c,0xe7,0x1c,0xe7,0x1c,0xe7,
    0x1c,0xe7,0x3c,0xe7,0x3c,0xe7,0x3c,0xe7,0x3c,0xe7,0x3c,0xe7,0x3c,0xe7,0x3d,0xe7,
    0x3c,0xe7,0x3c,0xe7,0x3c,0xe7,0x3c,0xe7,0x3d,0xe7,0x3d,0xe7,0x3d,0xe7,0x3d,0xe7,
    0x1c,0xe7,0x5d,0xef,0xd3,0x9c,0x04,0x21,0x28,0x42,0x69,0x4a,0x48,0x42,0x07,0x3a,
    0x07,0x3a,0xe7,0x39,0x86,0x31,0x86,0x31,0xa6,0x31,0xa6,0x31,0xa6,0x31,0xa6,0x31,
    0xa6,0x31,0xc7,0x39,0xc7,0x39,0xa6,0x31,0x86,0x31,0xa6,0x31,0xe7,0x39,0xc7,0x39,
    0xc7,0x39,0xc7,0x39,0xa6,0x31,0x86,0x31,0xa6,0x31,0xc6,0x39,0xc6,0x39,0xa6,0x31,
    0xa6,0x31,0xe7,0x39,0xc7,0x39,0xc6,0x39,0xc7,0x39,0x86,0x31,0x86,0x31,0xa6,0x31,
    0xa6,0x31,0xa6,0x31,0xc7,0x39,0xc7,0x39,0x86,0x31,0xa6,0x31,0xc7,0x39,0xc7,0x39,
    0xe7,0x41,0xa6,0x31,0x85,0x31,0x85,0x31,0xa6,0x31,0xe7,0x39,0xc6,0x39,0x85,0x31,
    0x85,0x31,0xc6,0x39,0xc6,0x31,0xe7,0x39,0x89,0x52,0x89,0x52,0x07,0x42,0xa6,0x31,
    0x85,0x31,0x65,0x31,0x85,0x31,0x85,0x31,0x85,0x31,0x07,0x42,0x07,0x42,0xc6,0x39,
    0xc6,0x39,0xa6,0x31,0x85,0x31,0x65,0x29,0x85,0x31,0x85,0x31,0xa6,0x31,0x85,0x31,
    0xa6,0x31,0xa6,0x31,0xa6,0x31,0x85,0x31,0xa6,0x31,0xc6,0x39,0xc6,0x39,0xc6,0x39,
    0x85,0x31,0xa6,0x39,0xa6,0x31,0x85,0x31,0xa6,0x31,0x85,0x31,0x85,0x31,0x44,0x29,
    0x44,0x29,0x65,0x29,0x44,0x29,0x24,0x29,0x44,0x29,0x65,0x31,0xa6,0x31,0xa6,0x31,
    0xa6,0x31,0x85,0x31,0x65,0x29,0x65,0x29,0x65,0x31,0x65,0x31,0x65,0x29,0x65,0x29,
    0x65,0x29,0x65,0x29,0x65,0x29,0x65,0x29,0x65,0x29,0x65,0x29,0x44,0x29,0x45,0x29,
    0x44,0x29,0x44,0x31,0x6c,0x7b,0x94,0xbd,0x79,0xd6,0xfb,0xde,0x3c,0xe7,0x3c,0xe7,
    0x5c,0xef,0x3c,0xe7,0x1b,0xe7,0xd9,0xe6,0x98,0xde,0x77,0xde,0x76,0xde,0x8c,0xb4,
    0xe4,0x8a,0x45,0x9b,0x04,0x93,0x25,0x93,0x05,0x93,0xe4,0x92,0x25,0x9b,0x24,0x9b,
    0x04,0x93,0x24,0x9b,0x45,0x9b,0xe4,0x92,0x04,0x93,0x25,0x9b,0x05,0x93,0x04,0x93,
    0xc4,0x92,0x05,0x93,0x05,0x93,0x25,0x9b,0x05,0x93,0x04,0x93,0x05,0x93,0xe4,0x92,
    0xc4,0x8a,0xc4,0x8a,0xc4,0x8a,0xe4,0x8a,0xe4,0x92,0xe5,0x92,0xc4,0x8a,0x05,0x93,
    0xe4,0x92,0xe4,0x92,0xe4,0x92,0xc4,0x8a,0xc5,0x8a,0x43,0x7a,0x84,0x82,0xc4,0x8a,
    0xc4,0x8a,0xa4,0x82,0xc4,0x8a,0xa4,0x8a,0x84,0x82,0xa4,0x8a,0xa4,0x82,0x83,0x82,
    0x83,0x7a,0x84,0x82,0x84,0x82,0x84,0x7a,0x64,0x7a,0x64,0x7a,0x64,0x7a,0x44,0x72,
    0x44,0x72,0x44,0x72,0x24,0x6a,0x24,0x6a,0x24,0x6a,0x24,0x6a,0xe3,0x61,0xe4,0x61,
    0xe4,0x61,0xe4,0x59,0xe4,0x59,0xc4,0x59,0xc4,0x51,0xa4,0x51,0xa4,0x49,0x83,0x41,
    0x63,0x41,0x64,0x41,0x63,0x39,0x43,0x39,0x63,0x39,0x64,0x39,0x84,0x41,0x84,0x41,
    0x63,0x41,0x05,0x5a,0xa6,0x6a,0xa6,0x72,0xe7,0x7a,0x68,0x8b,0x4b,0xa4,0x70,0xbd,
    0x35,0xd6,0x98,0xd6,0xfb,0xe6,0x3c,0xe7,0x5d,0xef,0x3d,0xe7,0x1c,0xdf,0xfc,0xde,
    0xfc,0xde,0xfc,0xde,0xfc,0xde,0xfc,0xde,0xfc,0xde,0xfc,0xde,0xfc,0xde,0xfc,0xde,
    0xfc,0xde,0x1c,0xe7,0x1c,0xe7,0x1c,0xe7,0x1c,0xe7,0x1c,0xe7,0x3c,0xe7,0x3c,0xe7,
    0x3c,0xe7,0x3c,0xe7,0x3c,0xe7,0x3d,0xe7,0x3c,0xe7,0x3c,0xe7,0x3c,0xe7,0x3c,0xe7,
    0x3d,0xe7,0x3d,0xe7,0x3d,0xe7,0x3d,0xe7,0x1c,0xe7,0x5d,0xe7,0xb3,0x94,0x24,0x21,
    0x49,0x4a,0x48,0x4a,0xc6,0x39,0xa6,0x31,0xc6,0x39,0xe7,0x39,0xc6,0x39,0xc6,0x39,
    0xc6,0x39,0xa6,0x31,0xa6,0x31,0xe7,0x39,0xe7,0x39,0x08,0x42,0xe7,0x39,0xa6,0x31,
    0xa6,0x31,0xa6,0x31,0xc7,0x39,0xe7,0x39,0xe7,0x39,0xe7,0x39,0xa6,0x31,0x85,0x31,
    0x85,0x31,0xa6,0x31,0xa6,0x31,0xa6,0x31,0xa6,0x31,0xc7,0x39,0xc7,0x39,0xc7,0x39,
    0xe7,0x39,0xc7,0x39,0xa6,0x31,0xa6,0x31,0xa6,0x31,0x86,0x31,0xc7,0x39,0xa6,0x31,
    0x86,0x31,0xc7,0x39,0xc7,0x39,0xc7,0x39,0xe7,0x41,0xa6,0x39,0x85,0x31,0xa6,0x39,
    0xa6,0x31,0xc6,0x39,0xc6,0x39,0x85,0x31,0x85,0x31,0xc6,0x39,0xc6,0x31,0xa5,0x31,
    0x28,0x42,0x48,0x4a,0x89,0x52,0x48,0x4a,0x07,0x42,0xc6,0x39,0xa6,0x31,0xa6,0x31,
    0xc6,0x39,0x28,0x42,0xe7,0x39,0xa6,0x31,0xa6,0x39,0xa6,0x31,0x85,0x31,0x65,0x29,
    0x85,0x31,0xa6,0x31,0x85,0x31,0x85,0x31,0x85,0x31,0xa6,0x31,0xa6,0x31,0x65,0x29,
    0x65,0x31,0xa6,0x31,0xa6,0x39,0xe7,0x39,0x85,0x31,0xa6,0x31,0x85,0x31,0x65,0x29,
    0xe7,0x39,0xe7,0x41,0x85,0x31,0x65,0x29,0x44,0x29,0x44,0x29,0x24,0x29,0x65,0x29,
    0x65,0x31,0x85,0x31,0xa6,0x31,0xa6,0x31,0x85,0x31,0x65,0x29,0x44,0x29,0x44,0x29,
    0x65,0x29,0x65,0x31,0x65,0x31,0x65,0x29,0x65,0x29,0x85,0x31,0x65,0x31,0x65,0x29,
    0x65,0x29,0x65,0x31,0x44,0x29,0x45,0x29,0x44,0x29,0x44,0x31,0x6c,0x73,0x74,0xbd,
    0x79,0xd6,0xfb,0xde,0x3c,0xe7,0x5c,0xef,0x5c,0xe7,0x3c,0xe7,0x3b,0xe7,0xf9,0xe6,
    0xb8,0xde,0x77,0xd6,0x76,0xde,0x8c,0xb4,0xe3,0x8a,0x65,0x9b,0x25,0x9b,0x66,0x9b,
    0x46,0x9b,0x04,0x93,0x45,0x9b,0x44,0x9b,0x44,0x9b,0x85,0xa3,0x65,0xa3,0x45,0x9b,
    0x25,0x9b,0x45,0x9b,0x25,0x9b,0x24,0x93,0x45,0x9b,0x45,0x9b,0x04,0x93,0x45,0x9b,
    0x45,0x9b,0x25,0x9b,0x25,0x9b,0x25,0x9b,0x05,0x93,0x05,0x93,0xe4,0x92,0xe4,0x92,
    0xe4,0x8a,0xe4,0x92,0xe4,0x8a,0x05,0x93,0x04,0x93,0x04,0x9b,0x05,0x93,0x05,0x93,
    0x05,0x93,0x63,0x7a,0xa4,0x82,0xe4,0x8a,0xe4,0x92,0xe5,0x92,0xe5,0x92,0xc4,0x8a,
    0xe5,0x8a,0xc4,0x8a,0xa4,0x8a,0xa4,0x82,0x63,0x7a,0x84,0x82,0x64,0x7a,0x64,0x7a,
    0x64,0x7a,0x44,0x7a,0x64,0x7a,0x64,0x7a,0x44,0x72,0x44,0x72,0x44,0x72,0x24,0x72,
    0x44,0x72,0x24,0x6a,0x03,0x6a,0x24,0x6a,0x04,0x62,0xe4,0x61,0xe4,0x61,0xc4,0x59,
    0xc4,0x51,0xa4,0x51,0xa4,0x51,0x84,0x49,0x84,0x41,0x84,0x41,0x64,0x41,0x63,0x39,
    0x64,0x41,0x64,0x41,0x84,0x41,0x63,0x39,0x84,0x41,0x05,0x5a,0xa6,0x6a,0xa6,0x72,
    0x07,0x83,0x88,0x8b,0x6b,0xa4,0x6f,0xbd,0x34,0xd6,0x97,0xd6,0xfa,0xde,0x3c,0xe7,
    0x5d,0xef,0x3c,0xe7,0x1c,0xdf,0xfc,0xde,0xdb,0xd6,0xdb,0xd6,0xdb,0xd6,0xdb,0xd6,
    0xdb,0xd6,0xdb,0xde,0xdb,0xde,0xdc,0xde,0xdb,0xde,0xfc,0xde,0xfc,0xde,0xfc,0xe6,
    0x1c,0xe7,0x1c,0xe7,0x1c,0xe7,0x1c,0xe7,0x1c,0xe7,0x1c,0xe7,0x1c,0xe7,0x3d,0xe7,
    0x3d,0xe7,0x3d,0xe7,0x3d,0xe7,0x3d,0xe7,0x3d,0xe7,0x3d,0xe7,0x3d,0xe7,0x3d,0xe7,
    0x1c,0xe7,0x3d,0xe7,0xb2,0x94,0xa6,0x31,0x28,0x42,0xe7,0x39,0xc6,0x31,0xa6,0x31,
    0xa6,0x31,0x08,0x42,0x28,0x4a,0xe7,0x39,0xc6,0x39,0xc7,0x39,0xc6,0x39,0xc7,0x39,
    0xe7,0x39,0xe7,0x39,0xc7,0x39,0xc7,0x39,0xc7,0x39,0xa6,0x31,0xc7,0x39,0x28,0x42,
    0x08,0x42,0xc7,0x39,0xc6,0x39,0xa6,0x31,0xa6,0x31,0xa6,0x31,0xc7,0x39,0xe7,0x39,
    0xc6,0x39,0xa6,0x31,0xc6,0x39,0xc7,0x39,0xe7,0x39,0xc7,0x39,0xc7,0x39,0xc7,0x39,
    0x86,0x31,0x86,0x31,0xa6,0x31,0x86,0x31,0x86,0x31,0xa6,0x31,0xa7,0x31,0xc7,0x39,
    0x28,0x42,0x48,0x4a,0xa6,0x31,0x85,0x31,0xa6,0x39,0xa6,0x31,0xc6,0x39,0xa6,0x31,
    0x85,0x31,0x85,0x31,0xe7,0x39,0x07,0x42,0x28,0x42,0xc6,0x39,0x28,0x42,0x89,0x52,
    0x48,0x4a,0x28,0x42,0xe7,0x39,0xc6,0x39,0xe7,0x39,0x07,0x42,0x28,0x42,0xe7,0x39,
    0x07,0x42,0x28,0x42,0x07,0x42,0xa6,0x31,0x85,0x31,0x85,0x31,0x85,0x31,0x85,0x31,
    0x85,0x31,0xa6,0x31,0xa6,0x31,0x85,0x31,0xa6,0x31,0x85,0x31,0x85,0x31,0xc6,0x39,
    0xa6,0x31,0xa6,0x31,0x85,0x31,0x65,0x31,0xc6,0x39,0x07,0x42,0xa6,0x31,0x65,0x31,
    0x65,0x29,0x44,0x29,0x44,0x29,0x65,0x29,0x65,0x29,0x85,0x31,0x85,0x31,0x85,0x31,
    0x65,0x29,0x65,0x29,0x65,0x29,0x65,0x29,0x65,0x29,0x65,0x31,0x65,0x29,0x65,0x29,
    0x65,0x29,0x65,0x29,0x65,0x29,0x65,0x29,0x65,0x29,0x85,0x31,0x65,0x31,0x45,0x29,
    0x44,0x29,0x44,0x31,0x2b,0x73,0x54,0xb5,0x59,0xd6,0xfb,0xde,0x3c,0xe7,0x5c,0xe7,
    0x5c,0xe7,0x3c,0xe7,0x3b,0xe7,0xfa,0xe6,0xd9,0xe6,0x98,0xd6,0x76,0xde,0xcd,0xb4,
    0x04,0x93,0x65,0xa3,0x86,0xa3,0x86,0xa3,0x86,0xa3,0x45,0x9b,0x85,0xa3,0xa5,0xab,
    0xc5,0xab,0xc5,0xab,0x85,0xa3,0x65,0xa3,0x45,0xa3,0x45,0xa3,0x45,0xa3,0x44,0x9b,
    0x24,0x9b,0x65,0xa3,0x45,0x9b,0x45,0x9b,0x24,0x9b,0x25,0x9b,0x25,0x9b,0x25,0x9b,
    0x04,0x93,0xe4,0x92,0x04,0x93,0xe4,0x92,0xe4,0x92,0xe4,0x92,0xc4,0x8a,0xe4,0x92,
    0xe4,0x92,0x25,0x9b,0x04,0x93,0x05,0x93,0xe5,0x92,0xa4,0x82,0xc5,0x8a,0x05,0x93,
    0xe4,0x92,0x05,0x93,0xe4,0x92,0x05,0x93,0xe4,0x8a,0xc4,0x8a,0xc4,0x8a,0xe5,0x92,
    0xc4,0x8a,0xa4,0x82,0x84,0x82,0x84,0x82,0x84,0x7a,0x64,0x7a,0x64,0x7a,0x64,0x7a,
    0x64,0x7a,0x44,0x72,0x44,0x72,0x44,0x72,0x44,0x72,0x44,0x72,0x24,0x6a,0x24,0x6a,
    0x04,0x62,0xe3,0x61,0x04,0x62,0xe4,0x61,0xc4,0x59,0xc4,0x59,0xc4,0x51,0xa4,0x49,
    0x84,0x49,0x84,0x49,0x64,0x41,0x64,0x41,0x64,0x41,0x84,0x41,0x63,0x41,0x43,0x39,
    0x84,0x49,0x05,0x5a,0xa6,0x6a,0xc7,0x7a,0x28,0x83,0xa9,0x93,0x8b,0xac,0x4f,0xbd,
    0x13,0xce,0x96,0xd6,0xda,0xde,0x3c,0xe7,0x5d,0xef,0x3d,0xe7,0xdc,0xde,0xbb,0xd6,
    0x9b,0xd6,0xbb,0xd6,0x9b,0xd6,0xbb,0xd6,0xfb,0xde,0xfc,0xde,0xdb,0xde,0xdb,0xde,
    0xdb,0xde,0xdb,0xde,0xdc,0xde,0xdc,0xde,0xfc,0xde,0xfc,0xde,0xfc,0xde,0xfc,0xde,
    0x1c,0xdf,0x1c,0xe7,0x1c,0xe7,0x1c,0xe7,0x1c,0xe7,0x1c,0xe7,0x1c,0xe7,0x1c,0xe7,
    0x1c,0xe7,0x1c,0xe7,0x1d,0xe7,0x1c,0xe7,0xfc,0xde,0x1c,0xe7,0x51,0x8c,0xa6,0x31,
    0xe7,0x39,0xc7,0x39,0xc6,0x31,0xa6,0x31,0xc6,0x31,0x28,0x42,0x48,0x4a,0xc7,0x39,
    0xc7,0x39,0xc6,0x39,0xa6,0x31,0xc7,0x39,0xc7,0x39,0xa6,0x31,0xa6,0x31,0xe7,0x39,
    0xc7,0x39,0xa6,0x31,0xa6,0x31,0x08,0x42,0x08,0x42,0xc6,0x39,0xa6,0x31,0x86,0x31,
    0xc6,0x39,0xa6,0x31,0x86,0x31,0x86,0x31,0x85,0x31,0xa6,0x31,0xa6,0x31,0xa6,0x31,
    0xa6,0x31,0x86,0x31,0xe7,0x39,0x08,0x42,0x86,0x31,0xa6,0x31,0xc7,0x39,0xc7,0x39,
    0xa6,0x31,0xa7,0x31,0xe7,0x39,0x08,0x42,0x48,0x4a,0xaa,0x52,0xc6,0x39,0x65,0x29,
    0x85,0x31,0x85,0x31,0x85,0x31,0x85,0x31,0xa6,0x31,0xc6,0x39,0x28,0x42,0x27,0x42,
    0x07,0x42,0xc6,0x39,0xc6,0x39,0x07,0x42,0x28,0x42,0x28,0x4a,0x28,0x42,0x07,0x42,
    0xc6,0x39,0xc6,0x39,0x28,0x42,0x07,0x42,0x48,0x4a,0x28,0x4a,0x07,0x42,0xc6,0x39,
    0x85,0x31,0x65,0x31,0x85,0x31,0x85,0x31,0x85,0x31,0x85,0x31,0x85,0x31,0xa6,0x31,
    0xa6,0x31,0xa6,0x31,0xa6,0x31,0xc6,0x39,0xa6,0x31,0xa6,0x31,0xa6,0x31,0xa6,0x31,
    0xc6,0x39,0xc6,0x39,0x85,0x31,0x85,0x31,0xa6,0x31,0x65,0x29,0x44,0x29,0x44,0x29,
    0x65,0x29,0x65,0x29,0x65,0x31,0x65,0x31,0x65,0x29,0x65,0x29,0x65,0x31,0x65,0x29,
    0x65,0x29,0x65,0x29,0x65,0x29,0x44,0x29,0x44,0x29,0x65,0x29,0x65,0x29,0x44,0x29,
    0x65,0x29,0x65,0x29,0x65,0x29,0x45,0x29,0x45,0x29,0x44,0x29,0x2a,0x73,0x53,0xb5,
    0x78,0xd6,0xfb,0xde,0x1b,0xe7,0x3c,0xe7,0x5c,0xef,0x3c,0xe7,0x3b,0xe7,0x1a,0xe7,
    0xd9,0xe6,0x98,0xde,0x76,0xde,0xed,0xbc,0x24,0x93,0xa6,0xa3,0x85,0xa3,0xe8,0xab,
    0x08,0xb4,0xe7,0xab,0xe6,0xab,0xc5,0xab,0xc5,0xab,0xc5,0xab,0xa5,0xa3,0xa5,0xab,
    0xa5,0xab,0x85,0xa3,0x65,0xa3,0x65,0xa3,0x44,0x9b,0x44,0x9b,0x65,0xa3,0x65,0xa3,
    0x24,0x9b,0x24,0x9b,0x25,0x9b,0x24,0x9b,0x04,0x93,0x04,0x93,0x04,0x93,0x04,0x93,
    0x04,0x93,0x25,0x9b,0x04,0x93,0x04,0x93,0x25,0x9b,0x24,0x9b,0xa3,0x8a,0xe4,0x92,
    0xc4,0x8a,0x42,0x7a,0x05,0x93,0x05,0x93,0x05,0x93,0x25,0x93,0xe4,0x92,0xc4,0x8a,
    0xc3,0x8a,0xe4,0x92,0xc4,0x8a,0xc4,0x8a,0xc4,0x8a,0xe5,0x8a,0xc5,0x8a,0xa4,0x82,
    0xa4,0x82,0xa4,0x82,0x64,0x7a,0x64,0x7a,0x64,0x7a,0x44,0x72,0x43,0x72,0x44,0x7a,
    0x44,0x72,0x24,0x72,0x24,0x6a,0x44,0x6a,0x24,0x6a,0xe3,0x61,0x04,0x62,0x05,0x62,
    0xe4,0x59,0xc3,0x59,0xc4,0x51,0xa4,0x51,0x83,0x49,0x84,0x49,0x63,0x41,0x84,0x41,
    0xa4,0x49,0x43,0x39,0x84,0x41,0x84,0x41,0x84,0x49,0xe4,0x59,0xa6,0x6a,0xe7,0x7a,
    0x48,0x83,0xa9,0x93,0x8b,0xac,0x2e,0xbd,0xf2,0xcd,0x76,0xde,0xd9,0xde,0x3c,0xe7,
    0x5d,0xef,0x3d,0xe7,0xbb,0xd6,0x9a,0xce,0x7a,0xce,0x7a,0xce,0x7a,0xce,0x7a,0xce,
    0xdb,0xde,0xdb,0xde,0x9a,0xd6,0x9a,0xd6,0x9a,0xd6,0xbb,0xd6,0xdb,0xde,0xdb,0xde,
    0xdb,0xde,0xdb,0xde,0xdc,0xde,0xfc,0xde,0xfc,0xde,0xfc,0xde,0xfc,0xde,0xfc,0xde,
    0xfc,0xde,0xfc,0xde,0xfc,0xde,0x1c,0xdf,0x1c,0xdf,0x1c,0xdf,0x1c,0xe7,0xfc,0xde,
    0xfc,0xde,0xdb,0xde,0x6e,0x6b,0x45,0x29,0xe7,0x39,0x28,0x42,0xe7,0x39,0xa6,0x31,
    0xc6,0x39,0xe7,0x39,0xe7,0x39,0xc7,0x39,0xe7,0x39,0xc6,0x39,0xa6,0x31,0xc6,0x39,
    0xa6,0x31,0x86,0x31,0xc7,0x39,0x08,0x42,0xe7,0x39,0xa6,0x31,0xc7,0x39,0xe7,0x39,
    0xc7,0x39,0xc7,0x39,0xa6,0x31,0x85,0x31,0x86,0x31,0x85,0x31,0x65,0x29,0x65,0x29,
    0x85,0x31,0xa6,0x31,0xa6,0x31,0x86,0x31,0x86,0x31,0xa6,0x31,0xe7,0x39,0xc7,0x39,
    0xa6,0x31,0xc7,0x39,0xc7,0x39,0xc7,0x39,0xc7,0x39,0xe7,0x39,0x08,0x42,0x28,0x42,
    0x28,0x42,0x69,0x4a,0x07,0x42,0x85,0x31,0x65,0x31,0x85,0x31,0x85,0x31,0x85,0x31,
    0xc6,0x39,0xe7,0x41,0x07,0x3a,0xc6,0x39,0xe7,0x39,0x07,0x42,0x07,0x3a,0xc6,0x39,
    0xa6,0x39,0xa6,0x31,0x85,0x31,0xc6,0x39,0xe7,0x39,0xa6,0x31,0xc6,0x39,0xe7,0x39,
    0x28,0x42,0x07,0x42,0xe7,0x41,0xc6,0x39,0xa6,0x31,0xa6,0x31,0x85,0x31,0x85,0x31,
    0x85,0x31,0x85,0x31,0x85,0x31,0x85,0x31,0x85,0x31,0xa6,0x31,0xc6,0x39,0xa6,0x31,
    0x85,0x31,0x85,0x31,0x85,0x31,0xa6,0x31,0xa6,0x31,0x85,0x31,0x85,0x31,0x85,0x31,
    0x65,0x29,0x65,0x29,0x44,0x29,0x44,0x29,0x44,0x29,0x65,0x29,0x65,0x29,0x85,0x31,
    0x65,0x29,0x65,0x29,0x65,0x29,0x44,0x29,0x65,0x29,0x65,0x29,0x65,0x29,0x44,0x29,
    0x44,0x29,0x44,0x29,0x65,0x29,0x44,0x29,0x65,0x29,0x65,0x29,0x65,0x29,0x44,0x29,
    0x44,0x29,0x43,0x29,0xea,0x6a,0x33,0xad,0x58,0xce,0xdb,0xde,0xfb,0xde,0x3c,0xe7,
    0x5c,0xe7,0x3c,0xe7,0x3c,0xe7,0x1a,0xe7,0xda,0xe6,0xb8,0xde,0x96,0xde,0x4f,0xc5,
    0x65,0x9b,0xa6,0xab,0xc7,0xab,0x29,0xb4,0x08,0xb4,0xa6,0xa3,0x07,0xb4,0xe6,0xab,
    0xe6,0xab,0xc5,0xab,0xc6,0xab,0xe6,0xb3,0xa6,0xab,0x85,0xa3,0x64,0xa3,0xa5,0xab,
    0xa5,0xab,0x85,0xa3,0x85,0xa3,0x85,0xa3,0x85,0xa3,0x45,0xa3,0x65,0xa3,0x45,0x9b,
    0x45,0x9b,0x24,0x9b,0x24,0x93,0x45,0x9b,0x45,0x9b,0x45,0x9b,0x25,0x9b,0x44,0x9b,
    0x45,0xa3,0x45,0x9b,0x04,0x93,0x05,0x93,0x26,0x9b,0x05,0x93,0xc4,0x8a,0x04,0x93,
    0x25,0x9b,0x25,0x9b,0x25,0x9b,0xe4,0x92,0xe4,0x92,0xe4,0x92,0xe4,0x92,0xc4,0x8a,
    0xc4,0x8a,0xe5,0x92,0xe5,0x8a,0xe5,0x8a,0xc5,0x8a,0xc5,0x8a,0x84,0x82,0x84,0x82,
    0x84,0x82,0x64,0x7a,0x64,0x7a,0x64,0x7a,0x64,0x7a,0x44,0x72,0x44,0x72,0x44,0x72,
    0x44,0x6a,0x24,0x6a,0x04,0x62,0x04,0x62,0x04,0x62,0xe4,0x59,0xc4,0x59,0xa4,0x51,
    0xa3,0x49,0xa4,0x49,0x84,0x49,0xa4,0x49,0xa4,0x49,0x63,0x39,0xa4,0x41,0xa4,0x49,
    0x83,0x49,0x25,0x5a,0xa6,0x6a,0xe7,0x7a,0x48,0x8b,0xc9,0x93,0x8b,0xac,0x4e,0xbd,
    0x12,0xce,0x76,0xde,0xd9,0xde,0x3c,0xe7,0x5d,0xef,0x1c,0xe7,0x7a,0xce,0x39,0xc6,
    0x19,0xc6,0x19,0xbe,0xf8,0xbd,0xf8,0xbd,0x18,0xc6,0x38,0xc6,0x38,0xc6,0x59,0xce,
    0x59,0xce,0x79,0xce,0x7a,0xce,0x7a,0xce,0x7a,0xce,0x7a,0xd6,0x9a,0xd6,0x9a,0xd6,
    0xbb,0xd6,0xbb,0xd6,0xbb,0xd6,0xbb,0xd6,0xbb,0xd6,0xdb,0xd6,0xdb,0xde,0xdb,0xde,
    0xdb,0xde,0xdb,0xde,0xdb,0xde,0xdb,0xd6,0xdb,0xd6,0x59,0xc6,0xab,0x52,0x86,0x31,
    0x08,0x42,0x28,0x42,0xe7,0x39,0xc6,0x39,0xe7,0x39,0xc7,0x39,0xc7,0x39,0xe7,0x39,
    0xc7,0x39,0xa6,0x31,0xc6,0x39,0xa6,0x31,0xa6,0x31,0x86,0x31,0xa6,0x31,0xe7,0x39,
    0xa6,0x31,0x86,0x31,0xe7,0x39,0xc7,0x39,0x86,0x31,0xa6,0x31,0xe7,0x39,0xa6,0x31,
    0xa6,0x31,0xa6,0x31,0x85,0x31,0xa6,0x31,0xa6,0x31,0xa6,0x31,0xa6,0x31,0xa6,0x31,
    0xc7,0x39,0x28,0x42,0x08,0x42,0xc7,0x39,0xe7,0x39,0xe7,0x39,0xe7,0x39,0xa6,0x31,
    0xa6,0x31,0xe8,0x39,0x29,0x42,0xe7,0x39,0xc6,0x39,0x27,0x42,0x48,0x4a,0xc6,0x39,
    0xa6,0x31,0xc6,0x39,0xa6,0x31,0xa6,0x31,0xa6,0x31,0xc6,0x39,0xa6,0x31,0xa6,0x31,
    0xc6,0x39,0xe7,0x39,0xe7,0x39,0xe6,0x39,0x85,0x31,0x65,0x29,0x65,0x31,0xc6,0x39,
    0x07,0x42,0xa6,0x31,0x65,0x31,0xa6,0x31,0xc6,0x39,0xa6,0x31,0xa6,0x31,0x85,0x31,
    0x86,0x31,0xa6,0x31,0x85,0x31,0x85,0x31,0x85,0x31,0xa6,0x31,0xa6,0x31,0x85,0x31,
    0xa6,0x31,0xe7,0x39,0x07,0x42,0xc6,0x39,0x65,0x31,0x85,0x31,0x85,0x31,0x85,0x31,
    0x85,0x31,0x65,0x31,0x85,0x31,0x85,0x31,0x65,0x29,0x65,0x29,0x44,0x29,0x65,0x29,
    0x44,0x29,0x44,0x29,0x65,0x29,0x65,0x31,0x65,0x29,0x65,0x29,0x44,0x29,0x44,0x29,
    0x65,0x29,0x65,0x29,0x65,0x29,0x44,0x29,0x44,0x29,0x65,0x29,0x65,0x29,0x44,0x29,
    0x44,0x29,0x65,0x29,0x65,0x29,0x44,0x29,0x44,0x29,0x23,0x29,0xa9,0x62,0xf2,0xac,
    0x38,0xce,0xda,0xde,0xfb,0xde,0x3b,0xe7,0x3c,0xe7,0x3c,0xe7,0x3b,0xe7,0x1b,0xe7,
    0xfa,0xe6,0xb9,0xde,0xb7,0xde,0x90,0xcd,0xc6,0xa3,0xc6,0xab,0xe7,0xab,0xe7,0xab,
    0x08,0xac,0x07,0xac,0x07,0xb4,0x07,0xb4,0x27,0xb4,0x26,0xb4,0x06,0xb4,0x06,0xb4,
    0xe6,0xb3,0xc6,0xab,0xc6,0xab,0xe6,0xb3,0xa5,0xab,0xc5,0xab,0xc5,0xab,0x64,0xa3,
    0x85,0xa3,0x65,0xa3,0x45,0x9b,0x65,0xa3,0x65,0xa3,0x24,0x9b,0x24,0x9b,0x65,0xa3,
    0x25,0x9b,0x24,0x93,0x24,0x9b,0x45,0x9b,0x45,0xa3,0x65,0xa3,0x45,0x9b,0x25,0x9b,
    0x25,0x9b,0xe4,0x8a,0xe4,0x92,0x25,0x9b,0x24,0x9b,0x25,0x9b,0x24,0x93,0x04,0x93,
    0x25,0x9b,0xe4,0x92,0x05,0x93,0x05,0x93,0xc4,0x8a,0xc4,0x8a,0xe4,0x8a,0xc4,0x8a,
    0xe5,0x8a,0xc5,0x8a,0xa4,0x82,0x84,0x82,0x84,0x82,0x84,0x7a,0x64,0x7a,0x84,0x7a,
    0x64,0x7a,0x64,0x7a,0x64,0x7a,0x64,0x72,0x44,0x72,0x44,0x6a,0x24,0x6a,0xe3,0x61,
    0x04,0x62,0xe4,0x61,0xe4,0x59,0xc4,0x51,0xa4,0x51,0xa4,0x51,0xa3,0x49,0x83,0x41,
    0x84,0x41,0xa4,0x41,0xc4,0x49,0x84,0x49,0xa4,0x49,0x25,0x62,0xc6,0x72,0xe6,0x7a,
    0x48,0x8b,0x0a,0x9c,0xcc,0xac,0x6f,0xc5,0x54,0xd6,0x96,0xde,0xd9,0xde,0x3c,0xe7,
    0x3c,0xe7,0xfc,0xde,0x18,0xbe,0x96,0xad,0x56,0xad,0x35,0xa5,0x15,0xa5,0x14,0xa5,
    0x55,0xad,0x75,0xb5,0x95,0xb5,0xb6,0xb5,0xb6,0xb5,0xd7,0xbd,0xf7,0xbd,0xf7,0xc5,
    0xf7,0xc5,0xf7,0xc5,0x18,0xc6,0x38,0xc6,0x38,0xc6,0x59,0xce,0x59,0xce,0x59,0xce,
    0x59,0xce,0x79,0xce,0x79,0xce,0x7a,0xce,0x7a,0xce,0x7a,0xce,0x7a,0xce,0x79,0xce,
    0x59,0xce,0x14,0xa5,0xe7,0x39,0xe7,0x39,0x08,0x42,0xe7,0x39,0xc6,0x31,0xe7,0x39,
    0x08,0x42,0xe7,0x39,0xe7,0x39,0xe7,0x39,0xc7,0x39,0xa6,0x31,0xc7,0x39,0xc6,0x39,
    0xa6,0x31,0xa6,0x31,0xa6,0x31,0xc7,0x39,0xa6,0x31,0xa6,0x31,0xc7,0x39,0xc7,0x39,
    0xa6,0x31,0xa6,0x31,0xc7,0x39,0xc7,0x39,0xc6,0x39,0x86,0x31,0x65,0x29,0xa6,0x31,
    0xa6,0x39,0xa6,0x31,0xc6,0x39,0xc7,0x39,0x08,0x42,0x49,0x4a,0x28,0x42,0x08,0x42,
    0xe7,0x39,0xe7,0x39,0xe7,0x39,0xc7,0x39,0xa6,0x31,0x08,0x42,0x28,0x42,0xa6,0x31,
    0xe6,0x39,0xe7,0x41,0x28,0x42,0xc6,0x39,0xa6,0x39,0xe7,0x39,0x85,0x31,0x85,0x31,
    0xa6,0x31,0xa6,0x31,0xa6,0x31,0xc6,0x39,0xc6,0x39,0xc6,0x39,0xe7,0x39,0xc6,0x39,
    0x85,0x31,0x65,0x29,0x85,0x31,0x85,0x31,0xc6,0x39,0xe7,0x41,0x85,0x31,0x85,0x31,
    0x85,0x31,0x85,0x31,0x85,0x31,0x86,0x31,0x85,0x31,0xa6,0x31,0xa6,0x31,0x85,0x31,
    0xa6,0x31,0x85,0x31,0xa6,0x31,0xa6,0x31,0xc6,0x39,0xe7,0x39,0xe7,0x39,0xc6,0x39,
    0x85,0x31,0x85,0x31,0x85,0x31,0x85,0x31,0x85,0x31,0x85,0x31,0xa6,0x31,0xa6,0x31,
    0xa6,0x31,0x65,0x29,0x65,0x29,0x65,0x29,0x65,0x29,0x44,0x29,0x44,0x29,0x44,0x29,
    0x65,0x29,0x65,0x29,0x44,0x29,0x65,0x29,0x65,0x29,0x65,0x29,0x65,0x29,0x65,0x29,
    0x44,0x29,0x65,0x29,0x65,0x29,0x44,0x29,0x44,0x29,0x44,0x29,0x44,0x29,0x44,0x29,
    0x45,0x29,0x23,0x29,0x67,0x5a,0xd1,0xa4,0x16,0xc6,0xb9,0xd6,0xfa,0xde,0x1a,0xe7,
    0x3b,0xe7,0x3b,0xe7,0x3b,0xe7,0x1c,0xe7,0xfa,0xe6,0xd9,0xde,0xb8,0xde,0xf3,0xd5,
    0x27,0xb4,0x27,0xb4,0x07,0xac,0x07,0xac,0x69,0xbc,0x06,0xac,0xc5,0xab,0xe6,0xb3,
    0x26,0xb4,0x46,0xb4,0x06,0xac,0x06,0xb4,0x06,0xb4,0x07,0xb4,0x03,0x93,0x64,0x9b,
    0xe6,0xb3,0xa5,0xab,0xc5,0xab,0x85,0xa3,0x85,0xa3,0x85,0xa3,0x64,0x9b,0x64,0xa3,
    0x65,0xa3,0x45,0xa3,0x65,0xa3,0x45,0xa3,0x24,0x9b,0x24,0x9b,0x24,0x9b,0x45,0x9b,
    0x45,0x9b,0x24,0x9b,0xe4,0x92,0x45,0x9b,0x45,0x9b,0xe4,0x92,0x04,0x93,0x25,0x9b,
    0x24,0x93,0x45,0x9b,0x04,0x93,0x04,0x93,0x45,0x9b,0x04,0x93,0x04,0x93,0x05,0x93,
    0xc4,0x8a,0xc4,0x8a,0xc4,0x8a,0xc4,0x8a,0xe5,0x8a,0xc4,0x8a,0xa4,0x82,0xa4,0x82,
    0x84,0x82,0x84,0x82,0x84,0x82,0x84,0x7a,0x64,0x7a,0x64,0x7a,0x64,0x7a,0x44,0x7a,
    0x44,0x72,0x24,0x72,0x24,0x6a,0x03,0x62,0x04,0x62,0x04,0x62,0xe4,0x59,0xa3,0x51,
    0xa3,0x51,0xa3,0x51,0xc4,0x51,0xa4,0x49,0x43,0x39,0x43,0x39,0xa4,0x41,0x43,0x41,
    0xa4,0x51,0x45,0x62,0xa6,0x72,0xe6,0x7a,0x68,0x8b,0x6b,0xa4,0x0e,0xb5,0xb1,0xc5,
    0x55,0xd6,0x97,0xd6,0xb9,0xde,0x1b,0xe7,0x5d,0xef,0xfc,0xde,0xd4,0x9c,0x10,0x84,
    0xcf,0x7b,0x8e,0x73,0x6d,0x73,0x6d,0x6b,0xad,0x7b,0xce,0x7b,0xee,0x83,0x0f,0x84,
    0x0f,0x84,0x0f,0x8c,0x0f,0x8c,0x2f,0x8c,0x2f,0x8c,0x2f,0x8c,0x50,0x8c,0x70,0x94,
    0x71,0x94,0x91,0x94,0xb1,0x94,0xb2,0x9c,0xd2,0x9c,0xf3,0x9c,0xf3,0xa4,0x13,0xa5,
    0x34,0xa5,0x14,0xa5,0x13,0xa5,0xd3,0x9c,0x91,0x94,0xaa,0x52,0x86,0x31,0xc6,0x39,
    0xc7,0x39,0xc6,0x39,0xa6,0x31,0x08,0x42,0x28,0x42,0x07,0x42,0xe7,0x39,0xa6,0x31,
    0xc6,0x39,0xe7,0x39,0xc6,0x39,0xa6,0x31,0x86,0x31,0xa6,0x31,0xa6,0x31,0xa6,0x31,
    0xc6,0x39,0xa6,0x31,0xa6,0x31,0x86,0x31,0xa6,0x31,0xc7,0x39,0xc7,0x39,0xc6,0x39,
    0xc6,0x39,0x86,0x31,0x85,0x31,0xe7,0x39,0xe7,0x39,0xe7,0x39,0xe7,0x39,0xa6,0x31,
    0xa7,0x39,0xe7,0x39,0x28,0x42,0x28,0x42,0xe7,0x39,0xe7,0x39,0x07,0x42,0xe7,0x39,
    0x07,0x3a,0x28,0x42,0xe7,0x39,0xa6,0x31,0xe6,0x39,0xa6,0x39,0xa6,0x31,0xa6,0x31,
    0xc6,0x39,0xe7,0x39,0xa6,0x31,0x85,0x31,0xa6,0x31,0xa6,0x31,0xc6,0x39,0xe7,0x41,
    0xe7,0x41,0xe7,0x39,0xe7,0x39,0xa6,0x39,0x85,0x31,0x65,0x29,0x65,0x31,0x85,0x31,
    0xa6,0x31,0xe7,0x41,0x07,0x42,0xc6,0x39,0xa6,0x31,0x85,0x31,0x85,0x31,0xa6,0x39,
    0x85,0x31,0x85,0x31,0x85,0x31,0x85,0x31,0xa6,0x31,0x85,0x31,0x85,0x31,0xa6,0x31,
    0xc6,0x39,0xe7,0x39,0xe7,0x41,0xc6,0x39,0xa6,0x31,0x85,0x31,0x85,0x31,0x65,0x31,
    0x65,0x29,0x65,0x31,0x85,0x31,0x85,0x31,0x85,0x31,0x85,0x31,0x85,0x31,0x85,0x31,
    0x65,0x29,0x65,0x29,0x44,0x29,0x44,0x29,0x65,0x29,0x65,0x29,0x65,0x29,0x65,0x29,
    0x65,0x29,0x65,0x29,0x65,0x29,0x44,0x29,0x44,0x29,0x44,0x29,0x44,0x29,0x44,0x29,
    0x44,0x29,0x45,0x29,0x44,0x29,0x44,0x29,0x65,0x29,0x23,0x29,0x27,0x52,0x6f,0x9c,
    0xd5,0xc5,0x98,0xd6,0xda,0xde,0xfa,0xe6,0x3b,0xe7,0x3b,0xe7,0x3b,0xe7,0x1b,0xe7,
    0x1a,0xe7,0xf9,0xde,0xd8,0xde,0x34,0xde,0x88,0xb4,0xa8,0xc4,0x68,0xbc,0x27,0xac,
    0xeb,0xc4,0x68,0xb4,0x27,0xb4,0x27,0xb4,0x06,0xb4,0x46,0xb4,0x27,0xb4,0x26,0xb4,
    0x26,0xb4,0x47,0xbc,0xc5,0xab,0xc6,0xab,0xc6,0xab,0xc6,0xab,0xe6,0xb3,0xc5,0xab,
    0xc5,0xab,0xa5,0xab,0x85,0xa3,0x85,0xa3,0x85,0xa3,0x65,0xa3,0x65,0xa3,0x65,0xa3,
    0x44,0xa3,0x65,0xa3,0x65,0xa3,0x44,0xa3,0x44,0x9b,0x44,0x9b,0x24,0x9b,0x24,0x9b,
    0x25,0x9b,0x45,0x9b,0x05,0x9b,0x05,0x93,0x04,0x93,0x04,0x93,0x24,0x9b,0x25,0x9b,
    0x25,0x9b,0x25,0x9b,0x04,0x93,0x04,0x93,0x04,0x93,0x05,0x93,0xc4,0x8a,0xc4,0x8a,
    0xe5,0x8a,0xc4,0x8a,0xa4,0x82,0xa4,0x82,0xa4,0x82,0xa4,0x82,0x84,0x82,0xa4,0x82,
    0xa4,0x82,0xa4,0x82,0x84,0x7a,0x84,0x7a,0x64,0x7a,0x44,0x72,0x24,0x6a,0x03,0x62,
    0x04,0x62,0x04,0x62,0xe4,0x59,0xe4,0x59,0xc4,0x51,0xc3,0x51,0xe4,0x59,0x05,0x5a,
    0x63,0x41,0x02,0x31,0xc5,0x49,0xc4,0x51,0xe4,0x51,0x66,0x6a,0xa6,0x72,0x07,0x7b,
    0xa9,0x93,0xad,0xac,0x70,0xbd,0xf3,0xcd,0x76,0xd6,0xb7,0xde,0xd9,0xde,0x1b,0xe7,
    0x5d,0xef,0x39,0xc6,0xaa,0x52,0x08,0x42,0x07,0x42,0xe7,0x41,0xe7,0x41,0x07,0x42,
    0x07,0x4a,0x27,0x4a,0x28,0x4a,0x28,0x4a,0x28,0x4a,0x07,0x4a,0x27,0x4a,0x27,0x4a,
    0x27,0x4a,0x27,0x4a,0x27,0x4a,0x27,0x4a,0x27,0x4a,0x27,0x4a,0x27,0x4a,0x27,0x4a,
    0x27,0x4a,0x48,0x4a,0x48,0x4a,0x28,0x4a,0x48,0x4a,0x49,0x4a,0x69,0x4a,0x49,0x4a,
    0x28,0x42,0xa6,0x31,0xa6,0x31,0xa6,0x31,0xa6,0x31,0xa6,0x31,0x86,0x31,0xc7,0x39,
    0xe7,0x39,0xe7,0x39,0xe7,0x39,0xe7,0x39,0xa6,0x31,0xc7,0x39,0xc6,0x39,0xa6,0x31,
    0xa6,0x31,0xa6,0x31,0xc6,0x39,0xa6,0x31,0xa6,0x31,0xc6,0x39,0xa6,0x31,0xa6,0x31,
    0xa6,0x31,0xa6,0x31,0xa6,0x31,0xc6,0x39,0xc6,0x39,0xc7,0x39,0x07,0x42,0x07,0x42,
    0xc7,0x39,0xa6,0x39,0xa6,0x31,0x65,0x29,0x86,0x31,0xe7,0x39,0x49,0x4a,0x69,0x4a,
    0x28,0x42,0x08,0x42,0x28,0x42,0xe7,0x39,0x08,0x42,0x28,0x42,0xc7,0x39,0xc7,0x39,
    0xa6,0x39,0xa6,0x31,0xa6,0x31,0xa6,0x31,0xa6,0x31,0xc6,0x39,0xc6,0x39,0xc7,0x39,
    0xc6,0x39,0xa6,0x31,0xc6,0x39,0xe7,0x39,0xe7,0x41,0xe7,0x39,0xc6,0x39,0xa6,0x31,
    0x65,0x29,0x44,0x29,0x65,0x29,0x85,0x31,0x85,0x31,0xa6,0x39,0x48,0x4a,0x48,0x4a,
    0x07,0x42,0xa6,0x39,0x65,0x31,0x85,0x31,0x65,0x31,0x85,0x31,0x85,0x31,0x65,0x29,
    0x85,0x31,0xa6,0x31,0xc6,0x39,0xc6,0x39,0xc6,0x39,0xe7,0x41,0x07,0x42,0xe7,0x39,
    0xc6,0x39,0xc6,0x39,0xe7,0x41,0xc6,0x39,0x65,0x29,0x85,0x31,0x85,0x31,0xa6,0x31,
    0x85,0x31,0x85,0x31,0x85,0x31,0x65,0x31,0x65,0x31,0x44,0x29,0x44,0x29,0x65,0x29,
    0x44,0x29,0x44,0x29,0x44,0x29,0x44,0x29,0x44,0x29,0x44,0x29,0x44,0x29,0x44,0x29,
    0x44,0x29,0x44,0x29,0x44,0x29,0x44,0x29,0x44,0x29,0x44,0x29,0x24,0x29,0x24,0x29,
    0x65,0x29,0x24,0x29,0xc6,0x41,0x0d,0x8c,0x93,0xbd,0x77,0xd6,0xd9,0xde,0xfa,0xe6,
    0x3b,0xe7,0x5c,0xef,0x5b,0xef,0x3c,0xef,0x1b,0xe7,0xf9,0xde,0xd9,0xde,0x75,0xe6,
    0x0b,0xc5,0xa8,0xc4,0xa8,0xc4,0xa9,0xbc,0x2d,0xcd,0xcc,0xc4,0x07,0xac,0x27,0xb4,
    0x26,0xb4,0x46,0xb4,0x47,0xbc,0x26,0xb4,0x46,0xb4,0xe5,0xab,0x46,0xb4,0xe6,0xab,
    0xa5,0xab,0x44,0x9b,0x64,0xa3,0xe5,0xab,0xa5,0xab,0xe6,0xab,0xc5,0xab,0xa5,0xab,
    0x85,0xa3,0x64,0xa3,0x44,0xa3,0x45,0xa3,0x65,0xa3,0x45,0x9b,0x44,0x9b,0x44,0xa3,
    0x65,0xa3,0x85,0xa3,0x65,0xa3,0x24,0x9b,0x24,0x9b,0x65,0xa3,0x45,0x9b,0x25,0x9b,
    0x45,0x9b,0x25,0x9b,0x25,0x9b,0x45,0x9b,0x25,0x9b,0x25,0x9b,0x25,0x9b,0x04,0x93,
    0x25,0x9b,0x25,0x9b,0xe4,0x92,0xc4,0x8a,0x05,0x93,0xe5,0x8a,0xc4,0x8a,0xc4,0x8a,
    0xc5,0x8a,0xc4,0x8a,0xa4,0x82,0xa4,0x82,0xa4,0x82,0xa4,0x82,0xa5,0x82,0x84,0x7a,
    0x64,0x7a,0x44,0x72,0x44,0x72,0x24,0x6a,0x24,0x6a,0x04,0x62,0xe4,0x61,0xe4,0x61,
    0xc4,0x59,0xe4,0x51,0xc4,0x51,0x83,0x49,0xe4,0x51,0x05,0x52,0x05,0x52,0xe4,0x51,
    0xc4,0x51,0x86,0x6a,0xe7,0x7a,0x27,0x83,0xea,0x9b,0xce,0xb4,0xb1,0xc5,0x34,0xd6,
    0x96,0xde,0xb8,0xde,0xd9,0xde,0x1b,0xe7,0x7d,0xef,0xd7,0xbd,0xe7,0x39,0x27,0x42,
    0x28,0x42,0x07,0x42,0x07,0x42,0xe7,0x41,0xe7,0x41,0xe7,0x41,0xe6,0x39,0xc6,0x39,
    0xc6,0x39,0xa6,0x39,0xa6,0x39,0xc6,0x39,0xc6,0x39,0xc6,0x39,0xc6,0x41,0xe6,0x41,
    0xc6,0x39,0xa6,0x39,0xa6,0x39,0xa5,0x39,0x85,0x39,0x85,0x39,0xa6,0x39,0x86,0x31,
    0x85,0x31,0xa6,0x31,0xa6,0x31,0xa6,0x31,0xc7,0x39,0xc7,0x39,0x86,0x31,0xa6,0x31,
    0xa6,0x31,0xc7,0x39,0xa6,0x31,0xc6,0x39,0xc6,0x39,0xc6,0x39,0xe7,0x39,0xc6,0x39,
    0xc6,0x39,0xa6,0x31,0xa6,0x31,0xc7,0x39,0xa6,0x31,0xa6,0x31,0xa6,0x31,0x86,0x31,
    0x65,0x29,0xa6,0x31,0xa6,0x31,0xa6,0x31,0xa6,0x31,0xc6,0x39,0xe7,0x39,0xe7,0x39,
    0xa6,0x31,0xe7,0x39,0x08,0x42,0xc7,0x39,0xa6,0x31,0x86,0x31,0x85,0x31,0x65,0x29,
    0x86,0x31,0xc7,0x39,0xe7,0x39,0x08,0x42,0xe7,0x39,0x08,0x42,0x28,0x42,0xe7,0x39,
    0x08,0x42,0x28,0x42,0xc7,0x39,0xc7,0x39,0xa6,0x39,0xe7,0x39,0xa6,0x39,0x85,0x31,
    0x85,0x31,0xc6,0x39,0xe7,0x39,0x07,0x42,0xe7,0x39,0xc7,0x39,0xe7,0x39,0xe7,0x39,
    0x07,0x42,0x07,0x42,0xc6,0x39,0x85,0x31,0x65,0x29,0x44,0x29,0x65,0x29,0x85,0x31,
    0x85,0x31,0xc6,0x39,0xc6,0x39,0xe7,0x39,0x07,0x42,0xa6,0x31,0x85,0x31,0x65,0x31,
    0x85,0x31,0xc6,0x39,0xa6,0x39,0xa6,0x31,0x85,0x31,0xa6,0x39,0xe7,0x41,0x07,0x42,
    0x07,0x42,0x07,0x42,0x07,0x42,0xc6,0x39,0xc6,0x39,0xe7,0x39,0x48,0x4a,0x28,0x42,
    0xa6,0x31,0xa6,0x31,0xc6,0x39,0xe7,0x39,0xc6,0x39,0x85,0x31,0x85,0x31,0x65,0x31,
    0x85,0x31,0x65,0x29,0x44,0x29,0x44,0x29,0x44,0x29,0x44,0x29,0x44,0x29,0x44,0x29,
    0x44,0x29,0x44,0x29,0x44,0x29,0x44,0x29,0x65,0x29,0x65,0x29,0x65,0x29,0x44,0x29,
    0x44,0x29,0x24,0x29,0x24,0x29,0x44,0x29,0x45,0x29,0x24,0x29,0x85,0x39,0xac,0x83,
    0x51,0xb5,0x35,0xd6,0xb8,0xde,0xd9,0xde,0x1b,0xe7,0x5c,0xef,0x5c,0xef,0x3c,0xef,
    0x3b,0xef,0x19,0xe7,0xf9,0xde,0xb7,0xe6,0x8d,0xcd,0x27,0xb4,0x67,0xbc,0x89,0xbc,
    0x2e,0xc5,0x90,0xd5,0x08,0xac,0xe6,0xab,0x26,0xb4,0x47,0xb4,0x67,0xbc,0x67,0xbc,
    0x67,0xbc,0x46,0xb4,0x46,0xbc,0x26,0xb4,0x06,0xb4,0x23,0x93,0x43,0x9b,0x06,0xb4,
    0xc5,0xab,0xe6,0xab,0xe5,0xb3,0xc5,0xab,0xa5,0xab,0x85,0xa3,0x45,0xa3,0x45,0xa3,
    0x45,0xa3,0x45,0xa3,0x25,0x9b,0x24,0x9b,0x24,0x9b,0x45,0xa3,0x45,0xa3,0x24,0x9b,
    0x24,0x9b,0x45,0x9b,0x45,0x9b,0x24,0x9b,0x04,0x9b,0x24,0x9b,0x45,0x9b,0x24,0x9b,
    0x25,0x9b,0x25,0x93,0x04,0x93,0x04,0x93,0x05,0x93,0xe4,0x92,0xe4,0x92,0xe4,0x92,
    0xe5,0x92,0xe4,0x8a,0xe4,0x8a,0xe5,0x8a,0xc4,0x8a,0xe5,0x8a,0xc5,0x8a,0xa4,0x82,
    0x84,0x82,0x83,0x7a,0x64,0x7a,0x64,0x7a,0x44,0x7a,0x44,0x72,0x64,0x72,0x65,0x72,
    0x24,0x6a,0xe4,0x61,0xe3,0x61,0xe3,0x61,0xe4,0x61,0x05,0x5a,0xe4,0x59,0xc4,0x51,
    0x05,0x5a,0xe4,0x51,0x42,0x41,0xc3,0x51,0x04,0x5a,0xc7,0x72,0x07,0x7b,0x68,0x8b,
    0x2b,0x9c,0x0f,0xb5,0xb1,0xc5,0x34,0xce,0x97,0xde,0xb8,0xde,0xfa,0xde,0x1c,0xe7,
    0x5d,0xef,0x14,0xa5,0x85,0x31,0xe6,0x39,0xa6,0x31,0xa6,0x31,0xa6,0x31,0x86,0x31,
    0x85,0x31,0x85,0x31,0x85,0x31,0x65,0x31,0x65,0x31,0x85,0x31,0x85,0x31,0x85,0x31,
    0x85,0x31,0x85,0x31,0xa6,0x39,0xa6,0x39,0xa6,0x39,0x86,0x31,0x86,0x31,0xa6,0x31,
    0xa6,0x39,0xe7,0x39,0xe8,0x41,0xc7,0x39,0xc7,0x39,0x08,0x42,0x07,0x42,0xa6,0x31,
    0xa6,0x31,0xc7,0x39,0xc6,0x39,0xe7,0x39,0xc6,0x39,0xc7,0x39,0xe7,0x39,0xe7,0x39,
    0xa6,0x31,0xa6,0x31,0xe7,0x39,0x86,0x31,0xa6,0x31,0xc6,0x39,0xa6,0x31,0x86,0x31,
    0xc6,0x39,0xe7,0x39,0xc7,0x39,0xa6,0x31,0x85,0x31,0x85,0x31,0xa6,0x31,0x86,0x31,
    0x85,0x31,0xa6,0x31,0xc7,0x39,0xe7,0x39,0xc6,0x39,0xa6,0x31,0xa6,0x31,0xc6,0x39,
    0x86,0x31,0x65,0x31,0x86,0x31,0xa6,0x39,0xc7,0x39,0xe7,0x39,0xc7,0x39,0xe7,0x39,
    0xc6,0x39,0xc7,0x39,0xe7,0x39,0xe7,0x39,0x28,0x42,0x28,0x42,0xc7,0x39,0xa6,0x31,
    0xa6,0x39,0xc6,0x39,0xa6,0x31,0xa6,0x31,0xe7,0x39,0x07,0x42,0xe7,0x39,0xe7,0x39,
    0x07,0x42,0x28,0x42,0x28,0x42,0xc6,0x39,0xe7,0x41,0xe7,0x41,0xa6,0x31,0x85,0x31,
    0x65,0x29,0x44,0x29,0x44,0x29,0x85,0x31,0xa6,0x31,0xc6,0x39,0x85,0x31,0x65,0x29,
    0x85,0x31,0x85,0x31,0x65,0x31,0x85,0x31,0xa6,0x39,0xc6,0x39,0xe7,0x39,0xe7,0x39,
    0xc6,0x39,0xc6,0x39,0x07,0x42,0xe7,0x41,0x07,0x42,0x07,0x42,0x28,0x42,0xc6,0x39,
    0x85,0x31,0x65,0x29,0xc6,0x39,0xe7,0x41,0xa6,0x31,0x85,0x31,0xc6,0x39,0xc6,0x39,
    0xa6,0x31,0x85,0x31,0x85,0x31,0x85,0x31,0xa6,0x31,0x85,0x31,0x65,0x29,0x44,0x29,
    0x44,0x29,0x44,0x29,0x44,0x29,0x44,0x29,0x44,0x29,0x44,0x29,0x44,0x29,0x44,0x29,
    0x65,0x29,0x65,0x29,0x65,0x29,0x44,0x29,0x44,0x29,0x24,0x29,0x44,0x29,0x44,0x29,
    0x44,0x29,0x24,0x29,0x64,0x31,0x4a,0x73,0xef,0xac,0xf3,0xcd,0x96,0xde,0xd8,0xde,
    0x1a,0xe7,0x5c,0xef,0x3b,0xe7,0x3c,0xe7,0x3b,0xe7,0xf9,0xde,0xf9,0xde,0xd7,0xe6,
    0xb0,0xcd,0x68,0xb4,0x47,0xb4,0x89,0xb4,0x4f,0xcd,0x34,0xe6,0xcb,0xbc,0x47,0xb4,
    0x47,0xb4,0x67,0xb4,0x88,0xbc,0xa8,0xbc,0xa8,0xbc,0xa8,0xc4,0xc9,0xcc,0x67,0xbc,
    0xc5,0xa3,0x06,0xac,0x06,0xb4,0x06,0xb4,0xe6,0xb3,0xe6,0xab,0xe5,0xab,0xe5,0xab,
    0xc5,0xab,0xa5,0xab,0x85,0xa3,0x65,0xa3,0x45,0xa3,0x45,0xa3,0x65,0xa3,0x24,0x9b,
    0x45,0xa3,0x45,0xa3,0x45,0xa3,0x24,0x9b,0x24,0x9b,0x24,0x9b,0x24,0x9b,0x04,0x9b,
    0xe3,0x92,0xe4,0x92,0x45,0x9b,0x04,0x93,0xe4,0x92,0xe4,0x92,0x04,0x93,0xe4,0x92,
    0xe4,0x92,0xe4,0x92,0xe4,0x92,0xe4,0x92,0xe5,0x92,0xc4,0x8a,0xe4,0x8a,0xe4,0x8a,
    0xc4,0x8a,0xc4,0x8a,0xa4,0x8a,0xa4,0x82,0x84,0x82,0x84,0x82,0x84,0x82,0x84,0x82,
    0x64,0x7a,0x64,0x7a,0x84,0x7a,0x85,0x7a,0x24,0x6a,0x04,0x62,0x04,0x62,0x03,0x62,
    0x25,0x62,0x82,0x49,0xa3,0x51,0x25,0x62,0x04,0x5a,0xc4,0x51,0xc4,0x51,0xe4,0x59,
    0x45,0x62,0xe7,0x7a,0x27,0x83,0x89,0x8b,0x6c,0xa4,0x4f,0xbd,0xd2,0xcd,0x55,0xd6,
    0xb8,0xde,0xd9,0xde,0x1b,0xe7,0x3c,0xe7,0x5d,0xef,0x30,0x84,0x24,0x21,0x85,0x31,
    0x85,0x31,0xa6,0x31,0xa6,0x31,0x86,0x31,0x86,0x31,0x85,0x31,0x85,0x31,0x86,0x31,
    0xa6,0x31,0xa6,0x31,0xa6,0x31,0xa6,0x31,0xa6,0x31,0xa6,0x31,0xa6,0x31,0xa6,0x31,
    0xa6,0x39,0xc7,0x39,0xc6,0x39,0x86,0x31,0xa6,0x31,0xe8,0x39,0x08,0x3a,0xc7,0x39,
    0xa6,0x31,0xe7,0x39,0x28,0x42,0xe7,0x39,0xc6,0x39,0xc6,0x39,0xc6,0x39,0xc6,0x39,
    0xa6,0x31,0xa6,0x31,0x86,0x31,0xa6,0x31,0x86,0x31,0x86,0x31,0xe7,0x39,0xc7,0x39,
    0xa6,0x31,0xc6,0x39,0xa6,0x31,0xa6,0x31,0xa6,0x31,0xe7,0x39,0xc7,0x39,0xc7,0x39,
    0xa6,0x31,0xa6,0x31,0xa6,0x31,0x86,0x31,0x85,0x31,0xa6,0x31,0x86,0x31,0x08,0x42,
    0x08,0x42,0xe7,0x39,0x86,0x31,0x86,0x31,0x65,0x31,0x65,0x29,0x86,0x31,0xc7,0x39,
    0xe7,0x39,0xe7,0x39,0xc6,0x39,0xc7,0x39,0xa6,0x31,0x86,0x31,0xc7,0x39,0xe7,0x39,
    0x08,0x42,0x08,0x42,0xa6,0x31,0xa6,0x31,0x86,0x31,0xa6,0x31,0xa6,0x31,0xa6,0x39,
    0xe7,0x39,0xe7,0x39,0xc6,0x39,0xc7,0x39,0xe7,0x39,0x08,0x42,0x07,0x42,0xc6,0x39,
    0xe7,0x41,0xc6,0x39,0xa6,0x31,0xc6,0x39,0xa6,0x31,0x65,0x29,0x44,0x29,0x85,0x31,
    0xc6,0x39,0xc6,0x39,0x85,0x31,0x85,0x31,0x85,0x31,0x85,0x31,0x65,0x31,0x85,0x31,
    0xa6,0x39,0x85,0x31,0xa6,0x31,0xc6,0x39,0xc6,0x39,0xa6,0x31,0xc6,0x39,0xc6,0x39,
    0xc6,0x39,0xe7,0x39,0xc6,0x39,0x85,0x31,0x85,0x31,0x65,0x29,0x65,0x29,0x85,0x31,
    0x85,0x31,0x65,0x31,0x85,0x31,0x65,0x31,0x65,0x29,0x65,0x29,0x85,0x31,0xa6,0x31,
    0xa6,0x31,0xa6,0x39,0x85,0x31,0x65,0x29,0x44,0x29,0x44,0x29,0x44,0x29,0x44,0x29,
    0x44,0x29,0x44,0x29,0x44,0x29,0x65,0x29,0x44,0x29,0x44,0x29,0x44,0x29,0x44,0x29,
    0x44,0x29,0x44,0x29,0x44,0x29,0x44,0x29,0x44,0x29,0x44,0x29,0x24,0x29,0xc8,0x62,
    0x8d,0xa4,0x70,0xbd,0x55,0xd6,0xb7,0xde,0xf9,0xe6,0x3b,0xef,0x3b,0xe7,0x3b,0xe7,
    0x3b,0xe7,0x1a,0xe7,0xf9,0xe6,0xf8,0xe6,0x12,0xd6,0xea,0xbc,0x88,0xbc,0x68,0xb4,
    0xed,0xbc,0x33,0xe6,0x4e,0xcd,0xa9,0xbc,0x67,0xbc,0x47,0xb4,0x67,0xbc,0x87,0xbc,
    0x87,0xbc,0x47,0xb4,0x88,0xbc,0x47,0xbc,0x47,0xb4,0xc8,0xc4,0x27,0xb4,0x64,0x9b,
    0x85,0xa3,0xe6,0xab,0xe5,0xab,0xe5,0xb3,0xc5,0xab,0x84,0xab,0x84,0xa3,0x84,0xa3,
    0x64,0xa3,0x64,0xa3,0x65,0xa3,0x24,0x9b,0x24,0x9b,0x24,0x9b,0x45,0x9b,0x44,0x9b,
    0x24,0x9b,0x04,0x9b,0x25,0x9b,0x25,0x9b,0x25,0x9b,0x25,0x9b,0x04,0x93,0x05,0x93,
    0x25,0x9b,0x25,0x9b,0x05,0x93,0xc4,0x8a,0xe4,0x92,0xe4,0x92,0xc4,0x8a,0x04,0x93,
    0x05,0x93,0xe4,0x92,0xe4,0x92,0xe4,0x8a,0xc4,0x8a,0xc4,0x8a,0x84,0x82,0x63,0x82,
    0xa4,0x82,0xa4,0x82,0xc4,0x8a,0xa4,0x82,0xa4,0x82,0x84,0x7a,0x84,0x7a,0x85,0x7a,
    0x44,0x6a,0x04,0x62,0x24,0x6a,0x24,0x6a,0x45,0x62,0x82,0x49,0x62,0x49,0x25,0x62,
    0xc4,0x59,0xa4,0x51,0xe4,0x51,0xe4,0x51,0x45,0x6a,0xe7,0x7a,0x48,0x83,0xca,0x93,
    0xad,0xac,0x70,0xbd,0x13,0xce,0x76,0xd6,0xb8,0xde,0xda,0xde,0x1c,0xe7,0x1d,0xe7,
    0x3d,0xe7,0x0c,0x63,0x44,0x29,0xa6,0x31,0xa6,0x31,0xa7,0x39,0xa6,0x31,0x86,0x31,
    0xa6,0x31,0xa6,0x31,0x86,0x31,0xa6,0x31,0xc6,0x39,0xa6,0x31,0xa6,0x31,0xc6,0x39,
    0xc7,0x39,0xe7,0x39,0xe7,0x39,0xa6,0x31,0xa6,0x31,0xe7,0x39,0xe7,0x39,0xc6,0x39,
    0xa6,0x31,0xc7,0x39,0xc7,0x31,0xc7,0x31,0xa6,0x31,0xa6,0x31,0xc7,0x39,0xe7,0x39,
    0xe7,0x39,0xc7,0x39,0xc7,0x39,0xa6,0x31,0xa6,0x31,0xa6,0x31,0x86,0x31,0x85,0x31,
    0xa6,0x31,0xa6,0x31,0xa6,0x31,0xa6,0x31,0xa6,0x31,0xa6,0x31,0x85,0x31,0xa6,0x31,
    0xc7,0x39,0xa6,0x31,0xa6,0x31,0xe7,0x39,0xa6,0x31,0xa6,0x31,0xa6,0x31,0x86,0x31,
    0x86,0x31,0xa6,0x31,0x86,0x31,0xa6,0x31,0xe7,0x39,0x07,0x42,0xc7,0x39,0x86,0x31,
    0x65,0x29,0x86,0x31,0xa7,0x39,0xa7,0x39,0xc7,0x39,0xc7,0x39,0xc6,0x39,0xa6,0x31,
    0xa6,0x31,0xa6,0x31,0xc7,0x39,0x08,0x42,0x28,0x42,0xe8,0x39,0xa6,0x31,0xc7,0x39,
    0xa6,0x39,0x85,0x31,0xa6,0x31,0xc6,0x39,0xc6,0x39,0xa6,0x39,0xe7,0x41,0x07,0x42,
    0x07,0x42,0x07,0x42,0xc6,0x39,0xe7,0x39,0xc6,0x39,0xa6,0x31,0xa6,0x39,0xc6,0x39,
    0xa6,0x31,0x65,0x29,0x65,0x29,0x85,0x31,0xa6,0x31,0xa6,0x31,0x85,0x31,0x85,0x31,
    0x85,0x31,0x85,0x31,0x65,0x31,0x85,0x31,0x85,0x31,0x85,0x31,0x85,0x31,0x65,0x31,
    0x65,0x31,0x65,0x29,0x85,0x31,0xa6,0x31,0xc6,0x39,0xc6,0x39,0x85,0x31,0x85,0x31,
    0xa6,0x31,0x65,0x31,0x65,0x29,0x65,0x29,0x65,0x31,0x65,0x29,0x65,0x29,0x85,0x31,
    0x65,0x29,0x44,0x29,0x65,0x29,0x85,0x31,0x85,0x31,0xa6,0x31,0x85,0x31,0x65,0x29,
    0x65,0x29,0x65,0x29,0x65,0x29,0x44,0x29,0x44,0x29,0x44,0x29,0x44,0x29,0x44,0x29,
    0x44,0x29,0x44,0x29,0x44,0x29,0x44,0x29,0x44,0x29,0x44,0x29,0x44,0x29,0x44,0x29,
    0x44,0x29,0x45,0x29,0x24,0x29,0x46,0x52,0x2c,0x94,0x2f,0xb5,0x33,0xce,0x96,0xde,
    0xd8,0xde,0x3b,0xef,0x5c,0xef,0x3b,0xe7,0x3b,0xe7,0x3a,0xe7,0x1a,0xe7,0xf9,0xe6,
    0x95,0xde,0xca,0xbc,0x26,0xac,0xc9,0xbc,0xec,0xbc,0x90,0xcd,0xed,0xbc,0x68,0xb4,
    0xc8,0xc4,0x87,0xbc,0x46,0xb4,0xa8,0xbc,0x09,0xcd,0xa4,0x9b,0xc5,0xa3,0x47,0xbc,
    0x26,0xb4,0x26,0xb4,0xc5,0xab,0x85,0xa3,0xa6,0xab,0x85,0xa3,0xe6,0xab,0xe6,0xab,
    0xc5,0xab,0xc5,0xab,0x85,0xab,0xa5,0xab,0xa5,0xab,0x85,0xab,0x85,0xa3,0x65,0xa3,
    0xc6,0xab,0x85,0xa3,0x45,0x9b,0x24,0x9b,0x25,0x9b,0xc4,0x8a,0xe4,0x92,0x25,0x9b,
    0xe4,0x92,0xe4,0x92,0xe4,0x92,0x04,0x93,0x05,0x93,0x25,0x9b,0x04,0x93,0x05,0x93,
    0x25,0x9b,0xe4,0x92,0xe4,0x92,0x05,0x93,0x05,0x93,0xe4,0x92,0x05,0x93,0xe5,0x92,
    0xe4,0x8a,0xe5,0x8a,0xc5,0x8a,0xa4,0x8a,0xc4,0x8a,0xa4,0x82,0xa4,0x82,0xa4,0x82,
    0xc5,0x8a,0xc5,0x82,0xa5,0x82,0x64,0x7a,0x44,0x72,0xe3,0x61,0x04,0x62,0x45,0x6a,
    0x45,0x62,0x45,0x62,0x05,0x5a,0x05,0x5a,0xc4,0x51,0xa4,0x49,0x63,0x41,0xa3,0x51,
    0x66,0x6a,0xe7,0x7a,0x48,0x83,0x0a,0x9c,0xce,0xac,0xb1,0xc5,0x34,0xd6,0x76,0xd6,
    0xb9,0xde,0xfa,0xe6,0x1c,0xe7,0x3d,0xe7,0x9a,0xce,0x29,0x42,0x45,0x29,0xa6,0x31,
    0xa6,0x31,0x86,0x31,0x86,0x31,0x86,0x31,0xa6,0x31,0xa6,0x31,0xa6,0x31,0xa6,0x31,
    0xa6,0x31,0xa6,0x31,0xa6,0x31,0xa6,0x31,0xc7,0x39,0xc7,0x39,0xe7,0x39,0xc6,0x39,
    0x86,0x31,0xc6,0x39,0x07,0x42,0x07,0x42,0xa6,0x31,0xa6,0x31,0x86,0x31,0xa6,0x31,
    0xc7,0x39,0xa6,0x31,0x86,0x31,0x86,0x31,0xa6,0x31,0xa6,0x31,0xa6,0x31,0xe7,0x39,
    0xe7,0x39,0xa6,0x31,0xa6,0x31,0xa6,0x31,0xc6,0x39,0xc6,0x39,0xc6,0x39,0xa6,0x31,
    0xa6,0x31,0xa6,0x31,0x85,0x31,0xa6,0x31,0xe7,0x39,0xa6,0x31,0x86,0x31,0xa6,0x31,
    0x86,0x31,0x85,0x31,0xa6,0x31,0x86,0x31,0xa6,0x31,0xa6,0x31,0xa6,0x31,0x65,0x29,
    0xa6,0x31,0xe7,0x39,0xe7,0x39,0xa6,0x31,0x65,0x29,0x86,0x31,0xc7,0x39,0xa6,0x39,
    0xa6,0x31,0xe7,0x39,0xe7,0x39,0xa6,0x31,0x86,0x31,0xc7,0x39,0xa7,0x31,0x08,0x42,
    0x6a,0x4a,0x08,0x42,0xc7,0x39,0xe7,0x39,0xa6,0x39,0xa6,0x39,0xe7,0x39,0x28,0x42,
    0xe7,0x39,0xe7,0x39,0x07,0x42,0xe7,0x41,0xe7,0x41,0x28,0x42,0xe7,0x39,0xa6,0x31,
    0xa6,0x31,0x85,0x31,0xa6,0x31,0xe7,0x39,0x85,0x31,0x44,0x29,0x85,0x31,0xa6,0x31,
    0x85,0x31,0x85,0x31,0x85,0x31,0xa6,0x31,0xa6,0x31,0x65,0x29,0x65,0x31,0x65,0x31,
    0x85,0x31,0x85,0x31,0x85,0x31,0x65,0x29,0x65,0x31,0x65,0x31,0x85,0x31,0xa6,0x39,
    0xe7,0x39,0xc6,0x39,0x85,0x31,0x65,0x31,0x85,0x31,0x65,0x31,0x65,0x29,0x65,0x29,
    0x65,0x31,0x65,0x29,0x65,0x29,0x85,0x31,0x85,0x31,0x65,0x29,0x65,0x29,0x65,0x29,
    0x65,0x29,0x65,0x29,0x65,0x29,0x65,0x29,0x65,0x29,0x65,0x29,0x65,0x29,0x44,0x29,
    0x44,0x29,0x44,0x29,0x44,0x29,0x44,0x29,0x44,0x29,0x44,0x29,0x44,0x29,0x44,0x29,
    0x44,0x29,0x44,0x29,0x44,0x29,0x44,0x29,0x44,0x29,0x45,0x29,0x24,0x21,0xe5,0x49,
    0xcb,0x8b,0xee,0xb4,0xf2,0xcd,0x96,0xde,0xb7,0xde,0x1a,0xef,0x5c,0xef,0x3b,0xe7,
    0x3a,0xe7,0x3b,0xef,0x1a,0xe7,0xf9,0xde,0xd7,0xe6,0x4d,0xc5,0xa5,0x9b,0xea,0xc4,
    0x6d,0xcd,0xf1,0xdd,0x4f,0xcd,0x07,0xa4,0xa8,0xbc,0xa8,0xbc,0xa8,0xc4,0xc9,0xc4,
    0x88,0xbc,0x26,0xac,0x46,0xb4,0xa8,0xc4,0x47,0xbc,0x26,0xb4,0x47,0xbc,0x85,0xa3,
    0x23,0x93,0x41,0x7a,0x65,0x9b,0xe6,0xab,0xa5,0xab,0xc6,0xab,0xa5,0xab,0xa5,0xab,
    0x85,0xa3,0x64,0xa3,0x44,0x9b,0x85,0xa3,0x28,0xbc,0xc6,0xab,0x04,0x93,0xe4,0x92,
    0xe4,0x92,0xe4,0x92,0xc4,0x8a,0xe4,0x92,0xa4,0x8a,0xc4,0x8a,0xe4,0x92,0xe4,0x92,
    0xe4,0x92,0xe4,0x92,0xc4,0x8a,0xe4,0x8a,0xe4,0x92,0xc4,0x8a,0x05,0x93,0x04,0x93,
    0xe4,0x92,0xc4,0x8a,0x05,0x93,0xc4,0x8a,0xa4,0x8a,0xc5,0x8a,0xe5,0x8a,0xc5,0x8a,
    0xc4,0x8a,0xc4,0x8a,0xa4,0x8a,0xa4,0x82,0xc5,0x8a,0xc5,0x82,0xa4,0x82,0x64,0x72,
    0x44,0x72,0x04,0x62,0xc3,0x59,0x04,0x5a,0x04,0x5a,0x46,0x62,0x83,0x49,0x22,0x39,
    0xe5,0x51,0xa4,0x49,0x83,0x49,0xe4,0x51,0xa6,0x72,0x08,0x83,0x89,0x8b,0x4c,0xa4,
    0x2f,0xbd,0xd2,0xcd,0x54,0xd6,0x76,0xd6,0xb8,0xde,0xfb,0xe6,0x1c,0xe7,0x5d,0xe7,
    0x96,0xb5,0x86,0x31,0x86,0x31,0xa6,0x31,0x86,0x31,0x86,0x31,0x65,0x29,0x85,0x29,
    0x85,0x31,0xa6,0x31,0xa6,0x31,0xa6,0x31,0x86,0x31,0x86,0x31,0xa6,0x31,0xa6,0x31,
    0xa6,0x31,0xa6,0x31,0xc7,0x39,0xe7,0x39,0xe7,0x39,0x08,0x42,0x28,0x4a,0xe7,0x39,
    0xa6,0x31,0xa6,0x31,0x86,0x31,0xa6,0x31,0xa6,0x31,0xa6,0x31,0xa6,0x31,0x86,0x31,
    0x86,0x31,0x65,0x29,0x65,0x29,0xa6,0x31,0xc7,0x39,0xa6,0x31,0x86,0x31,0x86,0x31,
    0xc6,0x39,0xa6,0x31,0xa6,0x31,0xc6,0x39,0xa6,0x31,0xa6,0x31,0xa6,0x31,0xa6,0x31,
    0xc6,0x39,0xc6,0x39,0xc6,0x39,0xa6,0x31,0xa6,0x31,0xa6,0x31,0xa6,0x31,0x86,0x31,
    0x86,0x31,0x86,0x31,0xa6,0x31,0xa6,0x31,0xe7,0x39,0x08,0x42,0xe7,0x39,0xa6,0x31,
    0x45,0x29,0x86,0x31,0x86,0x31,0xa6,0x31,0xa7,0x39,0xe7,0x39,0x07,0x42,0xa6,0x31,
    0xa6,0x31,0xe7,0x39,0xa7,0x31,0x08,0x42,0x6a,0x4a,0xe8,0x39,0xc7,0x31,0xc7,0x39,
    0x65,0x31,0x85,0x31,0xc6,0x39,0x48,0x4a,0x28,0x42,0xe7,0x41,0x08,0x42,0xe7,0x41,
    0xe7,0x39,0x07,0x42,0xa6,0x31,0x65,0x31,0x85,0x31,0xa6,0x31,0xa6,0x31,0xa6,0x39,
    0x85,0x31,0x44,0x29,0x65,0x29,0x85,0x31,0x85,0x31,0x85,0x31,0x85,0x31,0x85,0x31,
    0x85,0x31,0x65,0x29,0x65,0x31,0x65,0x31,0x65,0x31,0x85,0x31,0x85,0x31,0x65,0x29,
    0x85,0x31,0x65,0x29,0x85,0x31,0xc6,0x39,0xe7,0x39,0xa6,0x31,0x65,0x29,0x65,0x29,
    0x65,0x29,0x65,0x29,0x44,0x29,0x65,0x29,0x65,0x29,0x65,0x29,0x65,0x29,0x65,0x29,
    0x65,0x29,0x65,0x29,0x65,0x29,0x44,0x29,0x44,0x29,0x44,0x29,0x65,0x29,0x65,0x29,
    0x65,0x29,0x65,0x29,0x44,0x29,0x44,0x29,0x44,0x29,0x44,0x29,0x44,0x29,0x44,0x29,
    0x44,0x29,0x44,0x29,0x44,0x29,0x44,0x29,0x44,0x29,0x44,0x29,0x44,0x29,0x44,0x29,
    0x44,0x29,0x44,0x29,0x24,0x21,0x64,0x31,0x29,0x7b,0x8d,0xac,0xb1,0xc5,0x95,0xd6,
    0x96,0xd6,0xf9,0xe6,0x5b,0xef,0x3b,0xe7,0x3a,0xef,0x3b,0xef,0x1b,0xe7,0xfa,0xe6,
    0xf8,0xe6,0x10,0xd6,0x68,0xb4,0xca,0xc4,0x2c,0xcd,0x6f,0xcd,0xb1,0xd5,0x08,0xa4,
    0x67,0xb4,0x88,0xbc,0x88,0xbc,0xc9,0xc4,0x87,0xbc,0xe9,0xcc,0xc8,0xc4,0xa8,0xc4,
    0x06,0xb4,0x47,0xbc,0x68,0xbc,0xc5,0xab,0x85,0xa3,0x64,0x9b,0xe6,0xab,0xc5,0xab,
    0x84,0xa3,0xc5,0xab,0xa5,0xab,0xa5,0xab,0x85,0xab,0x45,0xa3,0x04,0x9b,0xc3,0x8a,
    0x25,0x9b,0x04,0x93,0x04,0x93,0x05,0x93,0xe4,0x92,0x25,0x93,0x05,0x93,0x04,0x93,
    0x04,0x93,0x05,0x93,0x05,0x93,0xe4,0x92,0xe4,0x92,0x05,0x93,0x04,0x93,0xc4,0x8a,
    0xa3,0x8a,0xa4,0x8a,0xe4,0x92,0xe4,0x92,0x04,0x93,0xe4,0x92,0x05,0x93,0xe4,0x92,
    0xe5,0x8a,0xc4,0x8a,0xa4,0x8a,0xc5,0x8a,0xa4,0x8a,0xa4,0x8a,0xe5,0x8a,0xc4,0x8a,
    0xc4,0x8a,0xa4,0x82,0x84,0x7a,0x44,0x72,0x44,0x72,0x44,0x72,0xe4,0x59,0xc4,0x51,
    0x21,0x39,0x05,0x5a,0x83,0x49,0x22,0x39,0xa4,0x49,0x22,0x39,0x83,0x49,0x25,0x5a,
    0xa6,0x72,0x28,0x83,0xca,0x93,0x8d,0xac,0x70,0xc5,0x13,0xce,0x55,0xd6,0x76,0xd6,
    0xb8,0xde,0x1b,0xe7,0x1c,0xe7,0x3d,0xe7,0x72,0x8c,0x04,0x21,0xa6,0x39,0x66,0x31,
    0x86,0x31,0xa6,0x31,0x86,0x31,0x65,0x29,0x85,0x31,0x86,0x31,0xa6,0x31,0xa6,0x31,
    0x86,0x31,0xa6,0x31,0xc6,0x31,0xa6,0x31,0xa6,0x31,0xa6,0x31,0xa6,0x31,0xc7,0x39,
    0x08,0x42,0x28,0x42,0x07,0x42,0xa6,0x31,0xc6,0x31,0xc7,0x39,0xa6,0x31,0xa6,0x31,
    0xa6,0x31,0xa6,0x31,0xa6,0x31,0x86,0x31,0xa6,0x31,0xc6,0x39,0xa6,0x31,0x85,0x31,
    0x85,0x31,0xa6,0x31,0xa6,0x31,0x86,0x31,0xa6,0x31,0x86,0x31,0xa6,0x31,0xa6,0x31,
    0x86,0x31,0x86,0x31,0xa6,0x31,0xa6,0x31,0xa6,0x31,0xa6,0x31,0xa6,0x31,0x86,0x31,
    0xa6,0x31,0xc7,0x39,0xc6,0x39,0xa6,0x31,0x85,0x31,0x85,0x31,0xa6,0x31,0xc7,0x39,
    0xc7,0x39,0xe7,0x39,0x08,0x42,0xc7,0x39,0x65,0x31,0x65,0x31,0x86,0x31,0xa6,0x39,
    0xc7,0x39,0xe7,0x39,0xc6,0x39,0xa6,0x31,0xc7,0x39,0xc7,0x39,0xc7,0x39,0x08,0x42,
    0x29,0x42,0x08,0x42,0xc7,0x39,0xa6,0x31,0x85,0x31,0x86,0x31,0xa6,0x31,0x07,0x42,
    0x28,0x42,0x08,0x42,0x28,0x42,0x28,0x42,0x07,0x42,0xc6,0x39,0x85,0x31,0x85,0x31,
    0x85,0x31,0xa6,0x31,0xa6,0x39,0x65,0x31,0x65,0x29,0x44,0x29,0x44,0x29,0x85,0x31,
    0x85,0x31,0x85,0x31,0x65,0x29,0x65,0x29,0x65,0x29,0x85,0x31,0x65,0x31,0x65,0x31,
    0x65,0x29,0x65,0x31,0x85,0x31,0x85,0x31,0x85,0x31,0x85,0x31,0x85,0x31,0xa6,0x39,
    0xc6,0x39,0x85,0x31,0x65,0x29,0x65,0x29,0x65,0x31,0x65,0x31,0x65,0x29,0x65,0x29,
    0x65,0x29,0x65,0x29,0x65,0x29,0x44,0x29,0x65,0x29,0x65,0x31,0x65,0x31,0x44,0x29,
    0x44,0x29,0x44,0x29,0x65,0x29,0x65,0x29,0x65,0x29,0x65,0x29,0x44,0x29,0x44,0x29,
    0x65,0x29,0x44,0x29,0x44,0x29,0x44,0x29,0x44,0x29,0x44,0x29,0x44,0x29,0x44,0x29,
    0x44,0x29,0x44,0x29,0x44,0x29,0x44,0x29,0x44,0x29,0x44,0x29,0x44,0x29,0x23,0x29,
    0xa8,0x62,0x6d,0x9c,0x70,0xbd,0x54,0xd6,0x96,0xd6,0xd8,0xde,0x5b,0xef,0x5b,0xef,
    0x3b,0xef,0x3b,0xef,0x3b,0xef,0x1a,0xe7,0xf9,0xe6,0x95,0xe6,0xeb,0xbc,0x06,0xac,
    0xea,0xc4,0x0e,0xc5,0xf3,0xdd,0x0a,0xa4,0x07,0xac,0x26,0xac,0xa8,0xbc,0xa8,0xbc,
    0x68,0xb4,0xa5,0x9b,0xa8,0xbc,0x2a,0xcd,0x47,0xbc,0x23,0x9b,0x43,0x9b,0xe6,0xab,
    0x27,0xbc,0xc5,0xab,0xe6,0xb3,0xc5,0xab,0x23,0x9b,0x64,0xa3,0xa5,0xab,0xa5,0xab,
    0x85,0xa3,0x65,0xa3,0x24,0x9b,0xe4,0x92,0xc4,0x92,0xc3,0x8a,0xe4,0x92,0x25,0x9b,
    0x45,0x9b,0x04,0x93,0x04,0x93,0x25,0x93,0x05,0x93,0x25,0x9b,0xe5,0x92,0xc4,0x8a,
    0xc4,0x8a,0xe4,0x92,0x05,0x93,0x05,0x93,0xe4,0x92,0xe4,0x92,0x05,0x93,0x25,0x9b,
    0x25,0x93,0x05,0x93,0x05,0x93,0xe5,0x92,0xe5,0x92,0xc4,0x8a,0xa4,0x8a,0xc4,0x8a,
    0xc4,0x8a,0xc4,0x92,0xe5,0x92,0xe5,0x8a,0xc5,0x8a,0x84,0x82,0x43,0x72,0x43,0x72,
    0x23,0x6a,0x24,0x6a,0xe3,0x59,0x04,0x5a,0x05,0x5a,0x05,0x5a,0xe5,0x59,0x26,0x62,
    0xc4,0x51,0x63,0x41,0xc4,0x51,0x45,0x62,0xa6,0x72,0x69,0x8b,0x2b,0x9c,0xee,0xb4,
    0xb1,0xc5,0x34,0xd6,0x76,0xd6,0x97,0xd6,0xd9,0xde,0x1c,0xe7,0xfc,0xde,0xfc,0xde,
    0x4d,0x6b,0xe4,0x18,0x86,0x31,0x65,0x31,0xa6,0x31,0xc7,0x39,0xa6,0x31,0x86,0x31,
    0x86,0x31,0xa6,0x31,0xa6,0x31,0xa6,0x31,0x86,0x31,0xc6,0x39,0xc6,0x39,0xa6,0x31,
    0xa6,0x31,0xa6,0x31,0xa6,0x31,0x86,0x31,0xc6,0x39,0x07,0x42,0xe7,0x39,0xc7,0x39,
    0xa6,0x31,0xa6,0x31,0xa6,0x31,0xa6,0x31,0xa6,0x31,0xa6,0x31,0x86,0x31,0x85,0x31,
    0xa6,0x31,0xa6,0x31,0xc7,0x39,0xa6,0x31,0x85,0x31,0x86,0x31,0xa6,0x31,0x85,0x31,
    0x86,0x31,0xa6,0x31,0xc6,0x39,0xa6,0x31,0xa6,0x31,0xc6,0x39,0xa6,0x31,0x85,0x31,
    0x85,0x31,0x86,0x31,0x86,0x31,0x65,0x29,0xa6,0x31,0xc6,0x39,0xa6,0x31,0xc7,0x39,
    0xe7,0x39,0xc7,0x39,0xc7,0x39,0xa6,0x31,0x65,0x29,0xa6,0x31,0x08,0x42,0x28,0x42,
    0xe7,0x39,0xe7,0x39,0xa6,0x31,0xa6,0x31,0xc7,0x39,0xc7,0x39,0xa6,0x31,0xc7,0x39,
    0xc7,0x39,0xa6,0x31,0x08,0x42,0x49,0x4a,0x49,0x4a,0x28,0x42,0xe7,0x39,0xa6,0x31,
    0xa6,0x31,0x85,0x31,0x86,0x31,0xa6,0x39,0xe7,0x41,0x28,0x42,0x08,0x42,0x08,0x42,
    0x07,0x42,0x86,0x31,0x85,0x31,0x85,0x31,0x85,0x31,0xa6,0x31,0xc6,0x39,0x85,0x31,
    0x44,0x29,0x24,0x29,0x44,0x29,0x65,0x31,0x85,0x31,0x85,0x31,0x65,0x31,0x65,0x31,
    0x65,0x31,0x65,0x29,0x65,0x29,0x65,0x29,0x65,0x29,0x65,0x29,0x65,0x31,0x65,0x29,
    0x65,0x31,0x85,0x31,0x85,0x31,0xa6,0x31,0xa6,0x31,0x85,0x31,0x65,0x29,0x65,0x31,
    0x85,0x31,0x65,0x29,0x65,0x29,0x65,0x31,0x65,0x31,0x65,0x29,0x44,0x29,0x65,0x29,
    0x65,0x29,0x85,0x31,0x65,0x29,0x44,0x29,0x44,0x29,0x44,0x29,0x65,0x29,0x65,0x29,
    0x65,0x29,0x65,0x29,0x44,0x29,0x44,0x29,0x44,0x29,0x44,0x29,0x44,0x29,0x44,0x29,
    0x44,0x29,0x44,0x29,0x44,0x29,0x44,0x29,0x44,0x29,0x44,0x29,0x44,0x29,0x44,0x29,
    0x44,0x29,0x44,0x29,0x44,0x29,0x24,0x29,0x06,0x4a,0xec,0x8b,0x2f,0xbd,0x13,0xce,
    0xb7,0xde,0xd8,0xde,0x3b,0xef,0x5c,0xef,0x3c,0xe7,0x3b,0xe7,0x3b,0xef,0x3b,0xe7,
    0xfa,0xe6,0xd9,0xe6,0x8f,0xcd,0xc4,0xa3,0x88,0xbc,0x0e,0xc5,0x14,0xde,0xae,0xb4,
    0xe8,0xab,0x46,0xb4,0xa8,0xbc,0x68,0xbc,0x08,0xac,0x66,0x93,0x27,0xac,0xc8,0xc4,
    0x47,0xb4,0x64,0x9b,0xe6,0xab,0xe6,0xb3,0xa5,0xab,0x85,0xa3,0xa5,0xab,0xa5,0xab,
    0xa5,0xab,0x65,0xa3,0x65,0xa3,0x65,0xa3,0x65,0xa3,0x45,0xa3,0x04,0x9b,0x04,0x93,
    0xe4,0x92,0x04,0x9b,0x25,0x9b,0x25,0x9b,0x05,0x9b,0xe4,0x92,0xe4,0x92,0x05,0x9b,
    0xe4,0x92,0x05,0x93,0x04,0x93,0x05,0x93,0xc4,0x8a,0x05,0x93,0x05,0x93,0x05,0x93,
    0x05,0x9b,0x25,0x9b,0x05,0x93,0x04,0x93,0x04,0x93,0x04,0x93,0xe4,0x92,0xc4,0x8a,
    0xe4,0x8a,0xe4,0x92,0xc4,0x8a,0xc4,0x8a,0xe4,0x92,0x05,0x93,0xc4,0x8a,0xc4,0x8a,
    0xc5,0x8a,0x84,0x7a,0x64,0x72,0x84,0x7a,0x44,0x72,0x24,0x6a,0x65,0x72,0x82,0x51,
    0xc4,0x59,0xc4,0x59,0xc3,0x59,0x25,0x6a,0xe4,0x61,0xc4,0x59,0x04,0x5a,0xc6,0x72,
    0x07,0x7b,0xa9,0x93,0x8c,0xac,0x4f,0xbd,0xf2,0xcd,0x55,0xd6,0x77,0xd6,0xb9,0xd6,
    0xfb,0xde,0x1c,0xe7,0x1c,0xe7,0x59,0xce,0xe7,0x39,0x45,0x29,0x86,0x31,0x65,0x29,
    0x86,0x31,0xa6,0x31,0x86,0x31,0x86,0x31,0xa6,0x31,0x85,0x31,0xa6,0x31,0xa6,0x31,
    0x86,0x31,0xa6,0x39,0xa6,0x31,0x86,0x31,0x86,0x31,0xa6,0x31,0xa6,0x31,0xa6,0x31,
    0xc6,0x39,0xe7,0x39,0x07,0x42,0x07,0x42,0xc7,0x39,0x86,0x31,0x85,0x31,0x86,0x31,
    0xa6,0x31,0xa6,0x31,0x86,0x31,0x86,0x31,0xa6,0x31,0x86,0x31,0xa6,0x31,0xc6,0x39,
    0xc6,0x39,0xa6,0x31,0xa6,0x31,0x85,0x31,0x65,0x29,0x85,0x31,0xa6,0x31,0xa6,0x31,
    0xa6,0x31,0xc7,0x39,0x86,0x31,0x65,0x29,0x86,0x31,0xa6,0x31,0x85,0x31,0x85,0x31,
    0xa6,0x31,0xa6,0x31,0xa6,0x31,0x08,0x42,0x28,0x42,0xe7,0x39,0xc7,0x39,0xa6,0x31,
    0x86,0x31,0xa6,0x31,0xa6,0x31,0xc6,0x39,0x28,0x42,0x49,0x4a,0xe7,0x39,0xa6,0x31,
    0xa6,0x31,0xe7,0x39,0xa6,0x31,0xc7,0x39,0xa7,0x31,0xa7,0x31,0x08,0x3a,0x49,0x4a,
    0x6a,0x4a,0x08,0x42,0xe7,0x39,0xa6,0x31,0x86,0x31,0x65,0x31,0xe7,0x39,0x08,0x42,
    0x07,0x42,0xe7,0x39,0xe7,0x39,0xe7,0x41,0xe7,0x39,0xa6,0x31,0x85,0x31,0xa6,0x31,
    0xa6,0x31,0x85,0x31,0x85,0x31,0x65,0x29,0x44,0x29,0x44,0x29,0x44,0x29,0x85,0x31,
    0x65,0x31,0x65,0x29,0x85,0x31,0x85,0x31,0x65,0x29,0x65,0x29,0x65,0x29,0x65,0x29,
    0x65,0x31,0x65,0x31,0x65,0x29,0x65,0x29,0x65,0x29,0x65,0x29,0x65,0x31,0xa6,0x31,
    0xa6,0x31,0x85,0x31,0x65,0x29,0x65,0x29,0x65,0x29,0x65,0x29,0x65,0x29,0x65,0x31,
    0x65,0x31,0x65,0x29,0x65,0x29,0x65,0x29,0x65,0x31,0x65,0x29,0x24,0x29,0x44,0x29,
    0x44,0x29,0x44,0x29,0x44,0x29,0x65,0x29,0x65,0x29,0x65,0x29,0x44,0x29,0x44,0x29,
    0x44,0x29,0x44,0x29,0x44,0x29,0x44,0x29,0x44,0x29,0x44,0x29,0x44,0x29,0x44,0x29,
    0x44,0x29,0x44,0x29,0x44,0x29,0x44,0x29,0x44,0x29,0x44,0x29,0x44,0x29,0x23,0x21,
    0x85,0x39,0x49,0x73,0xef,0xac,0xd2,0xc5,0x96,0xde,0xb8,0xde,0xfa,0xe6,0x7c,0xef,
    0x5c,0xef,0x3b,0xe7,0x3b,0xef,0x3b,0xef,0x1a,0xe7,0xf9,0xe6,0x33,0xde,0x27,0xac,
    0xe6,0xab,0x0d,0xc5,0xf3,0xd5,0x71,0xcd,0x08,0xac,0x67,0xbc,0xa9,0xbc,0xa8,0xbc,
    0xa6,0x9b,0x45,0x8b,0x27,0xac,0x26,0xb4,0x43,0x9b,0xa5,0xa3,0x47,0xbc,0x27,0xbc,
    0x24,0x9b,0xc6,0xab,0xc5,0xab,0x64,0xa3,0x44,0xa3,0x64,0xa3,0x44,0xa3,0x24,0x9b,
    0x24,0x9b,0x45,0x9b,0x45,0x9b,0x25,0x9b,0x04,0x9b,0x25,0x9b,0x45,0x9b,0x25,0x9b,
    0x04,0x93,0x04,0x9b,0x05,0x9b,0x05,0x93,0x05,0x9b,0xe4,0x92,0x04,0x93,0x25,0x9b,
    0xe4,0x92,0x25,0x9b,0x25,0x9b,0x04,0x93,0x04,0x93,0x04,0x93,0x04,0x93,0xe4,0x92,
    0x04,0x93,0x25,0x9b,0x04,0x93,0xc4,0x8a,0xe4,0x92,0xe4,0x92,0xc4,0x8a,0xe4,0x8a,
    0x05,0x93,0xe4,0x92,0xc4,0x8a,0xa4,0x82,0xa4,0x82,0xa5,0x82,0x84,0x7a,0x43,0x72,
    0x84,0x7a,0xa5,0x7a,0xa5,0x72,0xc2,0x51,0xe4,0x59,0x25,0x62,0x45,0x6a,0x24,0x62,
    0x04,0x62,0xe4,0x59,0x65,0x6a,0x48,0x83,0x47,0x8b,0xc9,0x93,0xac,0xac,0x6f,0xbd,
    0x13,0xce,0x76,0xd6,0xb8,0xde,0xfa,0xde,0x1b,0xe7,0xfc,0xde,0x3c,0xe7,0x14,0xa5,
    0x04,0x21,0x45,0x29,0x65,0x29,0x65,0x29,0x86,0x31,0x86,0x31,0x85,0x31,0x85,0x31,
    0xa6,0x39,0xa6,0x31,0x86,0x31,0xa6,0x31,0xc6,0x39,0xa6,0x31,0x86,0x31,0xa6,0x31,
    0xa6,0x31,0xa6,0x31,0xa6,0x31,0xe7,0x39,0x07,0x42,0x07,0x42,0xe7,0x39,0xc7,0x39,
    0xe7,0x39,0xa6,0x31,0x65,0x29,0xa6,0x31,0xa6,0x31,0xa6,0x31,0xa6,0x31,0xa6,0x31,
    0x86,0x31,0x65,0x29,0x86,0x31,0xa6,0x39,0xe7,0x39,0xe7,0x41,0x86,0x31,0x86,0x31,
    0x65,0x29,0x65,0x29,0xa6,0x31,0x86,0x31,0xa6,0x31,0xc6,0x39,0xa6,0x31,0xa6,0x31,
    0xa6,0x31,0x86,0x31,0x86,0x31,0xa6,0x31,0xc6,0x39,0xc7,0x39,0xc6,0x39,0x07,0x42,
    0xe7,0x39,0xa6,0x31,0xc6,0x39,0xa6,0x31,0xa6,0x31,0x86,0x31,0xa6,0x31,0xa6,0x31,
    0xc7,0x39,0x08,0x42,0x28,0x42,0x08,0x42,0xe7,0x39,0x08,0x42,0xc7,0x39,0xc7,0x39,
    0xa6,0x31,0xc7,0x39,0x08,0x42,0x08,0x42,0x29,0x42,0xe8,0x39,0x08,0x42,0xe7,0x39,
    0x86,0x31,0x65,0x31,0xc7,0x39,0xe7,0x41,0xc6,0x39,0xa6,0x31,0xa6,0x31,0xa6,0x31,
    0xa6,0x39,0xa6,0x31,0x85,0x31,0x85,0x31,0xa6,0x31,0xa6,0x31,0xa6,0x31,0x85,0x31,
    0x44,0x29,0x44,0x29,0x65,0x29,0x85,0x31,0x65,0x31,0x65,0x31,0x85,0x31,0x85,0x31,
    0x65,0x29,0x65,0x31,0x65,0x29,0x65,0x29,0x65,0x29,0x65,0x29,0x85,0x31,0x65,0x29,
    0x65,0x29,0x65,0x29,0x65,0x31,0x85,0x31,0x85,0x31,0x65,0x29,0x65,0x29,0x65,0x29,
    0x44,0x29,0x44,0x29,0x44,0x29,0x65,0x29,0x65,0x29,0x65,0x29,0x44,0x29,0x44,0x29,
    0x65,0x31,0x65,0x29,0x44,0x29,0x24,0x29,0x44,0x29,0x44,0x29,0x65,0x29,0x65,0x29,
    0x65,0x29,0x65,0x29,0x44,0x29,0x44,0x29,0x44,0x29,0x44,0x29,0x44,0x29,0x44,0x29,
    0x44,0x29,0x44,0x29,0x44,0x29,0x44,0x29,0x44,0x29,0x44,0x29,0x44,0x29,0x44,0x29,
    0x44,0x29,0x44,0x29,0x44,0x29,0x24,0x29,0x44,0x31,0xa7,0x62,0x6d,0x9c,0x92,0xbd,
    0x55,0xd6,0xb7,0xde,0xf9,0xde,0x7c,0xef,0x7c,0xef,0x3b,0xe7,0x3c,0xef,0x3c,0xef,
    0x3b,0xef,0x1a,0xe7,0xf8,0xee,0x2d,0xc5,0xa5,0xa3,0x28,0xac,0x34,0xde,0x76,0xde,
    0xac,0xb4,0x27,0xb4,0x47,0xb4,0x67,0xb4,0x88,0xb4,0x65,0x93,0x06,0xac,0x06,0xb4,
    0xe6,0xb3,0x48,0xbc,0xe6,0xb3,0x64,0xa3,0xc3,0x92,0xa5,0xab,0xa5,0xab,0x85,0xa3,
    0x65,0xa3,0x85,0xa3,0x45,0xa3,0x24,0x9b,0x24,0x9b,0x45,0xa3,0x45,0xa3,0x25,0x9b,
    0x25,0x9b,0x04,0x9b,0x04,0x9b,0x25,0x9b,0x04,0x9b,0x24,0x9b,0x04,0x93,0xa3,0x8a,
    0xe4,0x92,0x04,0x93,0x24,0x93,0x25,0x9b,0x04,0x93,0x04,0x93,0x24,0x9b,0x24,0x93,
    0x24,0x9b,0x25,0x9b,0x25,0x9b,0x04,0x9b,0x04,0x9b,0x25,0x9b,0x04,0x93,0xe4,0x92,
    0x04,0x93,0xe4,0x92,0xe4,0x8a,0xe5,0x92,0x05,0x93,0xe4,0x8a,0x05,0x93,0xc4,0x8a,
    0xa4,0x82,0xa4,0x82,0x85,0x7a,0x44,0x72,0x84,0x72,0x03,0x62,0xe3,0x61,0x66,0x6a,
    0x04,0x5a,0xa3,0x51,0x45,0x62,0xa3,0x51,0x63,0x49,0x04,0x5a,0x07,0x7b,0xa9,0x93,
    0xc9,0x93,0x4a,0xa4,0xed,0xb4,0x71,0xbd,0x35,0xce,0x98,0xde,0xda,0xde,0x1b,0xe7,
    0x1c,0xe7,0xfc,0xde,0xfb,0xde,0x6d,0x6b,0xe3,0x18,0x65,0x29,0x45,0x29,0x65,0x29,
    0x85,0x31,0x65,0x29,0x65,0x29,0x65,0x29,0x86,0x31,0xa6,0x31,0xa6,0x31,0xa6,0x31,
    0xa6,0x31,0x86,0x31,0x86,0x31,0xa6,0x31,0xa6,0x31,0xa6,0x31,0xa6,0x31,0xc6,0x39,
    0xe7,0x39,0x28,0x42,0x08,0x42,0xa6,0x31,0xa6,0x31,0x86,0x31,0x86,0x31,0xa6,0x31,
    0xa6,0x31,0xa6,0x31,0xa6,0x31,0x86,0x31,0x85,0x31,0x85,0x31,0x85,0x31,0x86,0x31,
    0xa6,0x39,0xa6,0x39,0x65,0x29,0xa6,0x31,0x85,0x31,0x86,0x31,0xc6,0x39,0xa6,0x31,
    0x86,0x31,0xa6,0x31,0xc6,0x39,0xe7,0x39,0xa6,0x31,0x86,0x31,0xa6,0x31,0x86,0x31,
    0x86,0x31,0xa6,0x31,0xc6,0x39,0xe7,0x39,0xc6,0x39,0xa6,0x31,0xc7,0x39,0xa6,0x31,
    0x86,0x31,0x86,0x31,0xc6,0x39,0xe7,0x39,0xa6,0x31,0xa6,0x31,0xc7,0x39,0xc7,0x39,
    0xc6,0x39,0xc7,0x39,0xc7,0x39,0x08,0x42,0xc7,0x39,0x08,0x42,0x49,0x4a,0xe8,0x39,
    0x08,0x42,0x08,0x3a,0xe7,0x39,0xe7,0x39,0x85,0x31,0x85,0x31,0x65,0x29,0x85,0x31,
    0x85,0x31,0x86,0x31,0x85,0x31,0x65,0x31,0x85,0x31,0x65,0x31,0x65,0x29,0x65,0x31,
    0x85,0x31,0x85,0x31,0xa6,0x31,0xa6,0x31,0x44,0x29,0x24,0x29,0x44,0x29,0x65,0x29,
    0x85,0x31,0x85,0x31,0x85,0x31,0x65,0x29,0x65,0x29,0x65,0x31,0x65,0x29,0x65,0x29,
    0x65,0x29,0x65,0x29,0x65,0x29,0x65,0x29,0x65,0x29,0x65,0x31,0x85,0x31,0x85,0x31,
    0x85,0x31,0x65,0x29,0x65,0x29,0x85,0x31,0x65,0x29,0x44,0x29,0x44,0x29,0x44,0x29,
    0x44,0x29,0x44,0x29,0x44,0x29,0x44,0x29,0x65,0x29,0x85,0x31,0x65,0x29,0x44,0x29,
    0x44,0x29,0x44,0x29,0x44,0x29,0x44,0x29,0x65,0x29,0x65,0x29,0x44,0x29,0x44,0x29,
    0x44,0x29,0x44,0x29,0x44,0x29,0x44,0x29,0x44,0x29,0x44,0x29,0x44,0x29,0x44,0x29,
    0x44,0x29,0x24,0x29,0x24,0x29,0x44,0x29,0x44,0x29,0x24,0x29,0x24,0x21,0x44,0x29,
    0x03,0x29,0x05,0x4a,0xcb,0x83,0x51,0xb5,0x15,0xce,0x97,0xde,0xd9,0xde,0x3b,0xef,
    0x7c,0xef,0x5c,0xef,0x3c,0xe7,0x3c,0xef,0x3c,0xef,0x1b,0xe7,0xf9,0xe6,0x53,0xde,
    0x48,0xb4,0xe6,0xab,0xb1,0xd5,0xd8,0xee,0xf3,0xd5,0x69,0xb4,0x47,0xb4,0x26,0xb4,
    0xe5,0xab,0xe6,0xab,0x85,0x9b,0xa5,0xa3,0xc6,0xb3,0x27,0xbc,0x85,0xab,0x44,0x9b,
    0x65,0xa3,0x85,0xab,0x84,0xab,0x64,0xa3,0x85,0xab,0x85,0xab,0x64,0xa3,0x45,0xa3,
    0x45,0xa3,0x45,0xa3,0x24,0x9b,0x45,0xa3,0x45,0xa3,0x44,0x9b,0x24,0x9b,0x65,0xa3,
    0x86,0xab,0x65,0xa3,0x45,0x9b,0xe3,0x92,0xc3,0x92,0x25,0x9b,0x45,0x9b,0x45,0x9b,
    0x24,0x9b,0x45,0x9b,0x45,0xa3,0x45,0x9b,0x45,0x9b,0x45,0x9b,0x45,0x9b,0x24,0x9b,
    0x24,0x9b,0x25,0x9b,0x04,0x9b,0x04,0x93,0x25,0x9b,0x04,0x93,0x04,0x93,0x04,0x93,
    0xe4,0x92,0xe4,0x92,0xe4,0x92,0xe5,0x8a,0xa4,0x82,0xa4,0x82,0xa5,0x82,0xc2,0x61,
    0xc2,0x59,0x85,0x72,0xe4,0x61,0xe4,0x61,0x04,0x62,0xc3,0x51,0x04,0x62,0xc4,0x59,
    0x83,0x51,0x66,0x6a,0x69,0x83,0xcb,0x93,0x4c,0xa4,0xcd,0xac,0x71,0xbd,0x35,0xce,
    0x98,0xde,0xda,0xde,0x1b,0xe7,0x1c,0xe7,0x1c,0xdf,0xfc,0xde,0x18,0xc6,0xe7,0x39,
    0x24,0x21,0x65,0x29,0x86,0x31,0x45,0x29,0x65,0x29,0x85,0x31,0x65,0x29,0x65,0x29,
    0x65,0x29,0x86,0x31,0x85,0x31,0x86,0x31,0x86,0x31,0x85,0x31,0x86,0x31,0xa6,0x31,
    0xa6,0x31,0x85,0x31,0xa6,0x31,0xe7,0x39,0xe7,0x39,0x08,0x42,0x07,0x42,0xc7,0x39,
    0xa6,0x31,0x86,0x31,0xa6,0x31,0xc6,0x39,0x86,0x31,0xc6,0x39,0xa6,0x31,0x65,0x29,
    0x86,0x31,0x86,0x31,0x85,0x31,0x85,0x31,0x85,0x31,0x65,0x31,0x65,0x29,0x85,0x31,
    0x86,0x31,0x86,0x31,0xa6,0x31,0xe7,0x39,0xc7,0x39,0xa6,0x31,0xa6,0x31,0xe7,0x39,
    0xe7,0x39,0xa6,0x31,0x85,0x31,0x65,0x29,0x65,0x29,0x85,0x31,0xa6,0x31,0xa6,0x31,
    0xc6,0x39,0xa6,0x31,0xc7,0x39,0xc6,0x39,0xa6,0x31,0xa6,0x31,0xa6,0x31,0xa6,0x31,
    0xa6,0x31,0x86,0x31,0xa6,0x31,0x86,0x31,0x85,0x31,0xa6,0x31,0xc7,0x39,0x28,0x42,
    0x08,0x42,0x49,0x4a,0x49,0x4a,0xe7,0x39,0x28,0x42,0x08,0x42,0xa6,0x31,0xa6,0x31,
    0x85,0x31,0xa6,0x31,0xa6,0x31,0xc6,0x39,0xa6,0x31,0x65,0x29,0x65,0x31,0x85,0x31,
    0x85,0x31,0x65,0x31,0x85,0x31,0x85,0x31,0x65,0x31,0x85,0x31,0xa6,0x31,0xa6,0x31,
    0x44,0x29,0x24,0x21,0x24,0x21,0x44,0x29,0x65,0x29,0x85,0x31,0x65,0x31,0x65,0x29,
    0x44,0x29,0x65,0x29,0x65,0x29,0x65,0x29,0x65,0x31,0x85,0x31,0x65,0x31,0x65,0x29,
    0x65,0x31,0x65,0x31,0x85,0x31,0xa6,0x31,0x85,0x31,0x65,0x29,0x65,0x29,0x85,0x31,
    0x65,0x29,0x44,0x29,0x65,0x29,0x44,0x29,0x44,0x29,0x44,0x29,0x65,0x29,0x65,0x29,
    0x65,0x31,0x65,0x31,0x65,0x29,0x65,0x29,0x65,0x29,0x44,0x29,0x44,0x29,0x44,0x29,
    0x44,0x29,0x44,0x29,0x44,0x29,0x44,0x29,0x44,0x29,0x44,0x29,0x44,0x29,0x44,0x29,
    0x44,0x29,0x44,0x29,0x44,0x29,0x44,0x29,0x24,0x29,0x24,0x29,0x24,0x21,0x24,0x29,
    0x24,0x29,0x24,0x21,0x24,0x21,0x45,0x29,0x23,0x29,0x64,0x31,0xe9,0x6a,0xd0,0xa4,
    0xf5,0xcd,0x77,0xd6,0xb8,0xde,0xfa,0xe6,0x7c,0xef,0x7c,0xef,0x3b,0xe7,0x3c,0xef,
    0x5c,0xef,0x3b,0xe7,0x1a,0xe7,0xf7,0xe6,0x4d,0xcd,0x06,0xac,0x8b,0xbc,0x77,0xee,
    0xd9,0xee,0x70,0xc5,0x48,0xb4,0x26,0xb4,0xc6,0xab,0xc6,0xab,0x64,0x9b,0x85,0xa3,
    0x23,0x9b,0x44,0x9b,0x64,0xa3,0x85,0xab,0x85,0xab,0x44,0xa3,0x84,0xa3,0x85,0xab,
    0x64,0xa3,0x65,0xab,0x85,0xab,0x44,0xa3,0x45,0xa3,0x65,0xab,0x65,0xab,0x85,0xa3,
    0x64,0xa3,0x44,0xa3,0x64,0xa3,0x85,0xa3,0xa6,0xab,0x65,0xa3,0x65,0xa3,0x45,0xa3,
    0x24,0x9b,0x45,0xa3,0x44,0x9b,0x45,0xa3,0x65,0xa3,0x65,0xa3,0x45,0x9b,0x45,0x9b,
    0x45,0xa3,0x45,0x9b,0x24,0x9b,0x24,0x9b,0x45,0xa3,0x24,0x9b,0x25,0x9b,0x45,0x9b,
    0x25,0x9b,0x04,0x93,0x25,0x93,0xe4,0x92,0x05,0x93,0x05,0x9b,0xe4,0x92,0xc4,0x8a,
    0xa4,0x82,0x84,0x7a,0x64,0x7a,0x44,0x72,0x85,0x7a,0xc6,0x7a,0x03,0x62,0xa2,0x59,
    0x65,0x6a,0x04,0x62,0x82,0x49,0xe4,0x59,0x05,0x62,0x08,0x7b,0xeb,0x93,0x4d,0xa4,
    0x10,0xb5,0x93,0xc5,0x36,0xd6,0xb9,0xde,0xfb,0xde,0x1c,0xdf,0x1c,0xe7,0x1d,0xe7,
    0xfc,0xde,0xfc,0xde,0x92,0x94,0x24,0x21,0x65,0x31,0x45,0x29,0x66,0x31,0x65,0x29,
    0x65,0x29,0x85,0x31,0x85,0x31,0x85,0x31,0x85,0x31,0x86,0x31,0x85,0x31,0x86,0x31,
    0x85,0x31,0x86,0x31,0xa6,0x31,0xa6,0x31,0xa6,0x31,0xa6,0x31,0xa6,0x31,0x07,0x42,
    0xc7,0x39,0xc7,0x39,0xa6,0x31,0xa6,0x31,0xa6,0x31,0x85,0x31,0x65,0x29,0x85,0x31,
    0x85,0x31,0xa6,0x31,0xc6,0x39,0xc6,0x39,0xa6,0x31,0x86,0x31,0x86,0x31,0x86,0x31,
    0x85,0x31,0x85,0x31,0x85,0x31,0x86,0x31,0x86,0x31,0xa6,0x31,0xc6,0x39,0xa6,0x31,
    0xa6,0x31,0x86,0x31,0x86,0x31,0x86,0x31,0xa6,0x31,0x85,0x31,0x65,0x29,0x65,0x29,
    0xa6,0x31,0xa6,0x31,0xa6,0x31,0xa6,0x31,0x86,0x31,0x86,0x31,0xa6,0x31,0xc6,0x39,
    0xa6,0x31,0x86,0x31,0x86,0x31,0x86,0x31,0x86,0x31,0x86,0x31,0x86,0x31,0xa6,0x31,
    0xc6,0x39,0xa6,0x31,0xa6,0x31,0x86,0x31,0xa6,0x31,0x08,0x42,0x29,0x42,0x08,0x42,
    0x49,0x42,0x08,0x42,0xa6,0x31,0x86,0x31,0xa6,0x39,0xc6,0x39,0xe7,0x39,0xc6,0x39,
    0xc6,0x39,0x85,0x31,0x85,0x31,0x85,0x31,0x65,0x31,0x65,0x29,0x85,0x31,0x85,0x31,
    0x85,0x31,0x85,0x31,0x85,0x31,0xa6,0x31,0x65,0x29,0x24,0x29,0x24,0x21,0x24,0x29,
    0x65,0x29,0x65,0x31,0x65,0x29,0x65,0x31,0x65,0x29,0x65,0x29,0x65,0x29,0x65,0x29,
    0x85,0x31,0x85,0x31,0x85,0x31,0x65,0x29,0x85,0x31,0x65,0x31,0x85,0x31,0xa6,0x31,
    0x85,0x31,0x65,0x29,0x65,0x29,0x65,0x29,0x44,0x29,0x44,0x29,0x65,0x29,0x44,0x29,
    0x65,0x29,0x85,0x31,0x65,0x29,0x44,0x29,0x65,0x29,0x44,0x29,0x65,0x29,0x65,0x29,
    0x44,0x29,0x44,0x29,0x44,0x29,0x44,0x29,0x44,0x29,0x44,0x29,0x44,0x29,0x44,0x29,
    0x44,0x29,0x44,0x29,0x44,0x29,0x24,0x29,0x44,0x29,0x44,0x29,0x44,0x29,0x44,0x29,
    0x44,0x29,0x44,0x29,0x24,0x21,0x24,0x21,0x24,0x29,0x24,0x29,0x24,0x21,0x44,0x29,
    0x44,0x29,0x23,0x29,0x47,0x52,0x0d,0x8c,0xb4,0xc5,0x57,0xd6,0x98,0xde,0xda,0xde,
    0x7c,0xef,0x7c,0xef,0x3c,0xe7,0x3c,0xef,0x5c,0xef,0x5b,0xe7,0x1b,0xe7,0xfa,0xe6,
    0x74,0xde,0x88,0xbc,0xc6,0xa3,0x91,0xd5,0xfa,0xee,0x77,0xde,0xcd,0xbc,0x07,0xb4,
    0x07,0xb4,0x85,0xa3,0x84,0xa3,0xa5,0xa3,0xa6,0xa3,0xa5,0xab,0xa5,0xab,0xc5,0xab,
    0x84,0xab,0x84,0xab,0x84,0xab,0xa5,0xab,0x85,0xab,0x65,0xab,0x65,0xab,0x64,0xa3,
    0x85,0xab,0x85,0xab,0x86,0xab,0xa5,0xab,0x85,0xa3,0x44,0xa3,0x85,0xab,0x85,0xab,
    0x85,0xa3,0x65,0xa3,0x44,0x9b,0x65,0xa3,0x65,0xa3,0x65,0xa3,0x44,0x9b,0x65,0xa3,
    0x85,0xa3,0x65,0xa3,0x24,0x9b,0x45,0xa3,0x85,0xa3,0x44,0x9b,0x24,0x9b,0x44,0x9b,
    0x44,0x9b,0x24,0x9b,0x24,0x9b,0x45,0x9b,0x45,0x9b,0x25,0x9b,0x04,0x93,0xe4,0x92,
    0x25,0x9b,0x25,0x9b,0xe4,0x92,0xc4,0x8a,0xe5,0x8a,0x44,0x72,0x23,0x72,0xe6,0x8a,
    0x26,0x93,0xc4,0x82,0x26,0x8b,0xc6,0x7a,0x24,0x62,0x04,0x5a,0xc3,0x59,0x25,0x62,
    0xa6,0x72,0xaa,0x8b,0x6d,0xa4,0xcf,0xac,0x93,0xbd,0x57,0xce,0xba,0xde,0xfb,0xde,
    0x1c,0xdf,0x1c,0xdf,0x3d,0xe7,0xfc,0xde,0xdb,0xde,0x9a,0xd6,0x8a,0x52,0x24,0x21,
    0x45,0x29,0x65,0x29,0x65,0x31,0x65,0x29,0x85,0x31,0x65,0x29,0x65,0x31,0x86,0x31,
    0x65,0x29,0x85,0x31,0xa6,0x39,0xc6,0x39,0x86,0x31,0x85,0x31,0xa6,0x31,0x85,0x31,
    0x86,0x31,0xa6,0x39,0xa6,0x31,0xc7,0x39,0xa6,0x31,0xa6,0x31,0xa6,0x31,0xc6,0x39,
    0xa6,0x31,0x85,0x31,0x85,0x31,0x86,0x31,0x86,0x31,0xa6,0x31,0xe7,0x39,0xe7,0x39,
    0xa6,0x31,0xa6,0x31,0xa6,0x31,0x86,0x31,0x85,0x31,0x86,0x31,0x85,0x31,0xa6,0x31,
    0xa6,0x31,0xc7,0x39,0xe7,0x39,0xa6,0x31,0x85,0x31,0x65,0x29,0xa6,0x31,0x85,0x31,
    0x65,0x29,0x85,0x31,0x65,0x29,0x65,0x29,0x86,0x31,0xa6,0x31,0xc6,0x39,0xa6,0x31,
    0xa6,0x31,0xa6,0x31,0xc6,0x39,0xc7,0x39,0xa6,0x31,0xa6,0x31,0xa6,0x31,0x86,0x31,
    0xa6,0x31,0xa6,0x31,0xa6,0x31,0xc7,0x39,0xe7,0x39,0xc6,0x39,0xc7,0x39,0xc7,0x39,
    0xa6,0x31,0x08,0x42,0x49,0x4a,0x28,0x42,0xc7,0x39,0xa6,0x31,0x86,0x31,0x86,0x31,
    0xc6,0x39,0xc6,0x39,0xc6,0x39,0xa6,0x39,0xa6,0x31,0x85,0x31,0x85,0x31,0x65,0x31,
    0x65,0x29,0x65,0x29,0x85,0x31,0x85,0x31,0x85,0x31,0x85,0x31,0x85,0x31,0x85,0x31,
    0x44,0x29,0x24,0x29,0x24,0x21,0x24,0x29,0x65,0x29,0x65,0x29,0x65,0x29,0x85,0x31,
    0x65,0x31,0x65,0x29,0x65,0x29,0x65,0x29,0x65,0x31,0x85,0x31,0x65,0x29,0x65,0x29,
    0x65,0x29,0x65,0x29,0x85,0x31,0xa6,0x31,0x85,0x31,0x65,0x29,0x65,0x29,0x65,0x29,
    0x44,0x29,0x44,0x29,0x65,0x29,0x44,0x29,0x65,0x31,0xa6,0x31,0x65,0x29,0x44,0x29,
    0x44,0x29,0x44,0x29,0x44,0x29,0x44,0x29,0x44,0x29,0x44,0x29,0x44,0x29,0x44,0x29,
    0x44,0x29,0x44,0x29,0x44,0x29,0x44,0x29,0x44,0x29,0x44,0x29,0x44,0x29,0x44,0x29,
    0x24,0x29,0x24,0x29,0x24,0x29,0x24,0x29,0x24,0x29,0x44,0x29,0x24,0x29,0x24,0x29,
    0x24,0x29,0x44,0x29,0x24,0x21,0x24,0x21,0x24,0x21,0x03,0x29,0xa5,0x39,0x2a,0x73,
    0xf1,0xac,0x16,0xce,0xb9,0xde,0xda,0xde,0x1b,0xe7,0x7d,0xef,0x7d,0xef,0x3c,0xe7,
    0x3c,0xef,0x5c,0xef,0x3c,0xef,0x1b,0xe7,0x18,0xef,0xcf,0xd5,0xe5,0xab,0x49,0xac,
    0x76,0xde,0xfa,0xe6,0x15,0xde,0x29,0xac,0x27,0xb4,0x06,0xb4,0xe5,0xb3,0xe6,0xab,
    0xa5,0xa3,0x64,0xa3,0x85,0xa3,0xe6,0xb3,0xc6,0xb3,0xc5,0xb3,0xa5,0xab,0xa5,0xab,
    0xa5,0xab,0xa5,0xab,0x64,0xa3,0x65,0xab,0x85,0xab,0x44,0xa3,0x44,0xa3,0x85,0xa3,
    0x85,0xa3,0x85,0xa3,0xa5,0xab,0x85,0xa3,0x64,0xa3,0x85,0xa3,0x64,0xa3,0x65,0xa3,
    0x85,0xa3,0x44,0x9b,0x44,0x9b,0x65,0xa3,0x65,0xa3,0x44,0x9b,0x44,0xa3,0x65,0xa3,
    0x85,0xab,0x85,0xa3,0x65,0xa3,0x65,0xa3,0x45,0x9b,0x45,0x9b,0x65,0xa3,0x45,0x9b,
    0x65,0x9b,0x25,0x9b,0x04,0x9b,0x04,0x93,0x24,0x9b,0x24,0x93,0xc4,0x8a,0xc5,0x8a,
    0x84,0x7a,0x02,0x6a,0x64,0x7a,0xa4,0x82,0xe4,0x8a,0x86,0x9b,0x46,0x93,0x44,0x6a,
    0xe3,0x61,0x65,0x6a,0x65,0x6a,0x65,0x6a,0x49,0x83,0x4d,0x9c,0xf0,0xac,0x73,0xbd,
    0x37,0xce,0xba,0xd6,0xfb,0xde,0xfc,0xde,0x1c,0xdf,0x1c,0xdf,0x1c,0xe7,0xdb,0xde,
    0xfc,0xe6,0xf4,0xa4,0x45,0x29,0x65,0x29,0x45,0x29,0x65,0x31,0x45,0x29,0x45,0x29,
    0x85,0x31,0x65,0x31,0x65,0x29,0x86,0x31,0x85,0x31,0x65,0x31,0x86,0x31,0xa6,0x31,
    0x86,0x31,0x85,0x31,0xa6,0x31,0x86,0x31,0x86,0x31,0x85,0x31,0x85,0x31,0xa6,0x31,
    0xa6,0x31,0x85,0x31,0x85,0x31,0xc6,0x39,0xa6,0x31,0x65,0x29,0xa6,0x31,0xc6,0x39,
    0xa6,0x31,0xa6,0x31,0xc6,0x39,0xa6,0x31,0xc6,0x39,0xa6,0x31,0xa6,0x31,0x85,0x31,
    0x65,0x31,0x85,0x31,0x65,0x29,0xa6,0x31,0xa6,0x31,0xc6,0x39,0xc7,0x39,0x86,0x31,
    0xa6,0x31,0xa6,0x31,0x86,0x31,0x85,0x31,0x85,0x31,0x86,0x31,0x85,0x31,0x65,0x29,
    0x65,0x29,0x86,0x31,0xa6,0x31,0xa6,0x31,0xa6,0x31,0xa6,0x31,0xa6,0x31,0xc6,0x39,
    0xa6,0x31,0x86,0x31,0x86,0x31,0xa6,0x31,0xa6,0x31,0x86,0x31,0x86,0x31,0xa6,0x31,
    0xc6,0x39,0xc7,0x39,0x08,0x42,0xe7,0x39,0xa6,0x31,0xe7,0x39,0x08,0x42,0xe8,0x39,
    0xc7,0x31,0xa6,0x31,0x86,0x31,0x86,0x31,0xa6,0x31,0xa6,0x31,0xa6,0x31,0x85,0x31,
    0x85,0x31,0x85,0x31,0x85,0x31,0x65,0x29,0x65,0x29,0x65,0x29,0x65,0x31,0x85,0x31,
    0x85,0x31,0x85,0x31,0x65,0x31,0x65,0x31,0x65,0x29,0x44,0x29,0x24,0x21,0x24,0x21,
    0x44,0x29,0x65,0x29,0x65,0x31,0x85,0x31,0x85,0x31,0x85,0x31,0x65,0x29,0x44,0x29,
    0x65,0x29,0x65,0x29,0x65,0x29,0x65,0x29,0x65,0x29,0x65,0x29,0x85,0x31,0x85,0x31,
    0x65,0x29,0x65,0x29,0x65,0x29,0x65,0x29,0x44,0x29,0x44,0x29,0x44,0x29,0x44,0x29,
    0x44,0x29,0x65,0x29,0x65,0x29,0x85,0x31,0x65,0x29,0x44,0x29,0x44,0x29,0x44,0x29,
    0x44,0x29,0x44,0x29,0x44,0x29,0x65,0x29,0x44,0x29,0x44,0x29,0x44,0x29,0x44,0x29,
    0x44,0x29,0x44,0x29,0x44,0x29,0x44,0x29,0x24,0x29,0x24,0x29,0x24,0x29,0x24,0x29,
    0x24,0x29,0x44,0x29,0x24,0x29,0x24,0x29,0x24,0x29,0x24,0x29,0x44,0x29,0x24,0x21,
    0x24,0x21,0x24,0x21,0x23,0x29,0x67,0x5a,0x0e,0x94,0x94,0xbd,0x99,0xd6,0xda,0xde,
    0x1b,0xe7,0x5d,0xef,0x9d,0xf7,0x5c,0xef,0x5c,0xef,0x5c,0xef,0x5c,0xef,0x3c,0xe7,
    0x1a,0xe7,0xb6,0xe6,0xeb,0xc4,0xa5,0x9b,0x90,0xcd,0xb9,0xe6,0xf9,0xee,0xb1,0xcd,
    0x28,0xac,0x47,0xb4,0x06,0xb4,0xc5,0xab,0x65,0xa3,0x64,0x9b,0xa5,0xa3,0xc5,0xab,
    0x84,0xa3,0xc5,0xb3,0xc5,0xb3,0xa5,0xab,0xa5,0xab,0xa5,0xab,0x44,0xa3,0x65,0xab,
    0x85,0xab,0x44,0xa3,0x44,0xa3,0x64,0xa3,0x64,0xa3,0x85,0xa3,0x85,0xa3,0x65,0xa3,
    0x64,0xa3,0x44,0xa3,0x45,0xa3,0x65,0xa3,0x65,0xa3,0x45,0xa3,0x65,0xa3,0x65,0xa3,
    0x65,0xa3,0x44,0xa3,0x65,0xa3,0x65,0xa3,0x65,0xa3,0x44,0x9b,0x44,0xa3,0x65,0xa3,
    0x44,0xa3,0x24,0x9b,0x45,0x9b,0x65,0xa3,0x45,0x9b,0x25,0x9b,0x45,0x9b,0x04,0x93,
    0xe4,0x92,0x25,0x93,0x05,0x93,0x05,0x93,0xa4,0x82,0xe2,0x69,0x84,0x7a,0x05,0x8b,
    0x66,0x9b,0xc7,0xa3,0x05,0x8b,0x23,0x6a,0x82,0x51,0x82,0x51,0x45,0x6a,0x08,0x7b,
    0xec,0x9b,0xd0,0xac,0x73,0xbd,0xf7,0xc5,0x99,0xd6,0xdb,0xde,0xfc,0xde,0xfc,0xde,
    0x1c,0xe7,0x1c,0xe7,0xfc,0xde,0xfc,0xde,0x9a,0xd6,0xeb,0x5a,0x03,0x21,0x86,0x31,
    0x65,0x31,0x85,0x31,0x86,0x31,0x45,0x29,0x65,0x29,0x65,0x31,0x65,0x29,0x85,0x31,
    0x86,0x31,0x65,0x29,0x65,0x29,0xa6,0x31,0xa6,0x39,0xa6,0x31,0xa6,0x31,0x86,0x31,
    0x86,0x31,0x65,0x31,0x85,0x31,0x86,0x31,0xa6,0x31,0x86,0x31,0xa6,0x31,0xa6,0x31,
    0x86,0x31,0x85,0x31,0xa6,0x31,0xa6,0x31,0xa6,0x31,0xa6,0x31,0xa6,0x31,0x86,0x31,
    0xc6,0x39,0xa6,0x31,0xa6,0x31,0x85,0x31,0x65,0x29,0x86,0x31,0xa6,0x31,0xa6,0x31,
    0x86,0x31,0xa6,0x31,0xa6,0x31,0xa6,0x31,0xa6,0x31,0xa6,0x31,0x85,0x31,0x65,0x29,
    0x86,0x31,0xa6,0x31,0x86,0x31,0x85,0x31,0x86,0x31,0xa6,0x31,0xa6,0x31,0xa6,0x31,
    0x86,0x31,0xa6,0x31,0xa6,0x31,0xa6,0x31,0x85,0x31,0x65,0x29,0x65,0x29,0x85,0x31,
    0x86,0x31,0x86,0x31,0x86,0x31,0xc6,0x39,0xc6,0x39,0xa6,0x31,0xc7,0x39,0xa6,0x31,
    0x86,0x31,0xe7,0x39,0x08,0x42,0xa6,0x31,0x66,0x29,0xc7,0x31,0xa6,0x31,0xc7,0x39,
    0x85,0x31,0x85,0x31,0xa6,0x31,0x85,0x31,0x85,0x31,0x85,0x31,0x85,0x31,0x65,0x31,
    0x65,0x29,0x65,0x29,0x65,0x29,0x65,0x31,0x85,0x31,0x85,0x31,0x85,0x31,0x85,0x31,
    0x65,0x29,0x44,0x29,0x24,0x29,0x24,0x21,0x24,0x21,0x65,0x29,0x85,0x31,0x85,0x31,
    0x85,0x31,0x85,0x31,0x65,0x29,0x44,0x29,0x65,0x29,0x65,0x29,0x65,0x29,0x65,0x31,
    0x65,0x29,0x65,0x31,0x85,0x31,0x85,0x31,0x65,0x29,0x65,0x29,0x65,0x29,0x44,0x29,
    0x44,0x29,0x44,0x29,0x44,0x29,0x44,0x29,0x44,0x29,0x65,0x29,0x65,0x29,0x85,0x31,
    0x65,0x29,0x44,0x29,0x44,0x29,0x65,0x29,0x44,0x29,0x44,0x29,0x44,0x29,0x44,0x29,
    0x44,0x29,0x44,0x29,0x44,0x29,0x44,0x29,0x44,0x29,0x44,0x29,0x44,0x29,0x24,0x29,
    0x24,0x29,0x24,0x29,0x24,0x29,0x24,0x29,0x24,0x29,0x24,0x29,0x24,0x21,0x24,0x29,
    0x24,0x29,0x24,0x21,0x24,0x21,0x24,0x21,0x24,0x21,0x24,0x29,0x03,0x29,0xa4,0x41,
    0x2a,0x73,0xd1,0xa4,0x37,0xce,0xda,0xde,0x1c,0xe7,0x3c,0xe7,0x9e,0xf7,0x7d,0xef,
    0x5d,0xef,0x5d,0xef,0x5c,0xef,0x5b,0xe7,0x3b,0xe7,0x1a,0xef,0x53,0xde,0x27,0xac,
    0x6a,0xb4,0x56,0xe6,0xd9,0xe6,0xf9,0xee,0x70,0xcd,0xe8,0xab,0xc6,0xab,0x85,0xab,
    0x65,0x9b,0x84,0xa3,0xa5,0xa3,0xa5,0xab,0x84,0xa3,0xc5,0xab,0xa5,0xab,0xa5,0xab,
    0xa5,0xab,0x85,0xab,0x85,0xab,0x85,0xab,0x85,0xab,0x65,0xa3,0x85,0xab,0x65,0xa3,
    0x44,0xa3,0x65,0xa3,0x65,0xa3,0x44,0xa3,0x24,0x9b,0x45,0xa3,0x24,0x9b,0x45,0x9b,
    0x45,0xa3,0x44,0x9b,0x65,0xa3,0x65,0xa3,0x65,0xa3,0x44,0x9b,0x44,0x9b,0x65,0xa3,
    0x64,0xa3,0x85,0xa3,0x85,0xab,0x85,0xa3,0x65,0xa3,0x24,0x9b,0x24,0x9b,0x65,0xa3,
    0x04,0x93,0x24,0x93,0x45,0x9b,0x25,0x9b,0xe4,0x92,0x05,0x93,0x05,0x93,0xe5,0x92,
    0x25,0x93,0xa4,0x82,0xc5,0x82,0x67,0x93,0xa5,0x7a,0x43,0x72,0xe6,0x82,0x44,0x6a,
    0xc4,0x59,0xc3,0x51,0xa6,0x72,0xcb,0x93,0xb0,0xb4,0x54,0xbd,0xf6,0xc5,0x79,0xce,
    0xda,0xde,0xfc,0xde,0xfc,0xe6,0x1c,0xe7,0x1c,0xe7,0x1c,0xe7,0xdc,0xde,0xdc,0xde,
    0xf3,0x9c,0x24,0x21,0x44,0x29,0xa6,0x31,0x85,0x31,0x65,0x29,0x65,0x31,0x45,0x29,
    0x65,0x29,0x85,0x31,0x65,0x31,0x65,0x31,0x86,0x31,0x86,0x31,0xa6,0x31,0xa6,0x31,
    0x85,0x31,0x85,0x31,0x85,0x31,0x86,0x31,0xc6,0x39,0xc6,0x39,0xa6,0x31,0x86,0x31,
    0xa6,0x31,0xa6,0x31,0xc7,0x39,0xc7,0x39,0x86,0x31,0x65,0x29,0x86,0x31,0xa6,0x31,
    0xa6,0x31,0x85,0x31,0x86,0x31,0x65,0x29,0x86,0x31,0x86,0x31,0x86,0x31,0x85,0x31,
    0x85,0x31,0xa6,0x31,0xc6,0x39,0xa6,0x31,0xa6,0x31,0xa6,0x31,0xa6,0x31,0xa6,0x31,
    0xa6,0x31,0xc6,0x39,0xa6,0x31,0xa6,0x31,0x86,0x31,0x86,0x31,0x85,0x31,0x85,0x31,
    0xa6,0x31,0xa6,0x31,0x86,0x31,0xa6,0x31,0xa6,0x31,0xa6,0x31,0xa6,0x31,0x86,0x31,
    0x85,0x31,0xa6,0x31,0xa6,0x31,0xa6,0x31,0x86,0x31,0x86,0x31,0x86,0x31,0xa6,0x31,
    0xc7,0x39,0xa6,0x31,0xa6,0x31,0x86,0x31,0x86,0x31,0xc7,0x39,0x28,0x42,0xc7,0x31,
    0x66,0x29,0xa6,0x31,0x86,0x31,0xa6,0x31,0x65,0x31,0x86,0x31,0xa6,0x39,0xa6,0x31,
    0x85,0x31,0x85,0x31,0x65,0x31,0x85,0x31,0x85,0x31,0x65,0x31,0x65,0x29,0x65,0x31,
    0x85,0x31,0x85,0x31,0x85,0x31,0x85,0x31,0x85,0x31,0x65,0x29,0x44,0x29,0x24,0x21,
    0x24,0x21,0x44,0x29,0x65,0x31,0x85,0x31,0x85,0x31,0x85,0x31,0x65,0x31,0x44,0x29,
    0x65,0x29,0x65,0x29,0x85,0x31,0x85,0x31,0x65,0x29,0x85,0x31,0x85,0x31,0x85,0x31,
    0x65,0x29,0x65,0x29,0x44,0x29,0x44,0x29,0x44,0x29,0x44,0x29,0x44,0x29,0x44,0x29,
    0x65,0x29,0x65,0x29,0x65,0x29,0x65,0x29,0x44,0x29,0x44,0x29,0x44,0x29,0x44,0x29,
    0x44,0x29,0x65,0x29,0x44,0x29,0x44,0x29,0x44,0x29,0x44,0x29,0x44,0x29,0x44,0x29,
    0x44,0x29,0x44,0x29,0x44,0x29,0x24,0x29,0x24,0x29,0x24,0x29,0x24,0x29,0x24,0x21,
    0x24,0x21,0x24,0x21,0x24,0x21,0x24,0x21,0x24,0x29,0x24,0x21,0x24,0x21,0x24,0x21,
    0x24,0x21,0x44,0x29,0x24,0x29,0x23,0x29,0x47,0x52,0xed,0x8b,0x74,0xbd,0x9a,0xde,
    0xfb,0xe6,0x3c,0xe7,0x7d,0xef,0x9e,0xf7,0x7d,0xef,0x5d,0xef,0x5d,0xef,0x5d,0xef,
    0x5c,0xef,0x1c,0xe7,0xf8,0xee,0x8e,0xcd,0xc6,0xa3,0x2e,0xc5,0x97,0xde,0xf9,0xe6,
    0xb8,0xee,0xad,0xbc,0xc7,0xa3,0xe6,0xb3,0xe6,0xab,0xc5,0xab,0xa5,0xab,0xc5,0xab,
    0xa5,0xab,0x84,0xab,0x85,0xab,0x85,0xa3,0x85,0xab,0x85,0xa3,0xa5,0xab,0x85,0xa3,
    0x44,0xa3,0x04,0x9b,0x04,0x9b,0x65,0xab,0x65,0xa3,0x65,0xa3,0x45,0xa3,0x45,0xa3,
    0x24,0x9b,0x45,0xa3,0x24,0x9b,0x24,0x9b,0x45,0xa3,0x65,0xa3,0x24,0x9b,0x24,0x9b,
    0x45,0xa3,0x45,0x9b,0x45,0xa3,0x44,0x9b,0x24,0x9b,0x65,0xa3,0x85,0xa3,0x65,0xa3,
    0x45,0xa3,0x65,0xa3,0x65,0xa3,0x65,0xa3,0x44,0x9b,0x24,0x9b,0x45,0x9b,0x45,0x9b,
    0x05,0x93,0xc5,0x8a,0x64,0x7a,0x02,0x6a,0x25,0x93,0x25,0x93,0x26,0x8b,0x06,0x8b,
    0x02,0x6a,0xc2,0x59,0x65,0x72,0x82,0x51,0xe3,0x59,0xe7,0x7a,0x8a,0x8b,0x8f,0xac,
    0x53,0xbd,0xd6,0xc5,0x59,0xce,0xbb,0xd6,0xfb,0xde,0x1c,0xe7,0x1c,0xe7,0x1c,0xe7,
    0xfc,0xe6,0xfc,0xde,0xbb,0xde,0x7a,0xce,0xaa,0x52,0xc2,0x10,0x86,0x31,0x65,0x31,
    0x85,0x31,0x85,0x31,0x85,0x31,0x86,0x31,0x86,0x31,0xa6,0x31,0x86,0x31,0x85,0x31,
    0x85,0x31,0x65,0x29,0x85,0x31,0x86,0x31,0x85,0x31,0x85,0x31,0x85,0x31,0x85,0x31,
    0xa6,0x31,0xc6,0x39,0xa6,0x31,0xa6,0x31,0xa6,0x31,0xa6,0x31,0xe7,0x39,0xc7,0x39,
    0x85,0x31,0x65,0x29,0xa6,0x31,0xc6,0x39,0xa6,0x31,0x85,0x31,0x85,0x31,0x65,0x29,
    0x85,0x31,0x86,0x31,0xa6,0x31,0x86,0x31,0x86,0x31,0xa6,0x31,0xa6,0x31,0xa6,0x31,
    0xa6,0x31,0x85,0x31,0x85,0x31,0x86,0x31,0x65,0x29,0xa6,0x31,0xa6,0x31,0x85,0x31,
    0x86,0x31,0xa6,0x31,0x86,0x31,0xa6,0x31,0x86,0x31,0x85,0x31,0x85,0x31,0xa6,0x31,
    0xa6,0x31,0xa6,0x31,0xa6,0x31,0x86,0x31,0x86,0x31,0xa6,0x31,0xa6,0x31,0xa6,0x31,
    0xa6,0x31,0xa6,0x31,0xa6,0x31,0x86,0x31,0x86,0x31,0xa6,0x31,0xc6,0x39,0xa6,0x31,
    0xa6,0x31,0xc7,0x39,0x28,0x42,0xe8,0x39,0x86,0x31,0xa6,0x31,0xa7,0x39,0xe7,0x39,
    0x65,0x31,0x86,0x31,0xa6,0x39,0x86,0x39,0x86,0x39,0x86,0x39,0x85,0x31,0x85,0x31,
    0x65,0x31,0x65,0x31,0x65,0x29,0x44,0x29,0x65,0x29,0x65,0x29,0x65,0x31,0x85,0x31,
    0x85,0x31,0x65,0x29,0x44,0x29,0x24,0x29,0x24,0x29,0x44,0x29,0x65,0x29,0x85,0x31,
    0x85,0x31,0x85,0x31,0x85,0x31,0x65,0x29,0x44,0x29,0x44,0x29,0x85,0x31,0x85,0x31,
    0x85,0x31,0x85,0x31,0x65,0x29,0x65,0x29,0x65,0x29,0x65,0x29,0x44,0x29,0x44,0x29,
    0x65,0x29,0x44,0x29,0x44,0x29,0x44,0x29,0x44,0x29,0x65,0x29,0x65,0x29,0x44,0x29,
    0x44,0x29,0x44,0x29,0x44,0x29,0x44,0x29,0x44,0x29,0x44,0x29,0x44,0x29,0x44,0x29,
    0x44,0x29,0x44,0x29,0x44,0x29,0x44,0x29,0x44,0x29,0x44,0x29,0x44,0x29,0x44,0x29,
    0x24,0x29,0x24,0x29,0x24,0x29,0x24,0x21,0x24,0x21,0x24,0x21,0x24,0x21,0x24,0x21,
    0x24,0x21,0x24,0x21,0x24,0x21,0x24,0x21,0x24,0x21,0x24,0x21,0x24,0x29,0x03,0x21,
    0xa5,0x41,0x0a,0x6b,0x90,0x9c,0x17,0xce,0xba,0xde,0x1c,0xe7,0x5c,0xef,0x9e,0xf7,
    0x9e,0xf7,0x7d,0xef,0x5d,0xef,0x5e,0xef,0x5d,0xef,0x5c,0xe7,0x3b,0xef,0xd7,0xee,
    0xeb,0xbc,0xc6,0x9b,0x90,0xd5,0x97,0xe6,0xb9,0xe6,0x14,0xde,0x29,0xac,0xa4,0xa3,
    0xc5,0xab,0xc6,0xb3,0xc6,0xb3,0xa5,0xab,0xa4,0xab,0x84,0xa3,0x85,0xa3,0x64,0xa3,
    0x65,0xa3,0x44,0xa3,0x64,0xa3,0x44,0xa3,0x44,0xa3,0x24,0x9b,0x04,0x9b,0x64,0xa3,
    0x65,0xa3,0x45,0xa3,0x24,0xa3,0x45,0xa3,0x45,0xa3,0x24,0xa3,0x24,0x9b,0x44,0xa3,
    0x44,0xa3,0x24,0x9b,0xe3,0x92,0x04,0x93,0x45,0xa3,0x45,0xa3,0x45,0xa3,0x44,0x9b,
    0x24,0x9b,0x45,0xa3,0x44,0x9b,0x65,0xa3,0x65,0xa3,0x65,0xa3,0x44,0x9b,0x44,0x9b,
    0x65,0xa3,0x45,0x9b,0x45,0x9b,0x45,0x9b,0xe4,0x92,0xe5,0x8a,0xa4,0x7a,0x23,0x6a,
    0x86,0x9b,0x66,0x9b,0x22,0x72,0x03,0x62,0x06,0x8b,0x44,0x6a,0x24,0x6a,0xe3,0x59,
    0x85,0x72,0xaa,0x93,0x8f,0xac,0x53,0xbd,0xd5,0xbd,0x38,0xce,0x9a,0xd6,0xdb,0xde,
    0x1c,0xdf,0x1c,0xe7,0x1c,0xdf,0xfc,0xde,0xfc,0xe6,0xdb,0xde,0xbb,0xd6,0xb2,0x94,
    0x24,0x21,0x44,0x29,0x65,0x29,0x65,0x29,0x65,0x31,0x85,0x31,0x85,0x31,0xa6,0x31,
    0xa6,0x39,0xa6,0x31,0xa6,0x31,0xa6,0x31,0x85,0x31,0x85,0x31,0x86,0x31,0x86,0x31,
    0x85,0x31,0x86,0x31,0x86,0x31,0x86,0x31,0x86,0x31,0xa6,0x31,0x86,0x31,0xa6,0x31,
    0xa6,0x31,0xa6,0x31,0xe7,0x39,0xc6,0x39,0x85,0x31,0x65,0x29,0x86,0x31,0xa6,0x31,
    0xa6,0x31,0xa6,0x31,0x86,0x31,0x65,0x29,0x65,0x29,0x86,0x31,0xa6,0x31,0x86,0x31,
    0x86,0x31,0x86,0x31,0x86,0x31,0xa6,0x31,0xc7,0x39,0xc7,0x39,0x85,0x31,0x85,0x31,
    0x45,0x29,0x65,0x29,0x85,0x31,0x85,0x31,0xa6,0x31,0xa6,0x31,0x86,0x31,0xc7,0x39,
    0xc6,0x39,0xa6,0x31,0xa6,0x31,0xa6,0x31,0x86,0x31,0xa6,0x31,0xa6,0x31,0xa6,0x31,
    0xa6,0x31,0xc6,0x39,0xa6,0x31,0x85,0x31,0x86,0x31,0x86,0x31,0x85,0x31,0x86,0x31,
    0xa6,0x31,0x85,0x31,0xa6,0x31,0xe7,0x39,0xc7,0x39,0xa6,0x39,0xc7,0x39,0xe7,0x39,
    0xa6,0x31,0x65,0x31,0x86,0x31,0xc7,0x39,0x65,0x31,0x85,0x31,0xa6,0x39,0x85,0x31,
    0x85,0x31,0x85,0x31,0x85,0x31,0x85,0x31,0x65,0x31,0x44,0x29,0x65,0x31,0x65,0x29,
    0x65,0x29,0x85,0x31,0x85,0x31,0x85,0x31,0x85,0x31,0x65,0x29,0x44,0x29,0x24,0x21,
    0x24,0x21,0x24,0x21,0x65,0x31,0x85,0x31,0x65,0x29,0x65,0x29,0x65,0x31,0x65,0x29,
    0x44,0x29,0x44,0x29,0x85,0x31,0xc6,0x39,0xa6,0x31,0x85,0x31,0x65,0x29,0x44,0x29,
    0x65,0x29,0x65,0x29,0x44,0x29,0x44,0x29,0x65,0x29,0x44,0x29,0x44,0x29,0x44,0x29,
    0x44,0x29,0x44,0x29,0x44,0x29,0x44,0x29,0x44,0x29,0x44,0x29,0x44,0x29,0x65,0x29,
    0x65,0x29,0x44,0x29,0x44,0x29,0x44,0x29,0x44,0x29,0x44,0x29,0x44,0x29,0x44,0x29,
    0x44,0x29,0x44,0x29,0x44,0x29,0x24,0x29,0x24,0x29,0x24,0x29,0x24,0x29,0x24,0x21,
    0x24,0x21,0x24,0x21,0x24,0x21,0x24,0x21,0x24,0x21,0x24,0x21,0x24,0x21,0x24,0x21,
    0x24,0x21,0x24,0x21,0x24,0x21,0x03,0x21,0x23,0x29,0x26,0x52,0xac,0x83,0x54,0xb5,
    0x79,0xd6,0xfb,0xde,0x1c,0xdf,0x7d,0xef,0x9e,0xf7,0x9d,0xf7,0x7d,0xef,0x7d,0xef,
    0x7d,0xef,0x7d,0xef,0x5d,0xef,0x3a,0xef,0xb5,0xe6,0x69,0xac,0xa7,0xa3,0xb2,0xd5,
    0x56,0xe6,0x14,0xde,0x4e,0xc5,0x07,0xac,0xe6,0xb3,0xa6,0xab,0xa6,0xab,0x84,0xa3,
    0xa5,0xa3,0x85,0xa3,0x84,0xa3,0x85,0xa3,0x64,0xa3,0x65,0xa3,0x85,0xab,0x65,0xab,
    0x65,0xab,0x84,0xa3,0x64,0xa3,0x44,0xa3,0x44,0xa3,0x24,0x9b,0x24,0x9b,0x25,0xa3,
    0x25,0xa3,0x24,0xa3,0x44,0xa3,0x65,0xa3,0x85,0xab,0x45,0x9b,0x04,0x93,0x24,0x9b,
    0x65,0xa3,0x45,0xa3,0x45,0xa3,0x45,0x9b,0x24,0x9b,0x25,0x9b,0x24,0x9b,0x24,0x9b,
    0x25,0x9b,0x65,0xa3,0x45,0x9b,0x24,0x9b,0x65,0x9b,0x45,0x9b,0x45,0x9b,0x45,0x9b,
    0x25,0x9b,0x04,0x93,0x25,0x93,0x26,0x93,0xc7,0xab,0xe7,0xab,0x84,0x7a,0x64,0x72,
    0xe5,0x82,0xc2,0x61,0xc2,0x59,0x85,0x72,0x8a,0x93,0x6e,0xa4,0x73,0xbd,0xd6,0xc5,
    0x38,0xce,0xba,0xd6,0xdb,0xde,0xfc,0xde,0x1c,0xe7,0x1c,0xe7,0xfc,0xde,0xfc,0xde,
    0xdc,0xde,0xdb,0xde,0x18,0xc6,0x08,0x42,0x03,0x21,0x44,0x29,0x44,0x29,0x44,0x29,
    0x45,0x29,0x65,0x29,0x65,0x31,0x65,0x31,0x86,0x31,0xa6,0x39,0xa6,0x31,0xc6,0x39,
    0x86,0x31,0x86,0x31,0xc6,0x39,0xa6,0x31,0x85,0x31,0x85,0x31,0x86,0x31,0x86,0x31,
    0x86,0x31,0xa6,0x31,0x86,0x31,0x86,0x31,0xa6,0x31,0xc7,0x39,0xe7,0x39,0xa6,0x31,
    0x85,0x31,0x65,0x29,0x65,0x29,0x65,0x29,0xa6,0x31,0xe7,0x39,0xc7,0x39,0x86,0x31,
    0x85,0x31,0xa6,0x31,0xa6,0x31,0x85,0x31,0x86,0x31,0xa6,0x31,0x65,0x29,0xc6,0x39,
    0x48,0x4a,0x48,0x4a,0xa6,0x31,0x85,0x31,0x65,0x31,0x65,0x29,0x85,0x31,0xa6,0x31,
    0xa6,0x31,0xa6,0x31,0x86,0x31,0xe7,0x39,0x07,0x42,0xc6,0x39,0xa6,0x31,0x86,0x31,
    0x85,0x31,0x86,0x31,0xa6,0x31,0x86,0x31,0xa6,0x31,0xa6,0x31,0xc6,0x39,0xa6,0x31,
    0x86,0x31,0xa6,0x31,0xa6,0x31,0xa6,0x31,0xa6,0x31,0xa6,0x31,0xa6,0x31,0xa6,0x31,
    0xc7,0x39,0xa6,0x31,0xa6,0x31,0xc7,0x39,0xe7,0x39,0xa6,0x31,0x86,0x31,0xa6,0x31,
    0x65,0x31,0x85,0x31,0x86,0x31,0x85,0x31,0x85,0x31,0x65,0x31,0x85,0x31,0x85,0x31,
    0x85,0x31,0x65,0x31,0x65,0x29,0x65,0x31,0x85,0x31,0x85,0x31,0x65,0x29,0x85,0x31,
    0x85,0x31,0x65,0x29,0x44,0x29,0x44,0x29,0x24,0x29,0x24,0x21,0x65,0x29,0x85,0x31,
    0x65,0x29,0x65,0x29,0x44,0x29,0x65,0x29,0x65,0x29,0x85,0x31,0x85,0x31,0xa6,0x31,
    0x65,0x29,0x44,0x29,0x44,0x29,0x44,0x29,0x65,0x29,0x65,0x31,0x44,0x29,0x44,0x29,
    0x44,0x29,0x44,0x29,0x44,0x29,0x44,0x29,0x44,0x29,0x44,0x29,0x44,0x29,0x44,0x29,
    0x44,0x29,0x44,0x29,0x44,0x29,0x65,0x29,0x44,0x29,0x44,0x29,0x44,0x29,0x44,0x29,
    0x44,0x29,0x44,0x29,0x44,0x29,0x44,0x29,0x44,0x29,0x44,0x29,0x44,0x29,0x24,0x29,
    0x24,0x29,0x24,0x29,0x24,0x29,0x24,0x21,0x24,0x21,0x24,0x21,0x24,0x21,0x24,0x21,
    0x24,0x21,0x24,0x21,0x24,0x21,0x24,0x21,0x24,0x21,0x24,0x21,0x24,0x21,0x24,0x21,
    0x03,0x21,0x84,0x39,0xc8,0x6a,0x6f,0x9c,0xd6,0xc5,0xba,0xde,0x1c,0xdf,0x3d,0xe7,
    0x7d,0xef,0x9e,0xf7,0x9e,0xf7,0x7d,0xef,0x7d,0xef,0x7d,0xef,0x5e,0xef,0x5d,0xe7,
    0x3a,0xef,0x53,0xe6,0x08,0xac,0xc7,0x9b,0xcc,0xbc,0xcc,0xbc,0xed,0xc4,0xcc,0xbc,
    0x08,0xac,0xc6,0xab,0xa5,0xab,0xa5,0xab,0xc6,0xab,0x86,0xab,0x85,0xa3,0x85,0xa3,
    0x44,0x9b,0x85,0xa3,0xc5,0xb3,0x85,0xab,0x85,0xab,0x85,0xab,0x64,0xa3,0x85,0xab,
    0x85,0xab,0x45,0xa3,0x45,0xa3,0x45,0xa3,0x25,0xa3,0x24,0xa3,0x45,0xa3,0x45,0xa3,
    0x65,0xa3,0x45,0xa3,0x24,0x9b,0x04,0x9b,0x24,0x9b,0x24,0x9b,0x24,0x9b,0x25,0x9b,
    0x04,0x9b,0x25,0x9b,0x24,0x9b,0x04,0x9b,0x24,0x9b,0x45,0x9b,0x45,0x9b,0x25,0x9b,
    0x45,0x9b,0x25,0x9b,0x45,0x9b,0x65,0xa3,0x65,0x9b,0x24,0x93,0x25,0x93,0x67,0x9b,
    0xa6,0xa3,0x66,0x9b,0x26,0x8b,0x68,0x93,0x47,0x93,0xe6,0x82,0x65,0x72,0x48,0x8b,
    0x4d,0xa4,0x32,0xb5,0xf6,0xc5,0x38,0xce,0x9a,0xd6,0xdb,0xde,0xfc,0xde,0x1c,0xe7,
    0x1c,0xe7,0x1c,0xe7,0xfc,0xe6,0xfc,0xde,0xbb,0xd6,0x7a,0xce,0xcf,0x7b,0x04,0x21,
    0x45,0x29,0x65,0x29,0x44,0x29,0x44,0x29,0x45,0x29,0x65,0x29,0x85,0x31,0x65,0x29,
    0x86,0x31,0xc6,0x39,0xa6,0x31,0xc7,0x39,0xc7,0x39,0x86,0x31,0xa6,0x31,0xa6,0x31,
    0x85,0x31,0x65,0x29,0x86,0x31,0x85,0x31,0x65,0x29,0x86,0x31,0xa6,0x31,0x86,0x31,
    0xa6,0x31,0xe7,0x39,0xc6,0x39,0x86,0x31,0x85,0x31,0x65,0x29,0x65,0x29,0x65,0x29,
    0x85,0x31,0xc7,0x39,0xc7,0x39,0xa6,0x31,0x86,0x31,0xc6,0x39,0xa6,0x31,0xa6,0x31,
    0xa6,0x31,0xa6,0x31,0xa6,0x31,0xa6,0x31,0xc6,0x39,0xc6,0x39,0x86,0x31,0x86,0x31,
    0x86,0x31,0x65,0x29,0x65,0x31,0xa6,0x31,0xc6,0x39,0xa6,0x31,0x86,0x31,0xa6,0x31,
    0xa6,0x31,0xc6,0x39,0xa6,0x31,0x86,0x31,0x85,0x31,0x85,0x31,0x86,0x31,0x86,0x31,
    0x86,0x31,0x85,0x31,0xa6,0x31,0xc6,0x39,0xa6,0x31,0xa6,0x31,0xa6,0x31,0xa6,0x31,
    0xa6,0x31,0xa6,0x31,0xa6,0x31,0xa6,0x31,0xa6,0x31,0xa6,0x31,0xa6,0x31,0xe7,0x39,
    0x28,0x42,0xc7,0x39,0x86,0x31,0xa6,0x31,0x65,0x31,0x85,0x31,0x85,0x31,0x65,0x31,
    0x85,0x31,0xa6,0x39,0xa6,0x39,0x85,0x31,0x85,0x31,0x85,0x31,0x65,0x29,0x65,0x29,
    0x65,0x31,0x65,0x29,0x65,0x29,0x85,0x31,0x85,0x31,0x65,0x31,0x44,0x29,0x44,0x29,
    0x44,0x29,0x24,0x21,0x44,0x29,0x65,0x29,0x85,0x31,0x44,0x29,0x44,0x29,0x65,0x29,
    0x85,0x31,0x85,0x31,0x65,0x29,0x44,0x29,0x44,0x29,0x65,0x29,0x44,0x29,0x44,0x29,
    0x85,0x31,0x85,0x31,0x65,0x29,0x44,0x29,0x44,0x29,0x44,0x29,0x44,0x29,0x44,0x29,
    0x44,0x29,0x44,0x29,0x44,0x29,0x44,0x29,0x44,0x29,0x44,0x29,0x65,0x29,0x65,0x31,
    0x44,0x29,0x44,0x29,0x44,0x29,0x44,0x29,0x44,0x29,0x44,0x29,0x44,0x29,0x44,0x29,
    0x44,0x29,0x24,0x29,0x24,0x29,0x24,0x29,0x24,0x29,0x24,0x29,0x24,0x29,0x24,0x21,
    0x24,0x21,0x24,0x21,0x24,0x21,0x24,0x21,0x24,0x21,0x24,0x21,0x24,0x21,0x24,0x21,
    0x24,0x21,0x24,0x21,0x24,0x21,0x24,0x21,0x24,0x21,0x03,0x29,0xe5,0x49,0x2a,0x7b,
    0xb1,0xa4,0x17,0xce,0xdb,0xde,0x1c,0xe7,0x3d,0xef,0x7e,0xf7,0x9e,0xf7,0x9e,0xef,
    0x7d,0xef,0x7d,0xef,0x7e,0xef,0x7e,0xef,0x3c,0xe7,0x39,0xef,0x53,0xe6,0x28,0xac,
    0x64,0x9b,0x85,0xa3,0x29,0xb4,0x50,0xcd,0x90,0xcd,0xec,0xbc,0xa5,0xa3,0x84,0xa3,
    0xa5,0xab,0xc6,0xb3,0x85,0xab,0x65,0xa3,0x44,0x9b,0xa5,0xa3,0xc5,0xab,0xa5,0xab,
    0xa5,0xab,0xa6,0xb3,0x65,0xab,0xa5,0xab,0xa6,0xab,0x65,0xa3,0x45,0xa3,0x44,0xa3,
    0x24,0x9b,0x24,0xa3,0x65,0xa3,0x65,0xa3,0x85,0xab,0x44,0xa3,0x45,0xa3,0x24,0x9b,
    0x45,0xa3,0x24,0x9b,0x04,0x9b,0x25,0x9b,0x25,0x9b,0x25,0x9b,0x25,0x9b,0x45,0xa3,
    0x45,0x9b,0x24,0x9b,0x04,0x9b,0x04,0x93,0x04,0x93,0xe4,0x92,0x04,0x93,0x45,0x9b,
    0x25,0x9b,0x25,0x93,0x26,0x93,0xc5,0x82,0xc4,0x82,0x46,0x93,0xa5,0x7a,0x64,0x72,
    0x25,0x8b,0xe5,0x82,0x68,0x93,0x4d,0xa4,0x32,0xbd,0xd5,0xc5,0x58,0xce,0x9a,0xd6,
    0xdb,0xde,0xfc,0xde,0xfc,0xde,0x1c,0xdf,0x1c,0xe7,0x1c,0xe7,0xfc,0xde,0xdb,0xde,
    0x9a,0xd6,0x14,0xa5,0x86,0x31,0x45,0x29,0x45,0x29,0x65,0x29,0x45,0x29,0x45,0x29,
    0x45,0x29,0x65,0x29,0x65,0x29,0x85,0x31,0x85,0x31,0xc6,0x39,0xa6,0x31,0xc6,0x39,
    0xc6,0x39,0xa6,0x31,0xc6,0x39,0xa6,0x31,0x86,0x31,0x86,0x31,0xa6,0x31,0x86,0x31,
    0x85,0x31,0xa6,0x31,0xa6,0x31,0x85,0x31,0xc6,0x39,0xe7,0x39,0xa6,0x31,0x86,0x31,
    0x86,0x31,0x85,0x31,0x65,0x29,0x65,0x29,0x86,0x31,0xa6,0x31,0xa6,0x31,0x86,0x31,
    0x85,0x31,0xa6,0x31,0x86,0x31,0x86,0x31,0xa6,0x31,0xa6,0x31,0xc7,0x39,0x86,0x31,
    0x65,0x29,0x86,0x31,0x86,0x31,0x85,0x31,0xa6,0x31,0x65,0x31,0x65,0x29,0xa6,0x39,
    0xa6,0x31,0xa6,0x31,0xa6,0x31,0xa6,0x31,0xa6,0x31,0xa6,0x31,0xa6,0x31,0xa6,0x31,
    0x85,0x31,0x85,0x31,0xa6,0x31,0xa6,0x31,0xa6,0x31,0xa6,0x31,0xa6,0x31,0xa6,0x31,
    0xc6,0x39,0xc6,0x39,0xa6,0x31,0xa6,0x31,0xc7,0x39,0xa6,0x31,0x85,0x31,0x86,0x31,
    0xa6,0x31,0xa6,0x31,0xa6,0x31,0xc7,0x39,0x28,0x42,0xc7,0x39,0xa6,0x31,0xa6,0x31,
    0x85,0x31,0x85,0x31,0x85,0x31,0x85,0x31,0x65,0x31,0x86,0x31,0xa6,0x39,0x85,0x31,
    0x65,0x31,0x65,0x31,0x65,0x31,0x65,0x31,0x65,0x29,0x65,0x29,0x65,0x29,0x85,0x31,
    0x85,0x31,0x65,0x29,0x44,0x29,0x44,0x29,0x44,0x29,0x24,0x29,0x24,0x29,0x65,0x31,
    0x65,0x29,0x44,0x29,0x65,0x29,0x85,0x31,0xa6,0x31,0x65,0x31,0x44,0x29,0x24,0x29,
    0x65,0x29,0x65,0x29,0x65,0x29,0x65,0x29,0x85,0x31,0x85,0x31,0x65,0x29,0x44,0x29,
    0x44,0x29,0x44,0x29,0x44,0x29,0x44,0x29,0x44,0x29,0x44,0x29,0x44,0x29,0x44,0x29,
    0x44,0x29,0x44,0x29,0x65,0x29,0x65,0x29,0x44,0x29,0x44,0x29,0x44,0x29,0x44,0x29,
    0x44,0x29,0x44,0x29,0x44,0x29,0x44,0x29,0x44,0x29,0x24,0x21,0x24,0x21,0x24,0x29,
    0x44,0x29,0x44,0x29,0x44,0x29,0x44,0x29,0x24,0x29,0x24,0x21,0x24,0x29,0x24,0x21,
    0x24,0x21,0x24,0x21,0x24,0x21,0x24,0x21,0x24,0x21,0x24,0x21,0x24,0x21,0x24,0x21,
    0x24,0x21,0x03,0x21,0x43,0x31,0x67,0x5a,0xac,0x83,0x53,0xb5,0x79,0xd6,0xdb,0xde,
    0x1c,0xe7,0x5d,0xef,0x9e,0xf7,0xbe,0xf7,0x7e,0xef,0x7e,0xef,0x7d,0xef,0x5d,0xef,
    0x5d,0xef,0x3c,0xe7,0x3a,0xef,0x33,0xde,0x08,0xac,0x64,0x9b,0x69,0xc4,0x70,0xd5,
    0xd3,0xd5,0x14,0xde,0x4f,0xc5,0xe7,0xa3,0xa5,0xa3,0xc5,0xab,0xa5,0xab,0x85,0xab,
    0x65,0xa3,0xa6,0xab,0x85,0xa3,0x84,0xa3,0xa5,0xab,0x85,0xab,0x64,0xab,0x85,0xab,
    0x85,0xab,0x65,0xa3,0x65,0xab,0x44,0xa3,0x44,0xa3,0x64,0xa3,0x44,0xa3,0x44,0xa3,
    0x85,0xab,0x65,0xa3,0x24,0x9b,0x24,0x9b,0x44,0xa3,0x24,0x9b,0x24,0x9b,0x45,0xa3,
    0x24,0x9b,0x25,0x9b,0x45,0x9b,0x24,0x9b,0x24,0x9b,0x04,0x9b,0x05,0x9b,0xe4,0x92,
    0x05,0x93,0xe4,0x92,0xe4,0x8a,0x45,0x9b,0x45,0x9b,0x46,0x9b,0x05,0x8b,0xc6,0x82,
    0xa4,0x7a,0x87,0x9b,0x64,0x72,0x81,0x59,0xe5,0x82,0xa9,0x93,0xae,0xac,0x52,0xbd,
    0xf6,0xc5,0x58,0xce,0x9a,0xd6,0xdc,0xde,0xfc,0xe6,0x1c,0xe7,0x1c,0xe7,0x1c,0xdf,
    0x1c,0xe7,0xfc,0xde,0xdb,0xde,0x9a,0xd6,0xd7,0xbd,0x8a,0x52,0x04,0x21,0x65,0x29,
    0x45,0x29,0x44,0x29,0x65,0x29,0x45,0x29,0x44,0x29,0x45,0x29,0x65,0x31,0x86,0x31,
    0x85,0x31,0xc6,0x39,0xc6,0x39,0xa6,0x31,0xa6,0x31,0xc6,0x39,0xa6,0x31,0x85,0x31,
    0x86,0x31,0xa6,0x31,0xa6,0x31,0xa6,0x31,0x86,0x31,0xa6,0x31,0x86,0x31,0x85,0x31,
    0xc6,0x39,0xe7,0x39,0xa6,0x31,0x86,0x31,0x86,0x31,0x85,0x31,0x86,0x31,0xa6,0x31,
    0xa6,0x31,0xa6,0x31,0x86,0x31,0x85,0x31,0x65,0x29,0x86,0x31,0x85,0x31,0xa6,0x31,
    0xa6,0x31,0x86,0x31,0x86,0x31,0x85,0x31,0x85,0x31,0xa6,0x31,0xa6,0x31,0xa6,0x31,
    0xc6,0x39,0x85,0x31,0x85,0x31,0xa6,0x31,0xa6,0x31,0x86,0x31,0x86,0x31,0xa6,0x31,
    0xa6,0x31,0x85,0x31,0x86,0x31,0xa6,0x31,0x86,0x31,0x85,0x31,0x86,0x31,0xa6,0x31,
    0xc6,0x39,0xa6,0x31,0xa6,0x31,0xa6,0x31,0xc7,0x39,0xc7,0x39,0xa6,0x31,0xa6,0x31,
    0xa6,0x31,0x86,0x31,0xa6,0x31,0xc7,0x39,0xa6,0x31,0xc7,0x39,0xe7,0x39,0xc7,0x39,
    0x08,0x42,0xc7,0x39,0xc6,0x39,0xa6,0x31,0x85,0x31,0x85,0x31,0x85,0x31,0x86,0x31,
    0xa6,0x39,0x85,0x31,0x65,0x31,0x65,0x31,0x65,0x31,0x85,0x31,0x85,0x31,0x65,0x31,
    0x65,0x29,0x65,0x29,0x44,0x29,0x65,0x29,0x65,0x29,0x44,0x29,0x44,0x29,0x44,0x29,
    0x44,0x29,0x44,0x29,0x44,0x29,0x85,0x31,0x65,0x29,0x85,0x31,0x85,0x31,0xa6,0x39,
    0xa6,0x39,0x65,0x29,0x44,0x29,0x44,0x29,0x44,0x29,0x44,0x29,0x44,0x29,0x65,0x29,
    0x65,0x29,0x65,0x29,0x65,0x29,0x44,0x29,0x44,0x29,0x44,0x29,0x44,0x29,0x44,0x29,
    0x44,0x29,0x44,0x29,0x44,0x29,0x44,0x29,0x44,0x29,0x44,0x29,0x44,0x29,0x65,0x29,
    0x65,0x29,0x44,0x29,0x44,0x29,0x44,0x29,0x24,0x29,0x44,0x29,0x44,0x29,0x44,0x29,
    0x44,0x29,0x24,0x21,0x24,0x21,0x24,0x21,0x44,0x29,0x44,0x29,0x44,0x29,0x44,0x29,
    0x24,0x29,0x24,0x29,0x44,0x29,0x24,0x29,0x24,0x21,0x24,0x21,0x24,0x21,0x24,0x21,
    0x24,0x21,0x24,0x21,0x24,0x21,0x24,0x21,0x24,0x21,0x24,0x21,0x03,0x21,0xa4,0x39,
    0xa9,0x62,0x2f,0x94,0x95,0xbd,0x9a,0xd6,0xfc,0xde,0x3d,0xe7,0x7d,0xef,0x9e,0xf7,
    0x9e,0xf7,0x9e,0xef,0x7d,0xef,0x7d,0xef,0x5d,0xef,0x5d,0xe7,0x3c,0xe7,0x1a,0xef,
    0x55,0xde,0x8a,0xb4,0x85,0x9b,0xcc,0xc4,0x50,0xd5,0xb3,0xcd,0x55,0xde,0xf2,0xd5,
    0x6a,0xb4,0xe7,0xa3,0xa5,0xa3,0xe6,0xb3,0xa5,0xb3,0x84,0xab,0x64,0xa3,0x85,0xa3,
    0xc5,0xab,0xa5,0xab,0x64,0xa3,0xa5,0xab,0x84,0xab,0x85,0xab,0x85,0xab,0x44,0xa3,
    0x64,0xa3,0xa5,0xab,0x85,0xab,0x64,0xa3,0x85,0xab,0x85,0xab,0x64,0xa3,0x64,0xa3,
    0x65,0xa3,0x24,0xa3,0x44,0xa3,0x65,0xa3,0x24,0xa3,0x65,0xa3,0x65,0xa3,0x44,0x9b,
    0x24,0x9b,0x04,0x9b,0x05,0x93,0x04,0x93,0x25,0x9b,0x05,0x93,0x25,0x9b,0xe7,0xab,
    0x86,0xa3,0xc4,0x92,0x26,0x93,0x26,0x93,0xc5,0x82,0xc4,0x82,0xa4,0x7a,0xe6,0x82,
    0xa9,0x93,0xaf,0xac,0x93,0xbd,0xf6,0xc5,0x58,0xce,0xba,0xd6,0xfc,0xde,0xfc,0xe6,
    0x1c,0xe7,0xfc,0xe6,0x1c,0xe7,0x1c,0xdf,0xfb,0xde,0xfc,0xde,0x9a,0xd6,0x59,0xce,
    0x6d,0x6b,0x04,0x21,0x44,0x29,0x44,0x29,0x44,0x29,0x45,0x29,0x65,0x29,0x45,0x29,
    0x45,0x29,0x65,0x29,0x86,0x31,0xa6,0x31,0x85,0x31,0x86,0x31,0x86,0x31,0xc6,0x39,
    0xa6,0x31,0x86,0x31,0xa6,0x31,0x86,0x31,0x85,0x31,0x86,0x31,0xa6,0x31,0xa6,0x31,
    0xa6,0x31,0xa6,0x31,0x85,0x31,0x65,0x29,0x85,0x31,0xa6,0x31,0xc7,0x39,0x86,0x31,
    0x86,0x31,0xa6,0x31,0xc6,0x39,0xc6,0x39,0xa6,0x31,0xa6,0x31,0x85,0x31,0x86,0x31,
    0x86,0x31,0xa6,0x31,0xa6,0x31,0xa6,0x31,0xa6,0x31,0x86,0x31,0xa6,0x31,0x86,0x31,
    0xa6,0x31,0xa6,0x31,0xa6,0x31,0xa6,0x31,0xa6,0x31,0x65,0x29,0x65,0x31,0x86,0x31,
    0x86,0x31,0x86,0x31,0xa6,0x31,0xa6,0x31,0x85,0x31,0x86,0x31,0x86,0x31,0xa6,0x31,
    0xa6,0x31,0x86,0x31,0x85,0x31,0x85,0x31,0xa6,0x31,0xa6,0x31,0x86,0x31,0xa6,0x31,
    0xc6,0x39,0xa6,0x31,0xa6,0x31,0xa6,0x31,0xa6,0x31,0x86,0x31,0xa6,0x31,0xc6,0x39,
    0xa6,0x31,0xc7,0x39,0x49,0x4a,0xe7,0x39,0xc7,0x39,0xa6,0x31,0xa6,0x31,0xa6,0x31,
    0x85,0x31,0x85,0x31,0x86,0x31,0xa6,0x39,0xc6,0x39,0xa6,0x39,0x65,0x31,0x65,0x31,
    0x85,0x31,0x85,0x31,0x65,0x31,0x65,0x29,0x65,0x29,0x65,0x29,0x44,0x29,0x65,0x29,
    0x44,0x29,0x44,0x29,0x65,0x29,0x44,0x29,0x24,0x21,0x44,0x29,0x44,0x29,0x65,0x31,
    0x65,0x31,0xa6,0x31,0xc6,0x39,0xc6,0x39,0xa6,0x31,0x65,0x29,0x44,0x29,0x44,0x29,
    0x24,0x29,0x44,0x29,0x65,0x29,0x44,0x29,0x65,0x29,0x65,0x29,0x44,0x29,0x44,0x29,
    0x44,0x29,0x44,0x29,0x44,0x29,0x44,0x29,0x44,0x29,0x44,0x29,0x44,0x29,0x44,0x29,
    0x65,0x29,0x65,0x29,0x44,0x29,0x44,0x29,0x44,0x29,0x44,0x29,0x44,0x29,0x44,0x29,
    0x24,0x29,0x44,0x29,0x44,0x29,0x44,0x29,0x44,0x29,0x24,0x29,0x24,0x21,0x24,0x21,
    0x24,0x21,0x24,0x21,0x44,0x29,0x44,0x29,0x44,0x29,0x44,0x29,0x44,0x29,0x24,0x29,
    0x24,0x21,0x24,0x21,0x24,0x21,0x24,0x21,0x24,0x21,0x24,0x21,0x24,0x21,0x24,0x21,
    0x24,0x21,0x24,0x21,0x24,0x21,0x03,0x21,0xc6,0x41,0x0a,0x73,0x70,0x9c,0xf6,0xc5,
    0xda,0xde,0x1c,0xdf,0x3c,0xe7,0x7d,0xef,0x9e,0xf7,0x9e,0xef,0x9e,0xef,0x7d,0xef,
    0x7d,0xef,0x5d,0xef,0x5d,0xef,0x3c,0xe7,0x5b,0xef,0x95,0xe6,0x8b,0xb4,0x45,0x9b,
    0xe7,0xb3,0x0e,0xc5,0x71,0xc5,0x14,0xd6,0x34,0xde,0x6f,0xcd,0x29,0xac,0xc6,0xa3,
    0xc5,0xab,0xa4,0xab,0xc5,0xab,0xc5,0xab,0xc6,0xab,0xc6,0xab,0x85,0xa3,0x64,0xa3,
    0x43,0xa3,0x64,0xa3,0xa5,0xab,0x85,0xab,0xa5,0xab,0xa5,0xab,0xa5,0xab,0x85,0xab,
    0x85,0xab,0x85,0xab,0xa5,0xab,0x85,0xab,0x85,0xab,0x65,0xa3,0x44,0xa3,0x44,0xa3,
    0x65,0xa3,0x65,0xab,0x65,0xa3,0x45,0x9b,0x24,0x9b,0x24,0x9b,0x25,0x9b,0x04,0x93,
    0x04,0x93,0x25,0x93,0x86,0xa3,0x08,0xb4,0xa7,0xa3,0x46,0x9b,0xa8,0xa3,0x06,0x93,
    0xa1,0x61,0x84,0x7a,0x67,0x93,0xeb,0xa3,0xd0,0xb4,0xb4,0xbd,0x38,0xce,0x79,0xce,
    0xdb,0xde,0xfb,0xde,0xfc,0xe6,0x1c,0xe7,0x1c,0xe7,0x1c,0xe7,0x1c,0xe7,0xfc,0xde,
    0xfc,0xde,0xbb,0xd6,0x5a,0xce,0x92,0x94,0x45,0x29,0x24,0x21,0x44,0x29,0x45,0x29,
    0x45,0x29,0x44,0x29,0x45,0x29,0x45,0x29,0x45,0x29,0x65,0x29,0x85,0x31,0x86,0x31,
    0x65,0x31,0x86,0x31,0x86,0x31,0xa6,0x31,0x86,0x31,0x86,0x31,0xc6,0x39,0xa6,0x31,
    0x85,0x31,0x65,0x29,0x85,0x31,0x86,0x31,0x86,0x31,0x86,0x31,0x86,0x31,0x65,0x29,
    0x65,0x29,0x65,0x29,0xa6,0x31,0x65,0x29,0x86,0x31,0xc7,0x39,0xc7,0x39,0xa6,0x31,
    0x86,0x31,0x86,0x31,0x85,0x31,0x86,0x31,0xa6,0x31,0xa6,0x31,0xc6,0x39,0xc6,0x39,
    0xa6,0x31,0xa6,0x31,0xa6,0x31,0xa6,0x31,0xa6,0x31,0xa6,0x31,0xc6,0x39,0xa6,0x31,
    0x85,0x31,0x85,0x31,0x65,0x31,0x86,0x31,0x86,0x31,0xa6,0x31,0xe7,0x39,0xe7,0x39,
    0x86,0x31,0xa6,0x31,0xa6,0x31,0xa6,0x31,0xa6,0x31,0xa6,0x31,0x86,0x31,0x85,0x31,
    0xa6,0x31,0x86,0x31,0x86,0x31,0xa6,0x31,0xa6,0x31,0xa6,0x31,0x86,0x31,0x86,0x31,
    0x86,0x31,0xa6,0x31,0x85,0x31,0x86,0x31,0x86,0x31,0xc7,0x39,0x49,0x4a,0x08,0x42,
    0xc7,0x39,0xc6,0x39,0xc7,0x39,0xc7,0x39,0x65,0x31,0x85,0x31,0xa6,0x39,0xa6,0x39,
    0x86,0x31,0x85,0x31,0x65,0x31,0x85,0x31,0x85,0x31,0x65,0x31,0x85,0x31,0x65,0x31,
    0x85,0x31,0x65,0x29,0x44,0x29,0x65,0x29,0x44,0x29,0x44,0x29,0x65,0x29,0x44,0x29,
    0x24,0x21,0x24,0x29,0x44,0x29,0x65,0x29,0x65,0x29,0x85,0x31,0xa6,0x31,0x85,0x31,
    0x85,0x31,0x44,0x29,0x65,0x29,0x44,0x29,0x24,0x29,0x44,0x29,0x65,0x29,0x44,0x29,
    0x44,0x29,0x44,0x29,0x44,0x29,0x44,0x29,0x44,0x29,0x44,0x29,0x44,0x29,0x44,0x29,
    0x44,0x29,0x65,0x29,0x65,0x29,0x65,0x29,0x65,0x31,0x65,0x31,0x44,0x29,0x44,0x29,
    0x44,0x29,0x44,0x29,0x44,0x29,0x44,0x29,0x44,0x29,0x44,0x29,0x44,0x29,0x24,0x29,
    0x24,0x29,0x24,0x29,0x24,0x21,0x24,0x21,0x24,0x21,0x24,0x21,0x24,0x29,0x44,0x29,
    0x44,0x29,0x44,0x29,0x44,0x29,0x24,0x29,0x24,0x21,0x24,0x21,0x24,0x21,0x24,0x21,
    0x24,0x21,0x24,0x21,0x24,0x21,0x24,0x21,0x24,0x21,0x24,0x21,0x24,0x21,0x04,0x21,
    0x24,0x29,0x27,0x52,0x4b,0x7b,0xb1,0xa4,0x78,0xd6,0xfb,0xde,0xfc,0xde,0x3d,0xe7,
    0x5d,0xef,0x7d,0xef,0x7e,0xef,0x7e,0xef,0x7d,0xef,0x7d,0xef,0x5d,0xef,0x7d,0xef,
    0x3b,0xe7,0x5b,0xef,0xd7,0xee,0x0d,0xc5,0x44,0x93,0x65,0x9b,0xac,0xbc,0x71,0xcd,
    0xd4,0xd5,0x34,0xe6,0xf2,0xdd,0xed,0xbc,0x08,0xa4,0x07,0xac,0x06,0xac,0x06,0xb4,
    0xe6,0xab,0xa5,0xab,0xa6,0xab,0xa5,0xab,0x64,0xa3,0x64,0xa3,0xa5,0xab,0xc5,0xab,
    0xa5,0xab,0x85,0xab,0x85,0xa3,0x85,0xa3,0x85,0xab,0x85,0xa3,0xa5,0xab,0x85,0xab,
    0x64,0xa3,0x85,0xa3,0x64,0xa3,0x85,0xa3,0x64,0xa3,0x44,0xa3,0x85,0xa3,0x65,0xa3,
    0x44,0x9b,0x24,0x9b,0x24,0x9b,0x24,0x93,0x24,0x93,0x86,0xa3,0xc7,0xab,0x86,0xa3,
    0xa7,0xa3,0xe5,0x82,0x43,0x72,0xc5,0x82,0xc5,0x82,0xa9,0x9b,0x6d,0xac,0x31,0xbd,
    0xd5,0xcd,0x58,0xce,0x9a,0xd6,0xdb,0xd6,0xfc,0xde,0x1c,0xdf,0x1c,0xe7,0x1c,0xe7,
    0x1c,0xe7,0x1c,0xe7,0x1c,0xe7,0xfb,0xde,0xbb,0xd6,0x7a,0xce,0x35,0xa5,0xc7,0x39,
    0x04,0x21,0x45,0x29,0x44,0x29,0x45,0x29,0x65,0x29,0x44,0x29,0x44,0x29,0x65,0x29,
    0x65,0x29,0x65,0x29,0x85,0x31,0x65,0x31,0x65,0x29,0x65,0x29,0x65,0x31,0x85,0x31,
    0x85,0x31,0x65,0x29,0x86,0x31,0x86,0x31,0x65,0x29,0x65,0x29,0x85,0x31,0x86,0x31,
    0x85,0x31,0x85,0x31,0x65,0x29,0x65,0x29,0x65,0x29,0x85,0x31,0x85,0x31,0x65,0x29,
    0x86,0x31,0xc7,0x39,0xc7,0x39,0x86,0x31,0xa6,0x31,0xa6,0x31,0xa6,0x31,0x86,0x31,
    0x85,0x31,0x86,0x31,0xa6,0x31,0xc6,0x39,0xa6,0x31,0xc6,0x39,0xa6,0x31,0xc6,0x39,
    0xc6,0x39,0xa6,0x31,0xc6,0x39,0xa6,0x31,0x86,0x31,0xa6,0x31,0x86,0x31,0x86,0x31,
    0x86,0x31,0x86,0x31,0xc6,0x39,0xe7,0x39,0xa6,0x31,0xa6,0x31,0xc6,0x39,0xa6,0x31,
    0xa6,0x31,0xc6,0x39,0xa6,0x31,0x86,0x31,0xa6,0x31,0xa6,0x31,0x85,0x31,0x85,0x31,
    0xa6,0x31,0xa6,0x31,0x85,0x31,0x85,0x31,0x86,0x31,0x85,0x31,0x86,0x31,0x86,0x31,
    0x86,0x31,0x86,0x31,0xe7,0x39,0x08,0x42,0x08,0x42,0xa6,0x31,0xa6,0x31,0xa6,0x31,
    0x65,0x31,0x85,0x31,0x86,0x31,0x86,0x31,0x85,0x31,0x85,0x31,0x85,0x31,0x65,0x31,
    0x65,0x31,0x85,0x31,0x85,0x31,0xa6,0x31,0xa6,0x31,0x85,0x31,0x65,0x31,0x65,0x31,
    0x65,0x29,0x44,0x29,0x44,0x29,0x44,0x29,0x44,0x29,0x24,0x21,0x24,0x29,0x44,0x29,
    0x85,0x31,0xa6,0x31,0x85,0x31,0x65,0x31,0x65,0x29,0x65,0x29,0x65,0x29,0x65,0x29,
    0x44,0x29,0x44,0x29,0x65,0x29,0x65,0x29,0x44,0x29,0x44,0x29,0x65,0x29,0x65,0x29,
    0x44,0x29,0x44,0x29,0x44,0x29,0x44,0x29,0x44,0x29,0x44,0x29,0x65,0x29,0x44,0x29,
    0x44,0x29,0x65,0x29,0x44,0x29,0x44,0x29,0x44,0x29,0x65,0x29,0x65,0x29,0x44,0x29,
    0x44,0x29,0x44,0x29,0x24,0x29,0x24,0x21,0x24,0x29,0x24,0x29,0x24,0x29,0x24,0x21,
    0x24,0x21,0x24,0x21,0x24,0x21,0x24,0x21,0x24,0x29,0x44,0x29,0x44,0x29,0x24,0x29,
    0x24,0x21,0x24,0x21,0x24,0x21,0x24,0x21,0x24,0x21,0x24,0x21,0x24,0x21,0x04,0x21,
    0x24,0x21,0x23,0x21,0x24,0x21,0x24,0x21,0x04,0x21,0x44,0x31,0x47,0x5a,0x8b,0x7b,
    0x12,0xad,0xb9,0xde,0xfb,0xde,0xfc,0xe6,0x3d,0xe7,0x5d,0xef,0x7e,0xef,0x7e,0xef,
    0x7e,0xef,0x7e,0xef,0x7e,0xef,0x5d,0xef,0x7d,0xef,0x5d,0xef,0x3c,0xef,0x19,0xef,
    0xd1,0xd5,0xa6,0x9b,0xe4,0x92,0x4b,0xb4,0x71,0xcd,0x71,0xcd,0xd3,0xd5,0x34,0xde,
    0xb2,0xd5,0xed,0xbc,0x28,0xac,0xa5,0xa3,0xa5,0xab,0xc5,0xab,0x07,0xb4,0xe7,0xb3,
    0xa5,0xab,0x85,0xab,0x85,0xab,0xa5,0xab,0xa5,0xab,0x85,0xa3,0x64,0xa3,0x44,0xa3,
    0x65,0xa3,0x44,0xa3,0x64,0xa3,0x85,0xab,0x65,0xa3,0xa5,0xab,0x85,0xab,0x85,0xab,
    0xa5,0xab,0x85,0xa3,0xa5,0xab,0x85,0xab,0x85,0xa3,0x45,0x9b,0x24,0x9b,0x85,0xa3,
    0x65,0xa3,0xa6,0xab,0x85,0xa3,0x65,0x9b,0x86,0x9b,0x63,0x72,0x22,0x72,0x47,0x93,
    0x0b,0xa4,0xce,0xac,0xb3,0xbd,0x36,0xce,0x79,0xd6,0xba,0xd6,0xdb,0xde,0x1c,0xe7,
    0x3c,0xe7,0x3c,0xe7,0x1c,0xe7,0x1c,0xe7,0x1c,0xe7,0xfc,0xde,0xfc,0xde,0xbb,0xd6,
    0x7a,0xce,0x96,0xb5,0x69,0x4a,0x04,0x21,0x65,0x29,0x45,0x29,0x44,0x29,0x44,0x29,
    0x45,0x29,0x65,0x29,0x45,0x29,0x45,0x29,0x45,0x29,0x65,0x29,0x65,0x29,0x85,0x31,
    0x65,0x31,0x45,0x29,0x65,0x29,0x86,0x31,0x86,0x31,0x65,0x29,0x85,0x31,0x85,0x31,
    0x65,0x29,0x65,0x29,0x86,0x31,0x86,0x31,0x85,0x31,0x85,0x31,0x85,0x31,0x65,0x29,
    0xa6,0x31,0xe7,0x39,0xa6,0x31,0xa6,0x31,0xa6,0x31,0xc7,0x39,0xc7,0x39,0x86,0x31,
    0xa6,0x31,0xc7,0x39,0xa6,0x31,0x85,0x31,0x85,0x31,0x85,0x31,0xa6,0x31,0xa6,0x31,
    0xa6,0x31,0xa6,0x31,0xc6,0x39,0xe7,0x39,0xc6,0x39,0xa6,0x31,0x86,0x31,0x85,0x31,
    0x86,0x31,0x85,0x31,0xa6,0x31,0xa6,0x31,0x86,0x31,0x65,0x29,0x65,0x29,0x86,0x31,
    0x86,0x31,0xa6,0x31,0xc7,0x39,0xa6,0x31,0xa6,0x31,0xc6,0x39,0xa6,0x31,0xa6,0x31,
    0xc7,0x39,0xa6,0x31,0x85,0x31,0x85,0x31,0xa6,0x31,0x86,0x31,0x85,0x31,0x86,0x31,
    0x86,0x31,0x85,0x31,0xa6,0x31,0xa6,0x31,0x86,0x31,0x86,0x31,0xc7,0x39,0xa6,0x31,
    0xe7,0x39,0xa6,0x31,0xa6,0x31,0xa6,0x31,0x65,0x29,0x45,0x29,0x65,0x31,0x85,0x31,
    0x85,0x31,0xa6,0x31,0x85,0x31,0x65,0x29,0x85,0x31,0x65,0x31,0x85,0x31,0xa6,0x31,
    0x85,0x31,0x85,0x31,0x85,0x31,0x85,0x31,0x85,0x31,0x65,0x31,0x65,0x29,0x65,0x29,
    0x44,0x29,0x44,0x29,0x24,0x29,0x44,0x29,0x65,0x31,0xa6,0x39,0xa6,0x39,0x65,0x31,
    0x65,0x29,0x44,0x29,0x85,0x31,0x85,0x31,0x44,0x29,0x44,0x29,0x44,0x29,0x44,0x29,
    0x44,0x29,0x44,0x29,0x44,0x29,0x44,0x29,0x44,0x29,0x44,0x29,0x44,0x29,0x44,0x29,
    0x44,0x29,0x44,0x29,0x44,0x29,0x44,0x29,0x44,0x29,0x65,0x29,0x65,0x31,0x65,0x29,
    0x44,0x29,0x44,0x29,0x44,0x29,0x44,0x29,0x24,0x29,0x24,0x21,0x24,0x21,0x24,0x29,
    0x24,0x29,0x24,0x21,0x24,0x21,0x24,0x21,0x24,0x21,0x24,0x21,0x24,0x21,0x24,0x21,
    0x24,0x21,0x24,0x29,0x24,0x29,0x24,0x29,0x24,0x29,0x24,0x21,0x44,0x29,0x44,0x29,
    0x24,0x29,0x24,0x21,0x24,0x21,0x04,0x21,0x24,0x21,0x23,0x21,0x03,0x21,0x04,0x21,
    0x24,0x21,0x03,0x21,0x64,0x39,0x88,0x5a,0xac,0x83,0x73,0xb5,0xb9,0xde,0xfb,0xde,
    0xfb,0xde,0x5d,0xe7,0x7d,0xef,0x9e,0xf7,0x7e,0xef,0x7e,0xef,0x7e,0xef,0x7e,0xef,
    0x7d,0xef,0x7d,0xef,0x5d,0xe7,0x5c,0xe7,0x3a,0xef,0x34,0xde,0x4a,0xac,0x04,0x8b,
    0x66,0x9b,0xad,0xc4,0x71,0xd5,0xb2,0xcd,0x14,0xd6,0x14,0xd6,0xd2,0xd5,0x0d,0xc5,
    0x08,0xac,0xa6,0xa3,0xc6,0xab,0xc6,0xab,0xa5,0xab,0xc5,0xab,0x85,0xab,0xa5,0xab,
    0xa6,0xab,0x65,0xa3,0x44,0xa3,0x64,0xa3,0xa5,0xa3,0x84,0xa3,0x85,0xab,0x86,0xab,
    0x85,0xa3,0xa5,0xab,0xa5,0xa3,0x85,0xa3,0xc6,0xab,0xc6,0xab,0xa5,0xab,0x85,0xab,
    0x85,0xa3,0x85,0xa3,0xa5,0xa3,0xc6,0xab,0xa7,0xab,0xc3,0x8a,0xc4,0x8a,0x05,0x93,
    0x83,0x82,0xa5,0x7a,0xa9,0x9b,0x8e,0xb4,0x52,0xbd,0xf6,0xcd,0x78,0xd6,0x99,0xd6,
    0xdb,0xde,0xfb,0xde,0xfc,0xde,0x1c,0xe7,0x3c,0xe7,0x1c,0xe7,0x1c,0xe7,0x1c,0xe7,
    0xfc,0xde,0xfc,0xde,0xbb,0xde,0x7a,0xce,0xd7,0xbd,0xeb,0x5a,0x04,0x21,0x44,0x29,
    0x44,0x29,0x45,0x29,0x44,0x29,0x44,0x29,0x45,0x29,0x65,0x29,0x44,0x29,0x44,0x29,
    0x45,0x29,0x45,0x29,0x44,0x29,0x65,0x29,0x65,0x29,0x65,0x29,0x65,0x31,0x85,0x31,
    0xa6,0x31,0x85,0x31,0x85,0x31,0x85,0x31,0x65,0x29,0x85,0x31,0xa6,0x31,0xa6,0x31,
    0x86,0x31,0x85,0x31,0x86,0x31,0x65,0x29,0x86,0x31,0xa6,0x31,0xa6,0x31,0x86,0x31,
    0x86,0x31,0xa6,0x31,0xa6,0x31,0xa6,0x31,0xa6,0x31,0xc6,0x39,0x86,0x31,0x65,0x29,
    0x86,0x31,0xa6,0x31,0xc6,0x39,0xa6,0x31,0xa6,0x31,0xa6,0x31,0xa6,0x31,0xa6,0x31,
    0xa6,0x31,0x86,0x31,0x85,0x31,0x85,0x31,0xa6,0x31,0x86,0x31,0xa6,0x31,0xa6,0x31,
    0x86,0x31,0x86,0x31,0x86,0x31,0x86,0x31,0x65,0x29,0x86,0x31,0xc7,0x39,0xa6,0x31,
    0x86,0x31,0xa6,0x31,0xa6,0x31,0xa6,0x31,0xa6,0x31,0x86,0x31,0x85,0x31,0xa6,0x31,
    0xa6,0x31,0x65,0x29,0x85,0x31,0x86,0x31,0x86,0x31,0xa6,0x31,0xa6,0x31,0xa6,0x31,
    0xa6,0x31,0x86,0x31,0xc7,0x39,0xa6,0x31,0xa6,0x31,0xa6,0x31,0x86,0x31,0x86,0x31,
    0x65,0x29,0x44,0x29,0x65,0x29,0x85,0x31,0x85,0x31,0x85,0x31,0x65,0x29,0x65,0x29,
    0x85,0x31,0x65,0x29,0x65,0x29,0x85,0x31,0x65,0x29,0x65,0x29,0x65,0x31,0x65,0x31,
    0x85,0x31,0x85,0x31,0x85,0x31,0x65,0x29,0x44,0x29,0x44,0x29,0x65,0x29,0xa6,0x31,
    0xa6,0x31,0xa6,0x31,0xa6,0x31,0x85,0x31,0x65,0x29,0x65,0x29,0x65,0x29,0x65,0x29,
    0x44,0x29,0x44,0x29,0x24,0x21,0x24,0x21,0x24,0x29,0x44,0x29,0x44,0x29,0x44,0x29,
    0x44,0x29,0x44,0x29,0x44,0x29,0x44,0x29,0x44,0x29,0x44,0x29,0x44,0x29,0x44,0x29,
    0x44,0x29,0x65,0x29,0x65,0x31,0x65,0x29,0x44,0x29,0x24,0x29,0x44,0x29,0x44,0x29,
    0x24,0x21,0x24,0x21,0x24,0x21,0x24,0x29,0x24,0x29,0x24,0x21,0x24,0x21,0x24,0x21,
    0x24,0x21,0x24,0x21,0x24,0x21,0x24,0x21,0x24,0x21,0x24,0x21,0x24,0x21,0x24,0x21,
    0x44,0x29,0x24,0x29,0x44,0x29,0x44,0x29,0x24,0x29,0x24,0x21,0x03,0x21,0x24,0x21,
    0x24,0x21,0x23,0x21,0x23,0x21,0x24,0x21,0x24,0x21,0x03,0x21,0x03,0x21,0xa5,0x39,
    0xa8,0x62,0xac,0x83,0x94,0xbd,0xda,0xe6,0xfb,0xde,0xfb,0xde,0x3c,0xe7,0x7d,0xef,
    0x9e,0xf7,0x9e,0xf7,0x7e,0xef,0x7e,0xef,0x7e,0xef,0x7d,0xef,0x7d,0xef,0x5d,0xe7,
    0x5d,0xe7,0x3b,0xef,0xd7,0xee,0x70,0xcd,0xc8,0xa3,0xe4,0x8a,0xc8,0xa3,0xed,0xc4,
    0x91,0xd5,0xd3,0xd5,0xf5,0xdd,0x15,0xde,0xf3,0xdd,0x91,0xd5,0xcc,0xbc,0xe8,0xab,
    0x86,0xa3,0x65,0xa3,0x65,0xa3,0x85,0xa3,0x85,0xab,0x85,0xa3,0x85,0xa3,0x85,0xa3,
    0xc6,0xab,0xc5,0xab,0xc6,0xb3,0xa6,0xab,0x85,0xab,0xa5,0xab,0xc6,0xab,0xa5,0xa3,
    0x85,0xa3,0x44,0x9b,0x65,0x9b,0xc6,0xa3,0xe7,0xab,0xe7,0xab,0x86,0xa3,0x46,0x9b,
    0x46,0x9b,0x83,0x7a,0x63,0x7a,0x84,0x7a,0x27,0x8b,0x2c,0xa4,0x31,0xbd,0xd5,0xc5,
    0x58,0xd6,0x9a,0xde,0xba,0xde,0xfb,0xde,0x1c,0xe7,0x1c,0xe7,0x3d,0xe7,0x3d,0xe7,
    0x3d,0xe7,0x1c,0xe7,0x1c,0xe7,0xfc,0xde,0xfc,0xde,0xbb,0xde,0x7a,0xce,0xb7,0xbd,
    0x2c,0x63,0x04,0x21,0x85,0x31,0x65,0x29,0x44,0x29,0x44,0x29,0x44,0x29,0x44,0x29,
    0x45,0x29,0x45,0x29,0x44,0x29,0x45,0x29,0x45,0x29,0x65,0x29,0x45,0x29,0x45,0x29,
    0x65,0x29,0x65,0x29,0x65,0x31,0x65,0x29,0x85,0x31,0x65,0x29,0x45,0x29,0x65,0x29,
    0x86,0x31,0x86,0x31,0x85,0x31,0x85,0x31,0x86,0x31,0x86,0x31,0xc7,0x39,0x86,0x31,
    0x65,0x29,0x86,0x31,0x86,0x31,0x65,0x29,0x86,0x31,0x86,0x31,0x65,0x29,0x86,0x31,
    0xa6,0x31,0xa6,0x31,0x86,0x31,0x85,0x31,0x86,0x31,0xa6,0x31,0xc7,0x39,0xa6,0x31,
    0x86,0x31,0x85,0x31,0x86,0x31,0x65,0x29,0xa6,0x31,0xa6,0x31,0x86,0x31,0xa6,0x31,
    0xa6,0x31,0x86,0x31,0x86,0x31,0xa6,0x31,0xa6,0x31,0x86,0x31,0xa6,0x31,0xa6,0x31,
    0x66,0x29,0x86,0x31,0xa6,0x31,0x86,0x31,0x86,0x31,0xa6,0x31,0xc6,0x39,0xc6,0x39,
    0xa6,0x31,0x86,0x31,0xa6,0x31,0xa6,0x31,0xa6,0x31,0x86,0x31,0x86,0x31,0xa6,0x31,
    0xa6,0x31,0xa6,0x31,0x86,0x31,0xa6,0x31,0xc6,0x39,0xa6,0x31,0xc7,0x39,0xa6,0x31,
    0xa6,0x31,0x65,0x29,0x65,0x29,0x86,0x31,0x65,0x31,0x44,0x29,0x65,0x29,0x85,0x31,
    0x85,0x31,0x85,0x31,0x65,0x31,0x65,0x29,0x85,0x31,0x65,0x29,0x65,0x29,0x85,0x31,
    0x65,0x29,0x65,0x29,0x65,0x29,0x65,0x29,0x65,0x29,0x65,0x31,0x85,0x31,0x85,0x31,
    0x65,0x29,0x65,0x29,0x65,0x29,0xa6,0x39,0xc6,0x39,0xa6,0x31,0xa6,0x31,0xa6,0x31,
    0x85,0x31,0x85,0x31,0x65,0x29,0x65,0x29,0x65,0x29,0x44,0x29,0x24,0x21,0x24,0x21,
    0x24,0x21,0x44,0x29,0x65,0x29,0x65,0x29,0x65,0x29,0x44,0x29,0x44,0x29,0x44,0x29,
    0x44,0x29,0x65,0x29,0x44,0x29,0x44,0x29,0x44,0x29,0x44,0x29,0x44,0x29,0x44,0x29,
    0x44,0x29,0x44,0x29,0x44,0x29,0x44,0x29,0x24,0x29,0x24,0x21,0x24,0x21,0x24,0x29,
    0x24,0x29,0x24,0x21,0x24,0x21,0x24,0x21,0x24,0x21,0x24,0x21,0x24,0x21,0x24,0x21,
    0x24,0x21,0x24,0x21,0x24,0x21,0x24,0x21,0x24,0x21,0x24,0x21,0x24,0x21,0x24,0x21,
    0x24,0x21,0x03,0x21,0x03,0x21,0x04,0x21,0x04,0x21,0x03,0x21,0x03,0x21,0x04,0x21,
    0x24,0x21,0x04,0x21,0x03,0x21,0x23,0x29,0xc5,0x41,0xc9,0x62,0xac,0x83,0x74,0xbd,
    0xda,0xe6,0xda,0xde,0x1c,0xe7,0x5d,0xe7,0x7e,0xef,0x9e,0xf7,0x7e,0xf7,0x7e,0xef,
    0x7e,0xef,0x7d,0xef,0x7d,0xef,0x7e,0xef,0x7e,0xef,0x5d,0xef,0x3c,0xef,0x5b,0xef,
    0x97,0xe6,0x2d,0xc5,0xa6,0x9b,0x05,0x8b,0x67,0x9b,0x8c,0xbc,0x50,0xd5,0xb2,0xd5,
    0x14,0xde,0x15,0xd6,0x14,0xd6,0xb2,0xd5,0xce,0xbc,0xa8,0xa3,0x05,0x93,0xe4,0x92,
    0x04,0x93,0x04,0x93,0x25,0x93,0x25,0x93,0x66,0x9b,0x65,0xa3,0x24,0x9b,0x24,0x9b,
    0xa5,0xa3,0x28,0xb4,0x08,0xb4,0x86,0xa3,0xc7,0xab,0x29,0xb4,0x0d,0xcd,0x4e,0xcd,
    0xcc,0xc4,0xa8,0xa3,0xa4,0x82,0x63,0x7a,0x22,0x72,0x64,0x72,0x07,0x83,0xea,0x9b,
    0x10,0xbd,0xd4,0xcd,0x77,0xde,0xb9,0xde,0xba,0xde,0xdb,0xde,0xfc,0xde,0x1c,0xe7,
    0x3c,0xe7,0x3d,0xe7,0x3d,0xe7,0x3d,0xe7,0x1c,0xe7,0x1c,0xe7,0xfc,0xde,0xfc,0xde,
    0xbb,0xd6,0x59,0xce,0xd7,0xbd,0x6e,0x6b,0x24,0x21,0x45,0x29,0xa6,0x31,0x85,0x31,
    0x24,0x21,0x44,0x29,0x45,0x29,0x45,0x29,0x44,0x29,0x44,0x29,0x45,0x29,0x65,0x29,
    0x45,0x29,0x65,0x29,0x65,0x29,0x65,0x29,0x65,0x29,0x85,0x31,0x86,0x31,0x65,0x31,
    0x65,0x29,0x85,0x31,0xa6,0x31,0x86,0x31,0x85,0x31,0x85,0x31,0x85,0x31,0x65,0x31,
    0x65,0x29,0x86,0x31,0xc7,0x39,0xa6,0x31,0x86,0x31,0x86,0x31,0x86,0x31,0x86,0x31,
    0x86,0x31,0x86,0x31,0x86,0x31,0x86,0x31,0x85,0x31,0xa6,0x31,0x86,0x31,0x85,0x31,
    0x65,0x29,0x86,0x31,0xc6,0x39,0xa6,0x31,0x86,0x31,0x86,0x31,0xa6,0x31,0x86,0x31,
    0xa6,0x31,0x86,0x31,0xa6,0x31,0xc6,0x39,0xa6,0x31,0x86,0x31,0xa6,0x31,0xa6,0x31,
    0x86,0x31,0x65,0x29,0x86,0x31,0x86,0x31,0x65,0x29,0x86,0x31,0x86,0x31,0x86,0x31,
    0x86,0x31,0xa6,0x31,0xc6,0x39,0xa6,0x31,0xa6,0x31,0xa6,0x31,0xc6,0x39,0xa6,0x31,
    0xa6,0x31,0xa6,0x31,0x65,0x29,0x65,0x29,0x86,0x31,0xa6,0x31,0xa6,0x31,0xa6,0x31,
    0xa6,0x31,0x86,0x31,0xa6,0x31,0xc7,0x39,0xc7,0x39,0xa6,0x31,0x86,0x31,0xa6,0x31,
    0x85,0x31,0x65,0x29,0x65,0x31,0xa6,0x31,0x85,0x31,0xa6,0x31,0x85,0x31,0x65,0x31,
    0x65,0x29,0x65,0x29,0x65,0x29,0x65,0x31,0x65,0x29,0x65,0x29,0x65,0x29,0x65,0x29,
    0x65,0x29,0x65,0x29,0x85,0x31,0x85,0x31,0x85,0x31,0x65,0x29,0x65,0x29,0x65,0x31,
    0xc6,0x39,0xc6,0x39,0xa6,0x31,0xa6,0x31,0x85,0x31,0x85,0x31,0x65,0x29,0x65,0x29,
    0x65,0x29,0x44,0x29,0x44,0x29,0x24,0x21,0x24,0x21,0x44,0x29,0x65,0x29,0x65,0x29,
    0x65,0x29,0x44,0x29,0x44,0x29,0x44,0x29,0x44,0x29,0x65,0x29,0x44,0x29,0x44,0x29,
    0x44,0x29,0x44,0x29,0x44,0x29,0x44,0x29,0x44,0x29,0x44,0x29,0x44,0x29,0x44,0x29,
    0x44,0x29,0x24,0x29,0x24,0x21,0x24,0x21,0x24,0x29,0x24,0x21,0x24,0x21,0x24,0x21,
    0x24,0x21,0x24,0x21,0x24,0x21,0x24,0x21,0x24,0x21,0x24,0x21,0x24,0x21,0x24,0x21,
    0x24,0x21,0x24,0x21,0x03,0x21,0x24,0x21,0x24,0x21,0x03,0x21,0x03,0x21,0x04,0x21,
    0x04,0x21,0x04,0x21,0x03,0x21,0x03,0x21,0x24,0x21,0x04,0x21,0x24,0x21,0x03,0x21,
    0x03,0x21,0xc5,0x41,0xa8,0x62,0xac,0x83,0x53,0xb5,0xd9,0xe6,0xdb,0xde,0xfc,0xde,
    0x1d,0xe7,0x7d,0xef,0x9e,0xef,0x9f,0xef,0x9e,0xef,0x7d,0xef,0x7d,0xef,0x7d,0xef,
    0x7e,0xef,0x7e,0xef,0x5d,0xef,0x3d,0xe7,0x3c,0xef,0x1a,0xf7,0x96,0xe6,0x2e,0xc5,
    0xc7,0x9b,0x03,0x8b,0x24,0x93,0xc8,0xa3,0x4c,0xb4,0xcf,0xbc,0x72,0xcd,0xf4,0xdd,
    0xf3,0xdd,0xcd,0xc4,0x67,0x9b,0xe4,0x8a,0x25,0x93,0x46,0x9b,0x2b,0xb4,0xce,0xc4,
    0xee,0xc4,0xcc,0xc4,0x2a,0xac,0xe8,0xa3,0x4a,0xac,0xcd,0xc4,0x0e,0xc5,0x6b,0xb4,
    0x0f,0xcd,0xef,0xc4,0xca,0xa3,0x88,0x9b,0x06,0x8b,0x02,0x6a,0xc1,0x61,0x64,0x72,
    0x07,0x8b,0x0c,0xa4,0x31,0xbd,0xf5,0xcd,0x77,0xd6,0xb9,0xde,0xdb,0xde,0xfb,0xde,
    0xfc,0xde,0x1c,0xdf,0x3d,0xe7,0x3d,0xe7,0x3d,0xe7,0x3d,0xe7,0x3d,0xe7,0x3d,0xe7,
    0x1c,0xe7,0xfc,0xe6,0xfb,0xde,0xba,0xd6,0x79,0xce,0x96,0xb5,0x2c,0x6b,0x45,0x29,
    0x44,0x29,0x45,0x29,0x45,0x29,0x85,0x31,0x45,0x29,0x65,0x29,0x65,0x29,0x45,0x29,
    0x45,0x29,0x45,0x29,0x65,0x29,0x65,0x29,0x65,0x29,0x65,0x29,0x65,0x29,0x65,0x29,
    0x65,0x29,0x85,0x31,0x85,0x31,0x65,0x29,0x85,0x31,0x65,0x29,0x85,0x31,0x86,0x31,
    0x65,0x29,0x45,0x29,0xa6,0x39,0xa6,0x31,0x65,0x29,0x65,0x31,0x86,0x31,0xa6,0x31,
    0xc7,0x39,0xa6,0x31,0x65,0x29,0x65,0x29,0x65,0x29,0x86,0x31,0x86,0x31,0x86,0x31,
    0x86,0x31,0xa6,0x31,0xa6,0x31,0xa6,0x31,0x85,0x31,0x65,0x29,0x85,0x31,0xa6,0x31,
    0xe7,0x39,0xc6,0x39,0xa6,0x31,0xc6,0x39,0x85,0x31,0x65,0x29,0xa6,0x31,0x86,0x31,
    0x86,0x31,0x86,0x31,0xa6,0x31,0x86,0x31,0x65,0x29,0x65,0x29,0x86,0x31,0x86,0x31,
    0x86,0x31,0x65,0x29,0x86,0x31,0x86,0x31,0x86,0x31,0x86,0x31,0x86,0x31,0x86,0x31,
    0x86,0x31,0xa6,0x31,0xa6,0x31,0x86,0x31,0xa6,0x31,0xa6,0x31,0x85,0x31,0x85,0x31,
    0x86,0x31,0x86,0x31,0xa6,0x31,0xa6,0x31,0x86,0x31,0x86,0x31,0x86,0x31,0xc7,0x39,
    0x08,0x42,0xc7,0x39,0x86,0x31,0x86,0x31,0x85,0x31,0x65,0x29,0x85,0x31,0xa6,0x31,
    0x85,0x31,0x85,0x31,0x85,0x31,0x65,0x31,0x65,0x29,0x65,0x29,0x65,0x29,0x65,0x29,
    0x65,0x29,0x65,0x29,0x65,0x29,0x44,0x29,0x65,0x29,0x65,0x29,0x85,0x31,0x85,0x31,
    0x65,0x29,0x65,0x29,0x65,0x29,0x65,0x29,0xc6,0x39,0xa6,0x31,0x65,0x29,0x85,0x31,
    0x65,0x29,0x65,0x29,0x65,0x29,0x44,0x29,0x44,0x29,0x44,0x29,0x65,0x29,0x44,0x29,
    0x44,0x29,0x44,0x29,0x44,0x29,0x44,0x29,0x44,0x29,0x44,0x29,0x44,0x29,0x44,0x29,
    0x44,0x29,0x44,0x29,0x44,0x29,0x44,0x29,0x44,0x29,0x44,0x29,0x44,0x29,0x44,0x29,
    0x24,0x29,0x24,0x29,0x44,0x29,0x44,0x29,0x44,0x29,0x24,0x29,0x24,0x21,0x24,0x21,
    0x24,0x29,0x24,0x21,0x24,0x21,0x24,0x21,0x24,0x21,0x24,0x21,0x24,0x21,0x24,0x21,
    0x24,0x21,0x24,0x21,0x24,0x21,0x24,0x21,0x24,0x21,0x24,0x21,0x03,0x21,0x24,0x21,
    0x24,0x21,0x03,0x21,0x24,0x21,0x04,0x21,0x04,0x21,0x04,0x21,0x03,0x21,0x03,0x21,
    0x04,0x21,0x24,0x21,0x04,0x21,0x24,0x21,0x03,0x21,0x03,0x29,0xc5,0x41,0xa8,0x62,
    0x8b,0x7b,0x32,0xb5,0x99,0xde,0xdb,0xe6,0xfc,0xde,0x1c,0xe7,0x5d,0xe7,0x9e,0xef,
    0x9e,0xef,0x9e,0xef,0x9d,0xef,0x9d,0xef,0x7d,0xef,0x7d,0xef,0x7e,0xef,0x5d,0xef,
    0x5d,0xef,0x5e,0xef,0x3c,0xef,0x3a,0xf7,0xb6,0xe6,0xb0,0xcd,0x8a,0xb4,0x66,0x93,
    0xc4,0x8a,0x83,0x82,0xc5,0x8a,0x68,0x9b,0xc9,0xa3,0x88,0xa3,0x26,0x9b,0xe5,0x92,
    0xe5,0x92,0x06,0x93,0x2b,0xac,0x8d,0xb4,0x4c,0xb4,0xad,0xbc,0xad,0xc4,0x0b,0xac,
    0xa6,0x7a,0x04,0x6a,0x47,0x93,0x46,0x93,0xe5,0x8a,0x64,0x72,0xa1,0x61,0x42,0x72,
    0xa5,0x82,0xe6,0x82,0xaa,0x9b,0xcf,0xb4,0xd3,0xcd,0x36,0xd6,0x98,0xde,0xba,0xde,
    0xdb,0xde,0xfb,0xde,0xfc,0xde,0x1c,0xdf,0x3d,0xe7,0x3d,0xe7,0x3d,0xe7,0x5d,0xef,
    0x3c,0xe7,0x3c,0xe7,0x1c,0xe7,0x1c,0xe7,0xfc,0xe6,0xfb,0xde,0x9a,0xd6,0x59,0xce,
    0x75,0xad,0x0c,0x63,0x45,0x29,0x24,0x21,0x45,0x29,0x24,0x29,0x44,0x29,0x85,0x31,
    0x65,0x31,0x44,0x29,0x45,0x29,0x45,0x29,0x65,0x29,0x65,0x29,0x65,0x29,0x65,0x29,
    0x65,0x31,0x65,0x31,0x65,0x29,0x65,0x29,0x65,0x29,0x65,0x29,0x65,0x31,0x65,0x31,
    0x85,0x31,0x65,0x31,0x45,0x29,0x65,0x31,0x86,0x31,0x65,0x29,0x86,0x31,0x85,0x31,
    0x65,0x29,0x85,0x31,0x86,0x31,0x86,0x31,0x86,0x31,0x86,0x31,0x86,0x31,0x86,0x31,
    0x65,0x29,0x86,0x31,0x86,0x31,0x86,0x31,0x86,0x31,0x86,0x31,0x86,0x31,0x86,0x31,
    0x85,0x31,0x85,0x31,0x86,0x31,0xc6,0x39,0xe7,0x39,0xc7,0x39,0xa6,0x31,0xc6,0x39,
    0xc6,0x39,0xe7,0x39,0x07,0x42,0xa6,0x31,0x86,0x31,0xa6,0x31,0xa6,0x31,0x65,0x29,
    0x65,0x29,0x65,0x29,0xa6,0x31,0xa6,0x31,0x86,0x31,0x65,0x29,0x65,0x29,0x86,0x31,
    0xa6,0x31,0xa6,0x31,0x86,0x31,0x86,0x31,0x86,0x31,0xa6,0x31,0x86,0x31,0xe7,0x39,
    0xe7,0x39,0xa6,0x31,0x86,0x31,0x85,0x31,0xa6,0x31,0x86,0x31,0xa6,0x31,0xa6,0x31,
    0xa6,0x31,0x86,0x31,0xa6,0x31,0xc7,0x39,0xc7,0x39,0x86,0x31,0x86,0x31,0x86,0x31,
    0x85,0x31,0x65,0x31,0x85,0x31,0x85,0x31,0xa6,0x31,0x85,0x31,0x85,0x31,0x65,0x31,
    0x65,0x31,0x65,0x29,0x65,0x29,0x65,0x29,0x65,0x31,0x65,0x31,0x65,0x29,0x65,0x29,
    0x65,0x29,0x65,0x29,0x65,0x31,0x65,0x29,0x44,0x29,0x65,0x31,0x85,0x31,0x85,0x31,
    0x85,0x31,0x65,0x29,0x44,0x29,0x65,0x29,0x65,0x29,0x65,0x29,0x65,0x29,0x44,0x29,
    0x44,0x29,0x44,0x29,0x44,0x29,0x44,0x29,0x24,0x29,0x24,0x21,0x44,0x29,0x44,0x29,
    0x44,0x29,0x44,0x29,0x44,0x29,0x44,0x29,0x44,0x29,0x44,0x29,0x44,0x29,0x44,0x29,
    0x24,0x29,0x24,0x29,0x44,0x29,0x44,0x29,0x24,0x21,0x24,0x21,0x44,0x29,0x24,0x29,
    0x24,0x29,0x24,0x29,0x24,0x21,0x24,0x29,0x24,0x29,0x24,0x29,0x24,0x29,0x24,0x29,
    0x24,0x29,0x24,0x21,0x24,0x21,0x24,0x21,0x24,0x21,0x24,0x21,0x03,0x21,0x24,0x21,
    0x24,0x21,0x24,0x21,0x03,0x21,0x03,0x21,0x03,0x21,0x03,0x21,0x03,0x21,0x04,0x21,
    0x04,0x21,0x03,0x21,0x03,0x21,0x03,0x21,0x24,0x21,0x24,0x21,0x04,0x21,0x04,0x21,
    0x04,0x21,0x04,0x21,0x23,0x21,0xc5,0x39,0x88,0x5a,0x6b,0x7b,0xd2,0xac,0x38,0xd6,
    0xda,0xe6,0xfb,0xde,0x1c,0xe7,0x5d,0xe7,0x7d,0xef,0x9e,0xf7,0x9e,0xf7,0x9e,0xef,
    0x9e,0xef,0x9e,0xef,0x7e,0xef,0x5d,0xef,0x5d,0xef,0x5e,0xef,0x5d,0xef,0x5d,0xef,
    0x5c,0xef,0x3b,0xef,0xf9,0xee,0x55,0xe6,0x90,0xcd,0x4a,0xac,0x45,0x93,0x83,0x7a,
    0x41,0x7a,0x01,0x72,0xe1,0x71,0xe2,0x71,0x02,0x72,0xa2,0x61,0xc2,0x61,0xa2,0x59,
    0x81,0x59,0x03,0x72,0x03,0x72,0x81,0x59,0x61,0x51,0xa2,0x61,0x02,0x72,0x82,0x82,
    0x82,0x7a,0xc5,0x82,0x89,0x93,0x6d,0xac,0x31,0xc5,0xd3,0xcd,0x36,0xd6,0x98,0xde,
    0xd9,0xde,0xfa,0xde,0xfb,0xe6,0xfc,0xde,0x1c,0xe7,0x3c,0xe7,0x3c,0xe7,0x3d,0xe7,
    0x5d,0xe7,0x5d,0xe7,0x3c,0xef,0x3c,0xe7,0x3c,0xe7,0x1c,0xe7,0x1c,0xe7,0xfc,0xde,
    0xdb,0xde,0x9a,0xd6,0x38,0xc6,0x34,0xa5,0xaa,0x5a,0x04,0x21,0x65,0x29,0x44,0x29,
    0x24,0x29,0x65,0x29,0x45,0x29,0x65,0x29,0x65,0x29,0x24,0x29,0x44,0x29,0x45,0x29,
    0x44,0x29,0x45,0x29,0x65,0x31,0x65,0x29,0x65,0x29,0x85,0x31,0x65,0x29,0x65,0x29,
    0x65,0x29,0x65,0x31,0x65,0x31,0x65,0x29,0x65,0x29,0x86,0x31,0x65,0x29,0x44,0x29,
    0x65,0x29,0x85,0x31,0x85,0x31,0x65,0x29,0x65,0x31,0x86,0x31,0xc7,0x39,0xc7,0x39,
    0x65,0x31,0x65,0x29,0x86,0x31,0x86,0x31,0x86,0x31,0x86,0x31,0x86,0x31,0x86,0x31,
    0xa6,0x31,0xa6,0x31,0xc6,0x39,0xa6,0x31,0x85,0x31,0x86,0x31,0xc6,0x39,0xc6,0x39,
    0xa6,0x31,0xa6,0x31,0xa6,0x31,0xc6,0x39,0xc7,0x39,0x08,0x42,0x07,0x42,0xc7,0x39,
    0xa6,0x31,0x86,0x31,0xa6,0x31,0x86,0x31,0x65,0x29,0x86,0x31,0x86,0x31,0x86,0x31,
    0x65,0x29,0x65,0x29,0x65,0x29,0x86,0x31,0x86,0x31,0xa6,0x31,0x85,0x31,0x85,0x31,
    0x86,0x31,0x86,0x31,0x85,0x31,0xe7,0x39,0xe7,0x39,0xa6,0x31,0xa6,0x31,0x85,0x31,
    0xa6,0x31,0xa6,0x31,0xc6,0x39,0xc6,0x39,0x86,0x31,0xa6,0x31,0xa6,0x31,0xc7,0x39,
    0xc7,0x39,0x65,0x29,0x45,0x29,0x66,0x31,0xa6,0x31,0x85,0x31,0x65,0x29,0x65,0x31,
    0x85,0x31,0x85,0x31,0x85,0x31,0x65,0x31,0x65,0x31,0x65,0x29,0x65,0x31,0x65,0x29,
    0x65,0x29,0x65,0x29,0x65,0x31,0x85,0x31,0x85,0x31,0x65,0x29,0x85,0x31,0x65,0x31,
    0x65,0x29,0x65,0x31,0x85,0x31,0x85,0x31,0x65,0x29,0x44,0x29,0x44,0x29,0x44,0x29,
    0x65,0x29,0x65,0x29,0x44,0x29,0x44,0x29,0x44,0x29,0x65,0x29,0x44,0x29,0x44,0x29,
    0x44,0x29,0x24,0x21,0x24,0x29,0x44,0x29,0x44,0x29,0x44,0x29,0x44,0x29,0x44,0x29,
    0x44,0x29,0x44,0x29,0x44,0x29,0x44,0x29,0x24,0x29,0x24,0x29,0x44,0x29,0x44,0x29,
    0x44,0x29,0x44,0x29,0x44,0x29,0x24,0x29,0x24,0x29,0x24,0x29,0x24,0x21,0x24,0x29,
    0x24,0x29,0x24,0x29,0x24,0x29,0x24,0x29,0x24,0x21,0x24,0x21,0x24,0x21,0x24,0x21,
    0x24,0x21,0x24,0x21,0x24,0x21,0x03,0x21,0x03,0x21,0x24,0x21,0x03,0x21,0x03,0x21,
    0x03,0x21,0x03,0x21,0x03,0x21,0x04,0x21,0x04,0x21,0x04,0x21,0x23,0x21,0x23,0x21,
    0x03,0x21,0x03,0x21,0x24,0x21,0x04,0x21,0x04,0x21,0x04,0x21,0x03,0x21,0x03,0x21,
    0x84,0x39,0x67,0x5a,0x2b,0x7b,0x90,0xa4,0xd6,0xc5,0x99,0xd6,0xdb,0xde,0x1c,0xe7,
    0x3c,0xef,0x5d,0xef,0x7e,0xef,0xbf,0xf7,0x9e,0xf7,0x9e,0xef,0x9e,0xef,0x7e,0xef,
    0x7e,0xef,0x7e,0xef,0x7e,0xef,0x5d,0xef,0x5d,0xe7,0x5d,0xe7,0x5d,0xef,0x5c,0xef,
    0x3a,0xef,0xd8,0xee,0x76,0xe6,0xd3,0xdd,0x30,0xc5,0x8d,0xb4,0xea,0xa3,0x89,0x93,
    0x08,0x8b,0xa6,0x7a,0x65,0x72,0xa6,0x72,0xc7,0x7a,0xc6,0x7a,0xc6,0x7a,0xa6,0x7a,
    0x08,0x83,0xaa,0x93,0x0b,0xa4,0x8d,0xb4,0x0f,0xc5,0xb2,0xd5,0x56,0xde,0xb8,0xde,
    0xd9,0xe6,0xfa,0xe6,0xfb,0xde,0xfb,0xde,0xfb,0xde,0x1c,0xdf,0x1c,0xe7,0x3d,0xe7,
    0x3d,0xe7,0x5c,0xe7,0x5c,0xe7,0x3d,0xe7,0x5c,0xe7,0x3c,0xe7,0x3c,0xe7,0x3c,0xe7,
    0x1c,0xe7,0xfc,0xde,0xdb,0xde,0xba,0xd6,0x9a,0xd6,0x18,0xc6,0xb2,0x94,0x69,0x4a,
    0x04,0x21,0x24,0x21,0x44,0x29,0x24,0x29,0x44,0x29,0x45,0x29,0x45,0x29,0x45,0x29,
    0x65,0x31,0x45,0x29,0x44,0x29,0x65,0x29,0x45,0x29,0x65,0x29,0x65,0x31,0x65,0x29,
    0x65,0x29,0x85,0x31,0x65,0x29,0x45,0x29,0x65,0x29,0x65,0x31,0x65,0x29,0x65,0x29,
    0x65,0x29,0x65,0x29,0x45,0x29,0x24,0x29,0x24,0x21,0x65,0x29,0x85,0x31,0x65,0x29,
    0x65,0x29,0x85,0x31,0xa6,0x31,0xe7,0x39,0x86,0x31,0x86,0x31,0x65,0x29,0x86,0x31,
    0x86,0x31,0x86,0x31,0x86,0x31,0x86,0x31,0x86,0x31,0xa6,0x31,0xc6,0x39,0xe7,0x39,
    0xc6,0x39,0xa6,0x31,0xa6,0x31,0xa6,0x31,0xa6,0x31,0xa6,0x31,0x86,0x31,0xa6,0x31,
    0xa6,0x31,0xe7,0x39,0xc6,0x39,0xa6,0x31,0x86,0x31,0x86,0x31,0xa6,0x31,0x86,0x31,
    0x86,0x31,0x86,0x31,0x65,0x29,0x65,0x29,0xa6,0x31,0x86,0x31,0x65,0x29,0x65,0x29,
    0x65,0x29,0xa6,0x31,0xa6,0x31,0x85,0x31,0x86,0x31,0xa6,0x31,0xa6,0x31,0xa6,0x31,
    0x86,0x31,0xa6,0x31,0xc6,0x39,0xa6,0x31,0xc7,0x39,0xc7,0x39,0xa6,0x31,0xa6,0x31,
    0x86,0x31,0xc7,0x39,0xa6,0x31,0xa6,0x31,0xa6,0x31,0x65,0x29,0x66,0x31,0x86,0x31,
    0xa6,0x31,0x85,0x31,0x65,0x31,0x65,0x29,0x65,0x29,0x85,0x31,0x85,0x31,0x65,0x29,
    0x65,0x29,0x65,0x29,0x85,0x31,0x65,0x29,0x44,0x29,0x44,0x29,0x65,0x29,0x85,0x31,
    0x85,0x31,0x65,0x29,0x65,0x31,0x65,0x31,0x85,0x31,0x65,0x31,0x65,0x31,0x65,0x29,
    0x65,0x29,0x44,0x29,0x44,0x29,0x44,0x29,0x44,0x29,0x44,0x29,0x44,0x29,0x44,0x29,
    0x44,0x29,0x44,0x29,0x44,0x29,0x65,0x29,0x65,0x29,0x44,0x29,0x24,0x21,0x24,0x29,
    0x44,0x29,0x44,0x29,0x44,0x29,0x44,0x29,0x44,0x29,0x44,0x29,0x44,0x29,0x44,0x29,
    0x44,0x29,0x24,0x29,0x44,0x29,0x44,0x29,0x44,0x29,0x44,0x29,0x44,0x29,0x24,0x29,
    0x24,0x29,0x24,0x29,0x24,0x21,0x24,0x21,0x24,0x21,0x24,0x21,0x24,0x21,0x24,0x21,
    0x24,0x21,0x24,0x21,0x24,0x21,0x24,0x21,0x24,0x21,0x24,0x21,0x24,0x21,0x03,0x21,
    0x24,0x21,0x24,0x21,0x03,0x21,0x03,0x21,0x03,0x21,0x03,0x21,0x03,0x21,0x03,0x21,
    0x03,0x21,0x03,0x21,0x03,0x21,0x03,0x21,0x03,0x21,0x03,0x21,0x03,0x21,0x04,0x21,
    0x04,0x21,0x04,0x21,0x24,0x21,0x03,0x21,0x03,0x21,0x64,0x31,0x27,0x52,0x0a,0x73,
    0x2f,0x94,0x74,0xb5,0x78,0xce,0xda,0xde,0xfc,0xde,0x1c,0xe7,0x3d,0xe7,0x5d,0xef,
    0x7e,0xef,0x9e,0xf7,0x9e,0xf7,0x9e,0xef,0x7e,0xef,0x7e,0xef,0x7e,0xef,0x7e,0xef,
    0x7d,0xef,0x7d,0xef,0x5d,0xef,0x5d,0xe7,0x5d,0xef,0x5d,0xef,0x5d,0xef,0x3c,0xef,
    0x1c,0xef,0x1a,0xef,0xf9,0xee,0xd8,0xee,0x97,0xe6,0x56,0xde,0x35,0xd6,0x35,0xd6,
    0x36,0xde,0x57,0xde,0x36,0xde,0x35,0xd6,0x56,0xd6,0x98,0xde,0xb9,0xe6,0xda,0xe6,
    0xfb,0xee,0x1b,0xef,0x3c,0xe7,0x1c,0xe7,0x1c,0xe7,0x1c,0xe7,0x1c,0xe7,0x1d,0xe7,
    0x3d,0xe7,0x3d,0xe7,0x5d,0xef,0x5d,0xef,0x5d,0xef,0x5c,0xe7,0x5c,0xe7,0x5c,0xe7,
    0x3c,0xe7,0x3c,0xe7,0x1c,0xe7,0x1c,0xe7,0xfc,0xde,0xdb,0xde,0x9a,0xd6,0x38,0xce,
    0x76,0xb5,0x10,0x84,0x28,0x42,0x24,0x21,0x44,0x29,0x44,0x29,0x24,0x29,0x44,0x29,
    0x24,0x29,0x44,0x29,0x44,0x29,0x65,0x29,0x86,0x31,0x85,0x31,0x65,0x29,0x65,0x29,
    0x65,0x29,0x65,0x31,0x65,0x29,0x45,0x29,0x65,0x29,0x65,0x29,0x65,0x29,0x45,0x29,
    0x45,0x29,0x65,0x29,0x65,0x29,0x65,0x29,0x65,0x29,0x65,0x29,0x65,0x29,0x65,0x29,
    0x44,0x29,0x24,0x29,0x45,0x29,0x65,0x29,0x65,0x29,0x65,0x31,0x65,0x29,0xa6,0x31,
    0x86,0x31,0xa6,0x31,0x86,0x31,0x65,0x29,0x86,0x31,0xa6,0x31,0x86,0x31,0x65,0x29,
    0x85,0x31,0x85,0x31,0xa6,0x31,0xc7,0x39,0xc6,0x39,0xa6,0x31,0xa6,0x31,0x85,0x31,
    0xa6,0x31,0xc7,0x39,0xc6,0x39,0xc6,0x39,0xa6,0x31,0xe7,0x39,0xc6,0x39,0x86,0x31,
    0x86,0x31,0x86,0x31,0xa6,0x31,0x85,0x31,0x65,0x29,0x86,0x31,0x65,0x29,0x86,0x31,
    0xc7,0x39,0xa6,0x31,0x65,0x29,0x65,0x29,0x65,0x29,0x86,0x31,0xc6,0x39,0xa6,0x31,
    0xa6,0x31,0xc7,0x39,0xe7,0x39,0x86,0x31,0x65,0x29,0xa6,0x31,0xa6,0x31,0xa6,0x31,
    0xc6,0x39,0xc6,0x39,0xa6,0x31,0xa6,0x31,0xa6,0x31,0xe7,0x39,0xc7,0x39,0xa6,0x31,
    0xc6,0x31,0x86,0x31,0x65,0x31,0x66,0x31,0x85,0x31,0x85,0x31,0x65,0x31,0x65,0x29,
    0x65,0x29,0x65,0x31,0x65,0x29,0x65,0x29,0x65,0x29,0x65,0x29,0x85,0x31,0x65,0x29,
    0x44,0x29,0x44,0x29,0x65,0x29,0x85,0x31,0x85,0x31,0x65,0x29,0x85,0x31,0x85,0x31,
    0x85,0x31,0x65,0x29,0x65,0x29,0x44,0x29,0x44,0x29,0x44,0x29,0x44,0x29,0x44,0x29,
    0x44,0x29,0x44,0x29,0x44,0x29,0x44,0x29,0x44,0x29,0x44,0x29,0x44,0x29,0x65,0x29,
    0x65,0x29,0x65,0x29,0x44,0x29,0x44,0x29,0x44,0x29,0x44,0x29,0x44,0x29,0x44,0x29,
    0x44,0x29,0x44,0x29,0x44,0x29,0x44,0x29,0x44,0x29,0x44,0x29,0x44,0x29,0x44,0x29,
    0x44,0x29,0x44,0x29,0x44,0x29,0x24,0x29,0x24,0x29,0x24,0x29,0x24,0x21,0x24,0x21,
    0x24,0x21,0x24,0x21,0x24,0x21,0x24,0x21,0x24,0x21,0x24,0x21,0x24,0x21,0x24,0x21,
    0x24,0x21,0x24,0x21,0x03,0x21,0x03,0x21,0x03,0x21,0x24,0x21,0x03,0x21,0x03,0x21,
    0x03,0x21,0x03,0x21,0x03,0x21,0x03,0x21,0x03,0x21,0x03,0x21,0x03,0x21,0x03,0x21,
    0x03,0x21,0x03,0x21,0x03,0x21,0x04,0x21,0x04,0x21,0x04,0x21,0x04,0x21,0x04,0x21,
    0x03,0x21,0xe3,0x20,0x44,0x31,0x06,0x4a,0xa9,0x62,0xac,0x83,0xf2,0xac,0xf6,0xc5,
    0x99,0xd6,0xfb,0xde,0x1c,0xe7,0x1d,0xe7,0x5d,0xef,0x7d,0xef,0x9d,0xef,0x9e,0xf7,
    0x9e,0xef,0x9e,0xef,0x7e,0xef,0x7e,0xef,0x7e,0xef,0x5e,0xef,0x7e,0xef,0x5e,0xef,
    0x5d,0xef,0x5d,0xef,0x5d,0xef,0x5d,0xe7,0x5c,0xe7,0x3c,0xe7,0x3c,0xe7,0x3c,0xe7,
    0x3c,0xef,0x1c,0xe7,0x3c,0xef,0x3c,0xef,0x1c,0xef,0x3c,0xef,0x3c,0xef,0x3c,0xef,
    0x3b,0xe7,0x3b,0xe7,0x3c,0xe7,0x1c,0xe7,0x1c,0xe7,0x3d,0xe7,0x3d,0xe7,0x3c,0xe7,
    0x3d,0xe7,0x5d,0xef,0x5d,0xef,0x3d,0xef,0x5d,0xef,0x3d,0xef,0x3d,0xef,0x5d,0xe7,
    0x5d,0xe7,0x3d,0xe7,0x3c,0xe7,0x3c,0xe7,0x1c,0xe7,0x1c,0xdf,0x1c,0xdf,0xdc,0xde,
    0xbb,0xde,0x7a,0xd6,0xf7,0xc5,0x13,0xa5,0x4d,0x6b,0x85,0x31,0x24,0x21,0x65,0x31,
    0x44,0x29,0x24,0x21,0x04,0x21,0x44,0x29,0x45,0x29,0x45,0x29,0x45,0x29,0x65,0x29,
    0xa6,0x31,0xa6,0x39,0x85,0x31,0x65,0x29,0x45,0x29,0x45,0x29,0x45,0x29,0x45,0x29,
    0x65,0x29,0x65,0x29,0x65,0x29,0x65,0x29,0x85,0x31,0x86,0x31,0x85,0x31,0x85,0x31,
    0x65,0x29,0x65,0x29,0x65,0x31,0x85,0x31,0x45,0x29,0x24,0x29,0x45,0x29,0x65,0x29,
    0x65,0x31,0x65,0x29,0x86,0x31,0x86,0x31,0x86,0x31,0x86,0x31,0x86,0x31,0x65,0x29,
    0x86,0x31,0xa6,0x31,0xa6,0x31,0xa6,0x31,0xc6,0x39,0xc6,0x39,0xa6,0x31,0x86,0x31,
    0x85,0x31,0x85,0x31,0x86,0x31,0x85,0x31,0xa6,0x31,0xc7,0x39,0xc7,0x39,0xc6,0x39,
    0xc6,0x39,0xc7,0x39,0xc6,0x39,0xa6,0x31,0xa6,0x31,0x86,0x31,0xa6,0x31,0xa6,0x31,
    0x86,0x31,0xa6,0x31,0xa6,0x31,0x86,0x31,0xa6,0x31,0xa6,0x31,0x86,0x31,0xa6,0x31,
    0x86,0x31,0x86,0x31,0x86,0x31,0x85,0x31,0x85,0x31,0xa6,0x31,0xc6,0x39,0xa6,0x31,
    0xa6,0x31,0xa6,0x31,0x85,0x31,0x86,0x31,0xa6,0x31,0xa6,0x31,0xa6,0x31,0xa6,0x31,
    0x86,0x31,0xa6,0x31,0xa6,0x31,0xa6,0x31,0xa6,0x31,0x65,0x31,0x65,0x29,0x65,0x31,
    0x85,0x31,0x85,0x31,0x85,0x31,0x65,0x31,0x65,0x31,0x65,0x29,0x65,0x29,0x65,0x29,
    0x65,0x31,0x65,0x31,0x85,0x31,0x65,0x31,0x65,0x29,0x65,0x29,0x65,0x29,0x65,0x31,
    0x65,0x31,0x44,0x29,0x65,0x31,0xa6,0x31,0xa6,0x31,0x65,0x29,0x65,0x29,0x44,0x29,
    0x65,0x29,0x65,0x29,0x44,0x29,0x65,0x29,0x65,0x29,0x44,0x29,0x44,0x29,0x44,0x29,
    0x44,0x29,0x65,0x29,0x44,0x29,0x44,0x29,0x64,0x29,0x44,0x29,0x44,0x29,0x44,0x29,
    0x44,0x29,0x24,0x29,0x24,0x29,0x44,0x29,0x44,0x29,0x44,0x29,0x44,0x29,0x44,0x29,
    0x44,0x29,0x44,0x29,0x44,0x29,0x44,0x29,0x24,0x29,0x24,0x29,0x44,0x29,0x24,0x29,
    0x24,0x29,0x24,0x29,0x24,0x21,0x24,0x21,0x24,0x21,0x24,0x21,0x24,0x21,0x24,0x21,
    0x24,0x21,0x24,0x21,0x24,0x21,0x24,0x21,0x24,0x21,0x24,0x21,0x03,0x21,0x03,0x21,
    0x03,0x21,0x03,0x21,0x03,0x21,0x03,0x21,0x03,0x21,0x03,0x21,0x03,0x21,0x03,0x21,
    0x03,0x21,0x04,0x21,0x04,0x21,0x04,0x21,0x04,0x21,0x04,0x21,0x04,0x21,0x04,0x21,
    0x04,0x21,0x04,0x21,0x04,0x21,0x04,0x21,0x04,0x21,0x04,0x21,0x03,0x21,0x23,0x21,
    0xa4,0x39,0x67,0x5a,0x2a,0x73,0x4f,0x94,0x54,0xb5,0x38,0xce,0xbb,0xde,0xfc,0xde,
    0x1d,0xe7,0x3d,0xe7,0x5d,0xe7,0x7d,0xef,0x9e,0xef,0x9e,0xf7,0x9e,0xf7,0x9e,0xef,
    0x7e,0xef,0x7e,0xef,0x7d,0xef,0x7e,0xef,0x7e,0xef,0x5d,0xef,0x5d,0xef,0x5d,0xef,
    0x7d,0xef,0x5d,0xef,0x5d,0xef,0x5d,0xef,0x5d,0xef,0x3d,0xe7,0x3d,0xe7,0x5d,0xe7,
    0x5d,0xe7,0x5c,0xe7,0x3c,0xe7,0x3d,0xef,0x5d,0xef,0x5d,0xef,0x5c,0xe7,0x5d,0xef,
    0x3d,0xe7,0x3d,0xef,0x5d,0xef,0x5d,0xef,0x5d,0xe7,0x5d,0xef,0x5d,0xef,0x5d,0xef,
    0x5d,0xef,0x5d,0xef,0x5d,0xe7,0x3d,0xe7,0x3d,0xe7,0x3d,0xe7,0x3d,0xe7,0x1c,0xe7,
    0x1c,0xdf,0xfc,0xde,0xfb,0xde,0x9a,0xce,0x39,0xc6,0x75,0xb5,0x10,0x84,0x49,0x4a,
    0x44,0x29,0x24,0x21,0x44,0x29,0x45,0x29,0x44,0x29,0x44,0x29,0x24,0x21,0x24,0x29,
    0x45,0x29,0x45,0x29,0x65,0x29,0x65,0x29,0x85,0x31,0xc6,0x39,0x86,0x31,0x65,0x29,
    0x65,0x29,0x45,0x29,0x45,0x29,0x65,0x29,0x65,0x29,0x65,0x29,0x65,0x29,0x85,0x31,
    0x86,0x31,0x86,0x31,0x85,0x31,0x65,0x31,0x65,0x29,0x65,0x29,0x85,0x31,0x65,0x31,
    0x45,0x29,0x44,0x29,0x45,0x29,0x45,0x29,0x65,0x31,0x65,0x29,0x65,0x29,0x65,0x29,
    0x65,0x29,0x86,0x31,0x66,0x29,0x86,0x31,0xa6,0x31,0xa6,0x31,0x86,0x31,0xc7,0x39,
    0xc7,0x39,0xa6,0x31,0x65,0x29,0x85,0x31,0x86,0x31,0x86,0x31,0xa6,0x31,0xa6,0x31,
    0xa6,0x31,0xa6,0x31,0xa6,0x31,0xa6,0x31,0xa6,0x31,0xa6,0x31,0xa6,0x31,0xa6,0x31,
    0xc6,0x39,0xa6,0x31,0xa6,0x31,0x86,0x31,0x86,0x31,0x86,0x31,0x86,0x31,0x65,0x29,
    0x86,0x31,0x86,0x31,0xa6,0x31,0xa6,0x31,0x86,0x31,0x86,0x31,0x85,0x31,0x65,0x29,
    0x85,0x31,0x86,0x31,0x85,0x31,0xa6,0x31,0xc7,0x39,0xa6,0x31,0x86,0x31,0xc6,0x39,
    0xa6,0x31,0x86,0x31,0xc6,0x39,0xa6,0x31,0xa6,0x31,0xa6,0x31,0xa6,0x31,0xa6,0x31,
    0x86,0x31,0x65,0x29,0x66,0x31,0x86,0x31,0xa6,0x39,0x85,0x31,0x65,0x31,0x65,0x31,
    0x85,0x31,0x65,0x31,0x65,0x31,0x85,0x31,0x65,0x31,0x65,0x31,0x65,0x31,0x85,0x31,
    0x85,0x31,0x65,0x29,0x65,0x29,0x65,0x29,0x65,0x29,0x65,0x29,0x65,0x29,0x85,0x31,
    0x85,0x31,0x65,0x29,0x44,0x29,0x44,0x29,0x65,0x29,0x65,0x29,0x44,0x29,0x44,0x29,
    0x44,0x29,0x44,0x29,0x24,0x29,0x44,0x29,0x44,0x29,0x44,0x29,0x44,0x29,0x24,0x29,
    0x44,0x29,0x44,0x29,0x44,0x29,0x44,0x29,0x44,0x29,0x44,0x29,0x44,0x29,0x44,0x29,
    0x44,0x29,0x44,0x29,0x44,0x29,0x44,0x29,0x44,0x29,0x44,0x29,0x24,0x29,0x24,0x29,
    0x24,0x21,0x44,0x29,0x44,0x29,0x44,0x29,0x24,0x29,0x24,0x21,0x24,0x21,0x24,0x21,
    0x24,0x21,0x24,0x21,0x24,0x21,0x24,0x21,0x24,0x21,0x24,0x21,0x24,0x21,0x24,0x21,
    0x24,0x21,0x24,0x21,0x03,0x21,0x03,0x21,0x03,0x21,0x03,0x21,0x03,0x21,0x24,0x21,
    0x24,0x21,0x03,0x21,0x03,0x21,0x03,0x21,0x03,0x21,0x04,0x21,0x24,0x21,0x24,0x21,
    0x04,0x21,0x04,0x21,0x04,0x21,0x04,0x21,0x04,0x21,0x03,0x21,0x03,0x21,0x04,0x21,
    0x04,0x21,0x03,0x21,0x24,0x21,0x03,0x21,0x03,0x21,0x64,0x31,0x07,0x4a,0xc8,0x62,
    0x8c,0x83,0xb1,0xa4,0xb5,0xbd,0x79,0xd6,0xdb,0xde,0x1c,0xdf,0x1c,0xe7,0x3d,0xe7,
    0x5d,0xe7,0x7d,0xef,0x7d,0xef,0x9e,0xf7,0x9e,0xf7,0x9e,0xef,0x9e,0xef,0x9e,0xef,
    0x7e,0xef,0x5e,0xef,0x5e,0xef,0x5e,0xef,0x5e,0xef,0x5e,0xef,0x5d,0xef,0x5d,0xef,
    0x5d,0xef,0x5d,0xef,0x5d,0xef,0x7d,0xef,0x5d,0xe7,0x5d,0xe7,0x5d,0xe7,0x5d,0xef,
    0x5d,0xef,0x5d,0xef,0x5d,0xef,0x5d,0xef,0x5d,0xef,0x5d,0xef,0x5d,0xef,0x5d,0xef,
    0x7d,0xef,0x7d,0xef,0x7d,0xef,0x5d,0xef,0x5d,0xe7,0x5d,0xe7,0x3c,0xe7,0x3c,0xe7,
    0x1c,0xe7,0x1c,0xe7,0x1c,0xe7,0xfc,0xde,0xdb,0xde,0x9a,0xd6,0x59,0xce,0xd6,0xbd,
    0xb2,0x9c,0x0c,0x6b,0xc6,0x39,0x24,0x21,0x24,0x21,0x65,0x29,0x45,0x29,0x44,0x29,
    0x65,0x29,0x65,0x29,0x44,0x29,0x24,0x29,0x45,0x29,0x65,0x29,0x45,0x29,0x65,0x29,
    0x65,0x31,0xc7,0x39,0xc6,0x39,0x85,0x31,0x65,0x29,0x65,0x29,0x85,0x31,0x65,0x29,
    0x65,0x29,0x65,0x29,0x65,0x31,0x65,0x29,0x65,0x31,0x86,0x31,0x65,0x31,0x65,0x29,
    0x65,0x29,0x65,0x29,0x85,0x31,0x65,0x29,0x65,0x29,0x65,0x29,0x45,0x29,0x65,0x29,
    0x45,0x29,0x65,0x29,0x85,0x31,0x65,0x31,0x65,0x29,0x65,0x29,0x65,0x29,0x85,0x31,
    0xa6,0x31,0xa6,0x31,0x86,0x31,0x86,0x31,0xa6,0x31,0xa6,0x31,0x65,0x29,0x85,0x31,
    0xa6,0x31,0xc6,0x39,0xc6,0x39,0xa6,0x31,0xa6,0x31,0xa6,0x31,0xa6,0x31,0xa6,0x31,
    0xa6,0x31,0xa6,0x31,0xa6,0x31,0xc6,0x39,0xa6,0x31,0xa6,0x31,0x86,0x31,0x65,0x29,
    0x65,0x29,0x65,0x29,0x65,0x29,0x65,0x29,0x65,0x29,0x65,0x29,0x86,0x31,0x65,0x29,
    0x86,0x31,0x86,0x31,0x85,0x31,0x86,0x31,0x86,0x31,0xa6,0x31,0xa6,0x31,0x86,0x31,
    0xc7,0x39,0xa6,0x31,0xa6,0x31,0xc7,0x39,0xa6,0x31,0xa6,0x31,0xa6,0x31,0x86,0x31,
    0xa6,0x31,0xc7,0x39,0xa6,0x31,0xc7,0x39,0xa6,0x31,0x65,0x29,0x65,0x31,0x85,0x31,
    0x86,0x39,0x85,0x31,0x45,0x31,0x65,0x31,0x85,0x31,0x65,0x31,0x65,0x31,0x85,0x31,
    0x65,0x31,0x65,0x31,0x65,0x29,0x85,0x31,0x85,0x31,0x65,0x29,0x65,0x29,0x65,0x29,
    0x65,0x29,0x65,0x29,0x65,0x29,0x65,0x29,0x65,0x29,0x65,0x29,0x44,0x29,0x44,0x29,
    0x44,0x29,0x65,0x29,0x65,0x31,0x44,0x29,0x44,0x29,0x44,0x29,0x44,0x29,0x44,0x29,
    0x44,0x29,0x44,0x29,0x24,0x29,0x24,0x29,0x44,0x29,0x44,0x29,0x44,0x29,0x44,0x29,
    0x44,0x29,0x44,0x29,0x44,0x29,0x44,0x29,0x44,0x29,0x44,0x29,0x24,0x29,0x44,0x29,
    0x44,0x29,0x44,0x29,0x24,0x29,0x24,0x29,0x24,0x29,0x44,0x29,0x44,0x29,0x44,0x29,
    0x24,0x29,0x24,0x21,0x24,0x21,0x24,0x21,0x24,0x21,0x24,0x21,0x24,0x21,0x24,0x21,
    0x24,0x21,0x24,0x21,0x24,0x21,0x24,0x21,0x24,0x21,0x24,0x21,0x03,0x21,0x03,0x21,
    0x03,0x21,0x03,0x21,0x03,0x21,0x24,0x21,0x24,0x21,0x03,0x21,0x03,0x21,0x03,0x21,
    0x03,0x21,0x03,0x21,0x23,0x21,0x24,0x21,0x24,0x21,0x04,0x21,0x04,0x21,0x03,0x21,
    0x03,0x21,0x04,0x21,0x03,0x21,0x03,0x21,0x03,0x21,0x03,0x21,0x04,0x21,0x24,0x21,
    0x04,0x21,0x03,0x21,0x24,0x21,0xa5,0x39,0x67,0x5a,0x0a,0x6b,0xcd,0x83,0xf2,0xac,
    0xd6,0xc5,0x79,0xd6,0xdb,0xde,0xfc,0xe6,0x1c,0xe7,0x3d,0xe7,0x3d,0xe7,0x5d,0xe7,
    0x7d,0xef,0x9e,0xef,0x9e,0xf7,0x9e,0xf7,0x7e,0xef,0x7e,0xef,0x7e,0xef,0x5d,0xef,
    0x5e,0xef,0x5e,0xef,0x7e,0xef,0x7e,0xef,0x7d,0xef,0x7e,0xef,0x7e,0xef,0x7e,0xef,
    0x7e,0xef,0x7e,0xef,0x7d,0xef,0x7d,0xef,0x7d,0xef,0x7d,0xef,0x7d,0xef,0x5d,0xef,
    0x5d,0xef,0x5d,0xef,0x5d,0xef,0x7d,0xef,0x5d,0xef,0x5d,0xef,0x5d,0xef,0x3d,0xe7,
    0x3d,0xe7,0x3d,0xe7,0x3c,0xe7,0x1c,0xe7,0x1c,0xe7,0xfc,0xde,0xbb,0xde,0x9a,0xd6,
    0x38,0xc6,0xd7,0xbd,0x13,0xa5,0x8d,0x73,0x28,0x4a,0x44,0x29,0x24,0x21,0x45,0x29,
    0x45,0x29,0x44,0x29,0x45,0x29,0x65,0x29,0x65,0x31,0x65,0x31,0x65,0x29,0x45,0x29,
    0x65,0x29,0x45,0x29,0x45,0x29,0x65,0x29,0x85,0x31,0xc6,0x39,0xc7,0x39,0xa6,0x31,
    0x65,0x31,0x45,0x29,0x65,0x29,0x65,0x29,0x65,0x29,0x45,0x29,0x65,0x31,0x65,0x29,
    0x65,0x29,0x65,0x31,0x65,0x31,0x65,0x31,0x65,0x31,0x65,0x31,0x65,0x31,0x65,0x31,
    0x85,0x31,0x85,0x31,0x86,0x31,0xa6,0x31,0x65,0x31,0x65,0x29,0x65,0x31,0x65,0x31,
    0x85,0x31,0x85,0x31,0x86,0x31,0x86,0x31,0xa6,0x31,0xa6,0x31,0xa6,0x31,0x86,0x31,
    0xa6,0x31,0xa6,0x31,0x85,0x29,0x85,0x31,0xa6,0x31,0xa6,0x31,0xa6,0x31,0x85,0x31,
    0xc6,0x31,0xe7,0x39,0xc6,0x39,0xa6,0x31,0xa6,0x31,0xa6,0x31,0xa6,0x31,0xa6,0x31,
    0x86,0x31,0x86,0x31,0x85,0x31,0x85,0x31,0x86,0x31,0x86,0x31,0x86,0x31,0x86,0x31,
    0x86,0x31,0x86,0x31,0x86,0x31,0x86,0x31,0xc7,0x39,0xa6,0x31,0x86,0x31,0x86,0x31,
    0x65,0x29,0x86,0x31,0xa6,0x31,0x86,0x31,0xa6,0x31,0x86,0x31,0x86,0x31,0x86,0x31,
    0x86,0x31,0xa6,0x31,0xa6,0x31,0x86,0x31,0xa6,0x31,0xe7,0x39,0xa6,0x31,0xc7,0x39,
    0xa6,0x31,0x65,0x29,0x65,0x29,0x65,0x29,0x85,0x31,0x85,0x31,0x44,0x29,0x65,0x31,
    0x86,0x31,0x65,0x31,0x65,0x31,0x65,0x31,0x65,0x31,0x65,0x31,0x65,0x29,0x85,0x31,
    0x85,0x31,0x85,0x31,0x65,0x29,0x65,0x29,0x85,0x31,0x85,0x31,0x44,0x29,0x44,0x29,
    0x65,0x29,0x65,0x29,0x44,0x29,0x44,0x29,0x65,0x29,0x44,0x29,0x45,0x29,0x44,0x29,
    0x44,0x29,0x44,0x29,0x45,0x29,0x44,0x29,0x44,0x29,0x24,0x29,0x24,0x29,0x44,0x29,
    0x44,0x29,0x44,0x29,0x44,0x29,0x44,0x29,0x44,0x29,0x44,0x29,0x44,0x29,0x44,0x29,
    0x44,0x29,0x24,0x29,0x24,0x29,0x44,0x29,0x44,0x29,0x24,0x29,0x24,0x29,0x24,0x29,
    0x44,0x29,0x44,0x29,0x44,0x29,0x44,0x29,0x24,0x29,0x24,0x21,0x24,0x21,0x24,0x21,
    0x24,0x21,0x24,0x21,0x24,0x21,0x24,0x21,0x24,0x21,0x24,0x21,0x24,0x21,0x24,0x21,
    0x24,0x21,0x24,0x21,0x03,0x21,0x03,0x21,0x03,0x21,0x03,0x21,0x03,0x21,0x03,0x21,
    0x03,0x21,0x03,0x21,0x03,0x21,0x03,0x21,0x03,0x21,0x03,0x21,0x03,0x21,0x04,0x21,
    0x04,0x21,0x04,0x21,0x04,0x21,0x03,0x21,0x03,0x21,0x04,0x21,0x04,0x21,0x04,0x21,
    0x03,0x21,0x03,0x21,0x04,0x21,0x03,0x21,0x03,0x21,0x04,0x21,0x03,0x21,0x03,0x21,
    0x44,0x31,0xe6,0x41,0x68,0x5a,0x0a,0x73,0xee,0x8b,0xd2,0xa4,0xb6,0xc5,0x79,0xce,
    0xdb,0xde,0xfc,0xde,0x1c,0xdf,0x1c,0xdf,0x3d,0xe7,0x5d,0xe7,0x5d,0xef,0x5d,0xef,
    0x5d,0xef,0x5d,0xef,0x5d,0xef,0x7d,0xef,0x7d,0xef,0x7d,0xef,0x7d,0xef,0x7d,0xef,
    0x7d,0xef,0x7e,0xef,0x7e,0xef,0x7e,0xef,0x7e,0xef,0x7e,0xef,0x7e,0xef,0x7e,0xef,
    0x7e,0xef,0x7e,0xef,0x7d,0xef,0x5e,0xef,0x5d,0xe7,0x5d,0xe7,0x5d,0xe7,0x5d,0xef,
    0x3c,0xe7,0x3c,0xe7,0x3c,0xe7,0x1c,0xe7,0x1c,0xe7,0xfc,0xde,0x1c,0xdf,0xfc,0xde,
    0xdb,0xde,0x79,0xd6,0x18,0xc6,0xb6,0xb5,0xf3,0x9c,0xef,0x7b,0x89,0x52,0x65,0x31,
    0x24,0x29,0x44,0x29,0x65,0x29,0x65,0x29,0x45,0x29,0x45,0x29,0x45,0x29,0x45,0x29,
    0x65,0x29,0x65,0x29,0x65,0x29,0x65,0x29,0x45,0x29,0x45,0x29,0x45,0x29,0x65,0x29,
    0x85,0x31,0xa6,0x31,0xa6,0x31,0x86,0x31,0x65,0x31,0x45,0x29,0x45,0x29,0x65,0x29,
    0x65,0x29,0x45,0x29,0x85,0x31,0x85,0x31,0x45,0x29,0x65,0x29,0x65,0x29,0x65,0x29,
    0xa6,0x31,0xa6,0x31,0x85,0x31,0x85,0x31,0xa6,0x31,0x86,0x31,0x86,0x31,0x86,0x31,
    0x85,0x31,0x85,0x31,0x65,0x31,0x85,0x31,0x86,0x31,0xa6,0x31,0xc6,0x39,0xa6,0x31,
    0xa6,0x31,0xa6,0x31,0xa6,0x31,0xa6,0x39,0x86,0x31,0x65,0x29,0x65,0x29,0xa6,0x31,
    0xa6,0x31,0x86,0x31,0xa6,0x31,0xa6,0x31,0xc7,0x39,0xe7,0x39,0xc6,0x39,0xa6,0x31,
    0x86,0x31,0x86,0x31,0xa6,0x31,0xa6,0x31,0xa6,0x31,0xa6,0x31,0x86,0x31,0x86,0x31,
    0x86,0x31,0x65,0x29,0x86,0x31,0xa6,0x31,0x86,0x31,0x86,0x31,0x86,0x31,0x86,0x31,
    0xe7,0x39,0xa6,0x31,0x86,0x31,0x86,0x31,0x86,0x31,0x86,0x31,0xa6,0x31,0xa6,0x31,
    0xc7,0x39,0xc7,0x39,0xa6,0x31,0xa6,0x31,0xa6,0x31,0xa6,0x31,0xa6,0x31,0xa6,0x31,
    0xc7,0x39,0xa6,0x31,0x86,0x31,0xa6,0x31,0xa6,0x31,0x45,0x29,0x44,0x29,0x44,0x29,
    0x85,0x31,0x65,0x31,0x45,0x29,0x65,0x31,0x85,0x31,0x65,0x31,0x44,0x29,0x44,0x29,
    0x65,0x31,0x86,0x31,0x85,0x31,0x65,0x31,0x85,0x31,0x85,0x31,0x65,0x31,0x85,0x31,
    0x85,0x31,0x85,0x31,0x65,0x29,0x44,0x29,0x44,0x29,0x44,0x29,0x65,0x29,0x65,0x29,
    0x85,0x31,0x65,0x29,0x65,0x31,0x65,0x31,0x45,0x29,0x44,0x29,0x44,0x29,0x44,0x29,
    0x24,0x29,0x24,0x29,0x44,0x29,0x44,0x29,0x45,0x29,0x44,0x29,0x44,0x29,0x44,0x29,
    0x44,0x29,0x44,0x29,0x44,0x29,0x44,0x29,0x44,0x29,0x44,0x29,0x24,0x29,0x44,0x29,
    0x44,0x29,0x24,0x21,0x24,0x21,0x44,0x29,0x44,0x29,0x24,0x29,0x24,0x29,0x44,0x29,
    0x24,0x29,0x24,0x29,0x24,0x29,0x24,0x21,0x24,0x21,0x24,0x21,0x24,0x21,0x24,0x21,
    0x24,0x21,0x24,0x21,0x24,0x21,0x24,0x21,0x24,0x21,0x24,0x21,0x03,0x21,0x03,0x21,
    0x03,0x21,0x03,0x21,0x03,0x21,0x03,0x21,0x03,0x21,0x03,0x21,0x03,0x21,0x03,0x21,
    0x03,0x21,0x03,0x21,0x03,0x21,0x03,0x21,0x04,0x21,0x04,0x21,0x04,0x21,0x04,0x21,
    0x04,0x21,0x04,0x21,0x04,0x21,0x04,0x21,0x03,0x21,0x03,0x21,0x04,0x21,0x03,0x21,
    0x04,0x21,0x04,0x21,0x03,0x21,0x04,0x21,0xe3,0x18,0x03,0x21,0x64,0x39,0xe5,0x49,
    0x67,0x5a,0x0a,0x73,0xee,0x8b,0xd1,0xa4,0x95,0xbd,0x37,0xc6,0x99,0xd6,0xdb,0xde,
    0xfb,0xde,0x1c,0xe7,0x1c,0xe7,0x3d,0xe7,0x3d,0xe7,0x3d,0xe7,0x5d,0xe7,0x5d,0xe7,
    0x5d,0xe7,0x5d,0xe7,0x5d,0xef,0x5d,0xef,0x5d,0xef,0x5d,0xef,0x5d,0xef,0x5e,0xef,
    0x7d,0xef,0x5d,0xef,0x5d,0xef,0x5d,0xef,0x5d,0xef,0x5d,0xef,0x3d,0xe7,0x5d,0xe7,
    0x3d,0xe7,0x3d,0xe7,0x3d,0xe7,0x3d,0xe7,0x1c,0xe7,0x1c,0xe7,0x1c,0xe7,0x1c,0xe7,
    0xfc,0xde,0xdb,0xde,0x9a,0xd6,0x59,0xce,0xf8,0xc5,0x75,0xb5,0x92,0x9c,0xae,0x7b,
    0x89,0x52,0x85,0x31,0x44,0x29,0x44,0x29,0x44,0x29,0x44,0x29,0x65,0x29,0x65,0x29,
    0x45,0x29,0x45,0x29,0x45,0x29,0x65,0x29,0x65,0x29,0x45,0x29,0x45,0x29,0x45,0x29,
    0x45,0x29,0x45,0x29,0x45,0x29,0x45,0x29,0x85,0x31,0xa6,0x31,0x86,0x31,0x65,0x29,
    0x45,0x29,0x45,0x29,0x45,0x29,0x65,0x29,0x65,0x29,0x65,0x29,0x85,0x31,0x65,0x31,
    0x65,0x29,0x65,0x31,0x65,0x31,0x65,0x29,0x85,0x31,0x85,0x31,0x65,0x29,0x65,0x29,
    0x85,0x31,0xc6,0x39,0xc6,0x39,0x65,0x29,0x65,0x29,0x65,0x31,0x65,0x31,0x85,0x31,
    0x86,0x31,0xa6,0x31,0xc6,0x39,0x86,0x31,0x85,0x31,0x86,0x31,0xa6,0x31,0xa6,0x39,
    0x65,0x29,0x45,0x29,0x85,0x31,0xa6,0x31,0xc6,0x39,0xc6,0x39,0xc6,0x39,0xc6,0x39,
    0x86,0x31,0x86,0x31,0xa6,0x31,0x86,0x31,0x85,0x31,0x86,0x31,0xa6,0x31,0xa6,0x31,
    0xa6,0x31,0xc6,0x39,0xa6,0x31,0x86,0x31,0xa6,0x31,0x65,0x29,0x65,0x29,0x86,0x31,
    0x86,0x31,0x86,0x31,0x86,0x31,0x86,0x31,0x86,0x31,0x65,0x29,0x86,0x31,0xa6,0x31,
    0x86,0x31,0xc7,0x39,0xa6,0x31,0x86,0x31,0x86,0x31,0xa6,0x31,0x86,0x31,0xa6,0x31,
    0xa6,0x31,0xa6,0x31,0xa6,0x31,0xa6,0x31,0xa6,0x31,0x86,0x31,0x86,0x31,0xa6,0x31,
    0xa6,0x31,0x65,0x29,0x44,0x29,0x44,0x29,0xa6,0x39,0x65,0x31,0x65,0x31,0x85,0x31,
    0x85,0x31,0x45,0x29,0x44,0x29,0x65,0x31,0x65,0x31,0x85,0x31,0x85,0x31,0x65,0x29,
    0x65,0x29,0x65,0x29,0x65,0x31,0x65,0x31,0x85,0x31,0x85,0x31,0x65,0x29,0x44,0x29,
    0x44,0x29,0x44,0x29,0x44,0x29,0x44,0x29,0x65,0x31,0x85,0x31,0x65,0x31,0x65,0x31,
    0x65,0x31,0x45,0x29,0x44,0x29,0x44,0x29,0x24,0x29,0x44,0x29,0x44,0x29,0x44,0x29,
    0x45,0x29,0x44,0x29,0x44,0x29,0x44,0x29,0x44,0x29,0x44,0x29,0x44,0x29,0x44,0x29,
    0x44,0x29,0x44,0x29,0x24,0x29,0x44,0x29,0x44,0x29,0x24,0x29,0x24,0x29,0x44,0x29,
    0x44,0x29,0x44,0x29,0x44,0x29,0x44,0x29,0x24,0x29,0x24,0x29,0x24,0x29,0x24,0x21,
    0x24,0x21,0x24,0x21,0x24,0x21,0x24,0x21,0x24,0x21,0x24,0x21,0x24,0x21,0x24,0x21,
    0x24,0x21,0x24,0x21,0x03,0x21,0x03,0x21,0x03,0x21,0x03,0x21,0x03,0x21,0x03,0x21,
    0x03,0x21,0x24,0x21,0x24,0x21,0x03,0x21,0x03,0x21,0x03,0x21,0x03,0x21,0x04,0x21,
    0x04,0x21,0x04,0x21,0x04,0x21,0x04,0x21,0x04,0x21,0x04,0x21,0x04,0x21,0x04,0x21,
    0x04,0x21,0x03,0x21,0x03,0x21,0x04,0x21,0x04,0x21,0x04,0x21,0x04,0x21,0x04,0x21,
    0xe4,0x20,0x03,0x21,0xe3,0x20,0x03,0x29,0x64,0x31,0xc5,0x41,0x68,0x5a,0xe9,0x6a,
    0x8c,0x7b,0x4f,0x94,0x12,0xad,0xd5,0xbd,0x38,0xce,0x99,0xd6,0xba,0xde,0xfb,0xde,
    0x1c,0xdf,0x1c,0xe7,0x1c,0xe7,0x3c,0xe7,0x3c,0xe7,0x3d,0xe7,0x3d,0xe7,0x3d,0xe7,
    0x3d,0xe7,0x3d,0xe7,0x3c,0xe7,0x3c,0xe7,0x3d,0xe7,0x3d,0xe7,0x3d,0xe7,0x3d,0xe7,
    0x3c,0xe7,0x3c,0xe7,0x3c,0xe7,0x3c,0xe7,0x1c,0xe7,0x1c,0xe7,0x1c,0xe7,0x1c,0xe7,
    0xfc,0xde,0xfb,0xde,0xbb,0xde,0x9a,0xd6,0x59,0xce,0xf7,0xc5,0x75,0xb5,0xf3,0xa4,
    0x50,0x8c,0x6d,0x73,0x48,0x4a,0xa6,0x39,0x24,0x29,0x24,0x21,0x44,0x29,0x65,0x29,
    0x44,0x29,0x65,0x29,0x65,0x31,0x45,0x29,0x45,0x29,0x45,0x29,0x45,0x29,0x65,0x29,
    0x45,0x29,0x45,0x29,0x65,0x29,0x65,0x29,0x65,0x29,0x65,0x29,0x45,0x29,0x45,0x29,
    0x65,0x29,0x86,0x31,0x85,0x31,0x65,0x29,0x45,0x29,0x45,0x29,0x65,0x29,0x65,0x29,
    0x65,0x29,0x65,0x29,0x65,0x29,0x65,0x29,0x65,0x29,0x85,0x31,0x65,0x29,0x65,0x29,
    0x65,0x31,0x65,0x31,0x65,0x29,0x45,0x29,0x65,0x29,0xa6,0x31,0xc6,0x39,0x45,0x29,
    0x65,0x29,0x65,0x29,0x65,0x31,0x85,0x31,0x85,0x31,0x86,0x31,0xa6,0x31,0x86,0x31,
    0x85,0x31,0x86,0x31,0xa6,0x31,0xa6,0x31,0x86,0x31,0x65,0x29,0x85,0x31,0x85,0x31,
    0xc6,0x39,0xa6,0x31,0x85,0x31,0x85,0x31,0x85,0x31,0xa6,0x31,0xc6,0x39,0x86,0x31,
    0x85,0x31,0x86,0x31,0xa6,0x31,0x86,0x31,0xa6,0x31,0xc6,0x39,0xa6,0x31,0x85,0x31,
    0x86,0x31,0x65,0x29,0x65,0x29,0x86,0x31,0x86,0x31,0xa6,0x31,0xa6,0x31,0x65,0x29,
    0x86,0x31,0x65,0x29,0x86,0x31,0xa6,0x31,0xa6,0x31,0xa6,0x31,0x86,0x31,0x86,0x31,
    0x65,0x29,0x86,0x31,0x86,0x31,0xa6,0x31,0xa6,0x31,0x86,0x31,0x86,0x31,0x86,0x31,
    0x86,0x31,0x65,0x29,0x86,0x31,0x86,0x31,0x86,0x31,0x86,0x31,0x85,0x31,0x65,0x29,
    0x85,0x31,0x65,0x31,0x65,0x31,0x65,0x31,0x85,0x31,0x44,0x29,0x65,0x31,0x65,0x31,
    0x65,0x31,0x85,0x31,0x85,0x31,0x65,0x31,0x65,0x29,0x85,0x31,0x85,0x31,0x85,0x31,
    0x85,0x31,0x85,0x31,0x65,0x29,0x65,0x29,0x65,0x29,0x65,0x29,0x65,0x29,0x65,0x29,
    0x65,0x31,0x85,0x31,0x65,0x31,0x65,0x31,0x65,0x31,0x45,0x29,0x24,0x29,0x24,0x29,
    0x44,0x29,0x44,0x29,0x44,0x29,0x44,0x29,0x44,0x29,0x44,0x29,0x24,0x29,0x44,0x29,
    0x44,0x29,0x44,0x29,0x44,0x29,0x44,0x29,0x24,0x29,0x24,0x29,0x24,0x29,0x44,0x29,
    0x44,0x29,0x44,0x29,0x44,0x29,0x44,0x29,0x44,0x29,0x44,0x29,0x44,0x29,0x24,0x29,
    0x24,0x29,0x24,0x21,0x24,0x21,0x24,0x21,0x24,0x21,0x24,0x21,0x24,0x21,0x24,0x21,
    0x24,0x21,0x24,0x21,0x24,0x21,0x24,0x21,0x24,0x21,0x03,0x21,0x03,0x21,0x03,0x21,
    0x03,0x21,0x03,0x21,0x24,0x21,0x24,0x21,0x24,0x21,0x03,0x21,0x03,0x21,0x03,0x21,
    0x03,0x21,0x03,0x21,0x03,0x21,0x04,0x21,0x04,0x21,0x04,0x21,0x04,0x21,0x04,0x21,
    0x04,0x21,0x04,0x21,0x04,0x21,0x04,0x21,0x03,0x21,0x03,0x21,0x03,0x21,0x03,0x21,
    0x03,0x21,0x03,0x21,0x03,0x21,0x04,0x21,0x03,0x21,0x04,0x21,0x04,0x21,0x04,0x21,
    0x03,0x21,0x03,0x21,0x44,0x31,0xa5,0x41,0x26,0x52,0x88,0x5a,0x0a,0x6b,0xac,0x7b,
    0x4f,0x94,0xf2,0xa4,0x74,0xb5,0xf7,0xc5,0x58,0xce,0x7a,0xd6,0xbb,0xde,0xdb,0xde,
    0xfc,0xde,0x1c,0xe7,0x1c,0xe7,0x1c,0xe7,0x1c,0xe7,0x1c,0xe7,0x1c,0xe7,0x1c,0xdf,
    0x1c,0xe7,0x1d,0xe7,0x1c,0xe7,0x1c,0xe7,0x1c,0xdf,0x1c,0xdf,0x1c,0xdf,0x1c,0xdf,
    0x1c,0xdf,0xfb,0xde,0xdb,0xde,0x9a,0xd6,0x79,0xd6,0x38,0xce,0xd7,0xbd,0x75,0xb5,
    0xf3,0xa4,0x50,0x8c,0xad,0x7b,0xca,0x62,0x07,0x42,0x65,0x31,0x44,0x29,0x44,0x29,
    0x65,0x29,0x65,0x29,0x45,0x29,0x45,0x29,0x45,0x29,0x45,0x29,0x45,0x29,0x45,0x29,
    0x45,0x29,0x45,0x29,0x65,0x29,0x65,0x29,0x45,0x29,0x45,0x29,0x65,0x29,0x65,0x29,
    0x65,0x29,0x65,0x29,0x65,0x29,0x65,0x29,0x45,0x29,0x65,0x29,0xa6,0x31,0x65,0x31,
    0x65,0x29,0x65,0x29,0x65,0x29,0x65,0x29,0x45,0x29,0x45,0x29,0x65,0x31,0x65,0x31,
    0x85,0x31,0x65,0x31,0x65,0x31,0x65,0x29,0x85,0x31,0x85,0x31,0x85,0x31,0x65,0x29,
    0x65,0x31,0x85,0x31,0x65,0x31,0x65,0x29,0x85,0x31,0x85,0x31,0x85,0x31,0x86,0x31,
    0xa6,0x31,0x86,0x31,0x86,0x31,0x86,0x31,0x86,0x31,0xa6,0x31,0x86,0x31,0x86,0x31,
    0x86,0x31,0x86,0x31,0x85,0x31,0x85,0x31,0xa6,0x31,0xa6,0x31,0x85,0x31,0x65,0x29,
    0x65,0x29,0x86,0x31,0xa6,0x31,0xa6,0x31,0x85,0x31,0x86,0x31,0xa6,0x31,0xa6,0x31,
    0xc7,0x39,0xa6,0x31,0x85,0x31,0x85,0x31,0x65,0x29,0x65,0x29,0x86,0x31,0x86,0x31,
    0x86,0x31,0x86,0x31,0xa6,0x31,0x86,0x31,0x86,0x31,0x86,0x31,0x86,0x31,0x86,0x31,
    0x86,0x31,0xa6,0x31,0x86,0x31,0x86,0x31,0xa6,0x31,0xa6,0x31,0xa6,0x31,0x86,0x31,
    0x86,0x31,0x86,0x31,0xa6,0x31,0xa6,0x31,0x86,0x31,0x86,0x31,0x86,0x31,0x65,0x29,
    0x86,0x29,0x86,0x31,0x65,0x31,0x65,0x29,0x65,0x31,0x65,0x31,0x85,0x31,0x65,0x31,
    0x65,0x31,0x44,0x29,0x44,0x29,0x45,0x29,0x65,0x31,0x65,0x31,0x65,0x29,0x65,0x31,
    0x65,0x29,0x85,0x31,0xa6,0x31,0x85,0x31,0x85,0x31,0x65,0x31,0x65,0x29,0x44,0x29,
    0x65,0x29,0x65,0x29,0x65,0x29,0x65,0x29,0x65,0x29,0x65,0x31,0x85,0x31,0x85,0x31,
    0x65,0x31,0x45,0x29,0x44,0x29,0x44,0x29,0x44,0x29,0x44,0x29,0x24,0x29,0x24,0x29,
    0x44,0x29,0x44,0x29,0x24,0x29,0x44,0x29,0x44,0x29,0x24,0x29,0x44,0x29,0x44,0x29,
    0x24,0x29,0x24,0x29,0x24,0x29,0x24,0x29,0x24,0x29,0x24,0x29,0x24,0x29,0x24,0x29,
    0x24,0x29,0x24,0x29,0x24,0x29,0x24,0x21,0x24,0x21,0x24,0x21,0x24,0x21,0x24,0x21,
    0x24,0x21,0x24,0x21,0x24,0x21,0x24,0x21,0x24,0x21,0x24,0x21,0x24,0x21,0x24,0x21,
    0x24,0x21,0x03,0x21,0x03,0x21,0x03,0x21,0x03,0x21,0x03,0x21,0x24,0x21,0x24,0x21,
    0x24,0x21,0x03,0x21,0x03,0x21,0x24,0x21,0x03,0x21,0x03,0x21,0x03,0x21,0x04,0x21,
    0x03,0x21,0x03,0x21,0x03,0x21,0x03,0x21,0x03,0x21,0x04,0x21,0x04,0x21,0x04,0x21,
    0x03,0x21,0x03,0x21,0x03,0x21,0x03,0x21,0x03,0x21,0x03,0x21,0x03,0x21,0x03,0x21,
    0x03,0x21,0x04,0x21,0x04,0x21,0x04,0x21,0x04,0x21,0xe3,0x20,0xe3,0x20,0x03,0x21,
    0x23,0x29,0x64,0x31,0xc6,0x41,0x27,0x4a,0x88,0x5a,0x0a,0x6b,0x8c,0x7b,0x0e,0x8c,
    0x90,0x9c,0xf2,0xac,0x54,0xb5,0xd6,0xbd,0xf7,0xc5,0x38,0xce,0x58,0xce,0x79,0xd6,
    0x9a,0xd6,0xba,0xd6,0xba,0xd6,0xbb,0xd6,0xbb,0xde,0xbb,0xde,0xbb,0xde,0xbb,0xde,
    0x9a,0xd6,0x9a,0xd6,0x79,0xce,0x59,0xce,0x38,0xce,0xf7,0xc5,0xb6,0xbd,0x75,0xb5,
    0xf3,0xa4,0x91,0x94,0xef,0x83,0x6d,0x73,0xca,0x5a,0x07,0x4a,0xa5,0x39,0x44,0x29,
    0x24,0x29,0x45,0x29,0x45,0x29,0x65,0x29,0x65,0x29,0x44,0x29,0x44,0x29,0x65,0x29,
    0x65,0x29,0x65,0x29,0x65,0x29,0x65,0x29,0x65,0x29,0x45,0x29,0x45,0x29,0x65,0x29,
    0x65,0x29,0x45,0x29,0x45,0x29,0x65,0x29,0x65,0x29,0x65,0x31,0x85,0x31,0x65,0x29,
    0x65,0x29,0x65,0x31,0xe7,0x39,0xc6,0x39,0x65,0x29,0x65,0x29,0x65,0x29,0x65,0x29,
    0x65,0x29,0x85,0x31,0xa6,0x31,0x86,0x31,0x86,0x31,0x65,0x31,0x85,0x31,0x65,0x29,
    0x85,0x31,0x65,0x31,0x65,0x29,0x65,0x29,0x85,0x31,0xa6,0x39,0x86,0x31,0x65,0x29,
    0x65,0x31,0x85,0x31,0x85,0x31,0x86,0x31,0xa6,0x31,0x86,0x31,0x65,0x31,0x65,0x29,
    0x86,0x31,0xa6,0x31,0x85,0x31,0x65,0x31,0x85,0x31,0x85,0x31,0x65,0x29,0x85,0x31,
    0x86,0x31,0xc6,0x39,0xa6,0x31,0x85,0x31,0x65,0x29,0x65,0x29,0x65,0x29,0xa6,0x31,
    0xa6,0x31,0xa6,0x31,0xa6,0x31,0xa6,0x31,0xc6,0x39,0xa6,0x31,0xa6,0x31,0x85,0x31,
    0x65,0x29,0x65,0x29,0x65,0x29,0x86,0x31,0x86,0x31,0x86,0x31,0x86,0x31,0xa6,0x31,
    0x86,0x31,0x86,0x31,0x86,0x31,0x86,0x31,0x86,0x31,0xa6,0x31,0xa6,0x31,0x86,0x31,
    0xa6,0x31,0xa6,0x31,0xa6,0x31,0x86,0x31,0x86,0x31,0x86,0x31,0xa6,0x31,0xa6,0x31,
    0x86,0x31,0x86,0x31,0x86,0x31,0x86,0x31,0xa6,0x31,0x86,0x31,0x65,0x29,0x45,0x29,
    0xa6,0x39,0xa6,0x39,0xc6,0x39,0x85,0x31,0x65,0x31,0x65,0x31,0x85,0x31,0xa6,0x39,
    0xa6,0x39,0x65,0x29,0x44,0x29,0x65,0x29,0x65,0x31,0xa6,0x31,0x85,0x31,0x85,0x31,
    0x85,0x31,0x65,0x31,0x65,0x29,0x65,0x29,0x65,0x29,0x65,0x29,0x65,0x29,0x65,0x29,
    0x65,0x29,0x65,0x29,0x65,0x31,0x85,0x31,0x65,0x31,0x45,0x29,0x45,0x29,0x44,0x29,
    0x44,0x29,0x24,0x29,0x24,0x29,0x44,0x29,0x44,0x29,0x44,0x29,0x44,0x29,0x44,0x29,
    0x44,0x29,0x24,0x29,0x24,0x29,0x44,0x29,0x24,0x29,0x44,0x29,0x44,0x29,0x44,0x29,
    0x44,0x29,0x44,0x29,0x24,0x29,0x24,0x29,0x24,0x21,0x24,0x21,0x24,0x21,0x24,0x21,
    0x24,0x21,0x24,0x21,0x24,0x21,0x24,0x21,0x24,0x21,0x24,0x21,0x24,0x21,0x24,0x21,
    0x24,0x21,0x24,0x21,0x24,0x21,0x24,0x21,0x24,0x21,0x03,0x21,0x03,0x21,0x03,0x21,
    0x03,0x21,0x03,0x21,0x03,0x21,0x24,0x21,0x24,0x21,0x24,0x21,0x03,0x21,0x24,0x21,
    0x03,0x21,0x03,0x21,0x03,0x21,0x04,0x21,0x04,0x21,0x04,0x21,0x04,0x21,0x04,0x21,
    0x04,0x21,0x04,0x21,0x04,0x21,0x04,0x21,0x03,0x21,0x03,0x21,0x03,0x21,0x03,0x21,
    0x03,0x21,0x03,0x21,0x03,0x21,0x03,0x21,0x03,0x21,0x04,0x21,0x04,0x21,0x04,0x21,
    0x04,0x21,0x04,0x21,0x04,0x21,0x04,0x21,0x03,0x21,0xe3,0x20,0x03,0x21,0x23,0x29,
    0x64,0x31,0xa5,0x39,0x06,0x4a,0x47,0x52,0xa9,0x62,0x2a,0x73,0x8c,0x7b,0xcd,0x83,
    0x0e,0x8c,0x70,0x9c,0xb1,0xa4,0xf2,0xac,0x13,0xad,0x54,0xad,0x74,0xb5,0x75,0xb5,
    0x75,0xb5,0x95,0xbd,0x75,0xb5,0x75,0xb5,0x54,0xb5,0x34,0xad,0xf3,0xa4,0xb1,0x9c,
    0x70,0x94,0x0f,0x8c,0xad,0x7b,0x4c,0x6b,0xca,0x62,0x48,0x52,0xe6,0x41,0x85,0x31,
    0x44,0x31,0x44,0x29,0x44,0x29,0x44,0x29,0x65,0x29,0x65,0x29,0x45,0x29,0x45,0x29,
    0x45,0x29,0x45,0x29,0x45,0x29,0x45,0x29,0x65,0x29,0x65,0x29,0x65,0x29,0x65,0x29,
    0x65,0x31,0x65,0x29,0x44,0x29,0x45,0x29,0x65,0x29,0x44,0x29,0x44,0x29,0x44,0x29,
    0x65,0x29,0x85,0x31,0x85,0x31,0x65,0x29,0x65,0x29,0x85,0x31,0xc7,0x39,0x86,0x31,
    0x45,0x29,0x65,0x31,0x65,0x31,0x45,0x29,0x45,0x29,0x85,0x31,0x65,0x29,0x65,0x31,
    0x85,0x31,0x65,0x29,0x65,0x29,0x65,0x29,0x65,0x31,0x85,0x31,0x85,0x31,0x65,0x29,
    0x65,0x29,0x86,0x31,0x85,0x31,0x45,0x29,0x44,0x29,0x45,0x29,0x85,0x31,0x86,0x31,
    0x86,0x31,0x85,0x31,0x65,0x31,0x85,0x31,0xa6,0x31,0xa6,0x39,0x86,0x31,0x86,0x31,
    0x85,0x31,0x85,0x31,0x85,0x31,0x85,0x31,0x86,0x31,0xc6,0x39,0xa6,0x31,0xa6,0x31,
    0x85,0x31,0x65,0x29,0x85,0x31,0xa6,0x31,0xa6,0x31,0xa6,0x31,0x86,0x31,0x85,0x31,
    0x85,0x31,0x86,0x31,0xa6,0x31,0x65,0x29,0x65,0x29,0x45,0x29,0x65,0x29,0x86,0x31,
    0xa6,0x31,0x65,0x29,0x65,0x29,0x86,0x31,0x86,0x31,0x65,0x29,0x86,0x31,0x86,0x31,
    0x86,0x31,0xa6,0x31,0xa6,0x31,0x86,0x31,0x86,0x31,0xa6,0x31,0xa6,0x31,0x86,0x31,
    0xa6,0x31,0x86,0x31,0x86,0x31,0x86,0x31,0x86,0x31,0x86,0x31,0x86,0x31,0x86,0x31,
    0xa7,0x31,0x86,0x31,0x65,0x31,0x65,0x29,0x85,0x31,0xa6,0x39,0xa6,0x39,0x65,0x31,
    0x65,0x31,0x65,0x31,0x85,0x31,0x86,0x31,0xc6,0x39,0x85,0x31,0x44,0x29,0x65,0x29,
    0x65,0x29,0xa6,0x31,0x85,0x31,0x65,0x31,0x65,0x31,0x65,0x31,0x65,0x31,0x65,0x29,
    0x65,0x29,0x65,0x29,0x65,0x31,0x65,0x31,0x65,0x31,0x65,0x29,0x45,0x29,0x65,0x31,
    0x44,0x29,0x65,0x31,0x65,0x31,0x44,0x29,0x24,0x29,0x24,0x29,0x24,0x29,0x24,0x29,
    0x24,0x29,0x44,0x29,0x44,0x29,0x44,0x29,0x24,0x29,0x24,0x21,0x24,0x29,0x44,0x29,
    0x44,0x29,0x44,0x29,0x44,0x29,0x44,0x29,0x44,0x29,0x44,0x29,0x44,0x29,0x24,0x29,
    0x24,0x29,0x24,0x21,0x24,0x21,0x24,0x21,0x24,0x21,0x24,0x21,0x24,0x21,0x24,0x21,
    0x24,0x21,0x24,0x21,0x24,0x21,0x24,0x21,0x24,0x21,0x24,0x21,0x24,0x21,0x24,0x21,
    0x24,0x21,0x03,0x21,0x03,0x21,0x03,0x21,0x03,0x21,0x03,0x21,0x03,0x21,0x03,0x21,
    0x24,0x21,0x24,0x21,0x24,0x21,0x24,0x21,0x03,0x21,0x03,0x21,0x03,0x21,0x04,0x21,
    0x04,0x21,0x04,0x21,0x04,0x21,0x04,0x21,0x04,0x21,0x04,0x21,0x04,0x21,0x04,0x21,
    0x03,0x21,0x03,0x21,0x03,0x21,0x03,0x21,0x03,0x21,0x03,0x21,0x03,0x21,0x03,0x21,
    0x03,0x21,0x03,0x21,0x03,0x21,0x03,0x21,0x03,0x21,0x04,0x21,0xe4,0x18,0x04,0x21,
    0x04,0x21,0xe4,0x20,0x04,0x21,0x03,0x21,0xe3,0x20,0xe3,0x20,0x23,0x29,0x23,0x29,
    0x64,0x31,0xa5,0x39,0xc5,0x41,0x06,0x4a,0x47,0x52,0x88,0x5a,0xc9,0x62,0xea,0x6a,
    0x2b,0x73,0x4b,0x73,0x6c,0x73,0x6c,0x7b,0x6c,0x7b,0x6c,0x7b,0x6c,0x73,0x4c,0x73,
    0x4b,0x73,0x0b,0x6b,0xc9,0x62,0x89,0x5a,0x28,0x52,0xe6,0x49,0xa5,0x39,0x65,0x31,
    0x44,0x29,0x24,0x29,0x24,0x29,0x24,0x21,0x24,0x29,0x44,0x29,0x44,0x29,0x65,0x29,
    0x65,0x29,0x65,0x29,0x65,0x29,0x45,0x29,0x45,0x29,0x45,0x29,0x65,0x29,0x65,0x29,
    0x65,0x31,0x45,0x29,0x65,0x29,0x85,0x31,0x65,0x31,0x65,0x29,0x45,0x29,0x45,0x29,
    0x45,0x29,0x44,0x29,0x44,0x29,0x44,0x29,0x44,0x29,0x45,0x29,0x45,0x29,0x65,0x29,
    0x44,0x29,0x45,0x29,0xa6,0x31,0x86,0x31,0x65,0x29,0x65,0x31,0x65,0x29,0x45,0x29,
    0x65,0x29,0x65,0x31,0x65,0x29,0x65,0x29,0x85,0x31,0x65,0x29,0x85,0x31,0x85,0x31,
    0x65,0x29,0x86,0x31,0xa6,0x31,0x65,0x29,0x65,0x29,0x85,0x31,0x85,0x31,0x65,0x29,
    0x65,0x29,0x65,0x29,0x85,0x31,0x86,0x31,0x86,0x31,0x86,0x31,0x86,0x31,0xa6,0x31,
    0xa6,0x31,0xa6,0x31,0x85,0x31,0xa6,0x31,0x85,0x31,0x85,0x31,0x85,0x31,0x86,0x31,
    0xa6,0x31,0xa6,0x31,0xa6,0x31,0x86,0x31,0x85,0x31,0x85,0x31,0xa6,0x31,0x86,0x31,
    0x86,0x31,0x86,0x31,0x86,0x31,0xa6,0x31,0x65,0x29,0x65,0x29,0x86,0x31,0x85,0x31,
    0x65,0x29,0x45,0x29,0x65,0x29,0xa6,0x31,0xa6,0x31,0x86,0x31,0x86,0x31,0x65,0x29,
    0x86,0x31,0x86,0x31,0x65,0x29,0x86,0x31,0x86,0x31,0x86,0x31,0xa6,0x31,0x86,0x31,
    0xa6,0x31,0xc7,0x39,0xa6,0x31,0x86,0x31,0xa6,0x31,0xa6,0x31,0x86,0x31,0x86,0x31,
    0x86,0x31,0x65,0x29,0xa6,0x31,0xa6,0x31,0xa6,0x31,0xa6,0x31,0x86,0x31,0x65,0x29,
    0x85,0x31,0x65,0x31,0x65,0x31,0x65,0x31,0x65,0x31,0x65,0x31,0x65,0x31,0x45,0x29,
    0x86,0x31,0x65,0x31,0x44,0x29,0x44,0x29,0x44,0x29,0x85,0x31,0x85,0x31,0x65,0x29,
    0x65,0x29,0x65,0x29,0x65,0x29,0x65,0x29,0x65,0x29,0x65,0x29,0x65,0x31,0x65,0x31,
    0x65,0x31,0x65,0x29,0x65,0x31,0x65,0x31,0x44,0x29,0x45,0x29,0x65,0x31,0x44,0x29,
    0x44,0x29,0x24,0x29,0x24,0x29,0x24,0x29,0x24,0x29,0x44,0x29,0x24,0x29,0x24,0x29,
    0x24,0x29,0x24,0x21,0x44,0x29,0x44,0x29,0x44,0x29,0x44,0x29,0x44,0x29,0x44,0x29,
    0x44,0x29,0x44,0x29,0x44,0x29,0x44,0x29,0x44,0x29,0x24,0x21,0x24,0x29,0x24,0x29,
    0x24,0x21,0x24,0x21,0x24,0x21,0x24,0x21,0x24,0x21,0x24,0x21,0x24,0x21,0x24,0x21,
    0x24,0x21,0x24,0x21,0x24,0x21,0x24,0x21,0x24,0x21,0x03,0x21,0x03,0x21,0x03,0x21,
    0x03,0x21,0x03,0x21,0x03,0x21,0x03,0x21,0x24,0x21,0x24,0x21,0x24,0x21,0x24,0x21,
    0x03,0x21,0x03,0x21,0x03,0x21,0x04,0x21,0x04,0x21,0x04,0x21,0x04,0x21,0x04,0x21,
    0x04,0x21,0x04,0x21,0x04,0x21,0x04,0x21,0x03,0x21,0x03,0x21,0x03,0x21,0x03,0x21,
    0x03,0x21,0x03,0x21,0x03,0x21,0x03,0x21,0x03,0x21,0x03,0x21,0x04,0x21,0x04,0x21,
    0x04,0x21,0x04,0x21,0x03,0x21,0x03,0x21,0x03,0x21,0x03,0x21,0x03,0x21,0x04,0x21,
    0x04,0x21,0x04,0x21,0xe3,0x20,0x03,0x21,0x03,0x21,0x03,0x21,0x03,0x21,0x04,0x29,
    0x24,0x29,0x24,0x29,0x44,0x31,0x64,0x31,0x85,0x39,0x85,0x39,0xa5,0x39,0xa5,0x39,
    0xa5,0x39,0xa5,0x39,0xa5,0x39,0x85,0x39,0x84,0x31,0x64,0x31,0x44,0x29,0x24,0x29,
    0x24,0x29,0x24,0x29,0x04,0x29,0x24,0x29,0x24,0x29,0x24,0x29,0x24,0x29,0x45,0x29,
    0x45,0x29,0x44,0x21,0x45,0x29,0x65,0x29,0x65,0x29,0x65,0x29,0x65,0x29,0x45,0x29,
    0x45,0x29,0x45,0x31,0x65,0x31,0x85,0x31,0x85,0x31,0x65,0x31,0x65,0x29,0x85,0x31,
    0x65,0x31,0x65,0x29,0x65,0x29,0x45,0x29,0x44,0x29,0x45,0x29,0x45,0x29,0x44,0x29,
    0x44,0x29,0x65,0x29,0x65,0x29,0x45,0x29,0x44,0x29,0x65,0x29,0x85,0x31,0x65,0x31,
    0x45,0x29,0x45,0x29,0x65,0x29,0x65,0x29,0x85,0x31,0x65,0x29,0x45,0x29,0x65,0x29,
    0x86,0x31,0x85,0x31,0x85,0x31,0x65,0x29,0x65,0x29,0x86,0x31,0x86,0x31,0x85,0x31,
    0xa6,0x31,0xa6,0x31,0x85,0x31,0x65,0x29,0x85,0x31,0x85,0x31,0x86,0x31,0x86,0x31,
    0xa6,0x31,0xa6,0x31,0xa6,0x39,0x86,0x31,0x85,0x31,0xa6,0x31,0x86,0x31,0x86,0x31,
    0x65,0x29,0x86,0x31,0x86,0x31,0x86,0x31,0xa6,0x31,0x86,0x31,0x65,0x29,0x85,0x31,
    0x86,0x31,0xa6,0x31,0xa6,0x31,0x85,0x31,0x86,0x31,0xa6,0x31,0xa6,0x31,0xe7,0x39,
    0xc6,0x31,0x86,0x31,0x86,0x31,0x86,0x31,0x86,0x31,0x65,0x29,0x65,0x29,0x86,0x31,
    0x86,0x31,0x86,0x31,0x65,0x29,0x65,0x29,0x86,0x31,0xa6,0x31,0x86,0x31,0x86,0x31,
    0xa6,0x31,0x86,0x31,0x86,0x31,0x86,0x31,0xa6,0x31,0xc7,0x39,0xa6,0x31,0x86,0x31,
    0xa6,0x31,0xa6,0x31,0x86,0x31,0x86,0x31,0xa6,0x31,0xa6,0x31,0xc7,0x39,0xa6,0x31,
    0xa6,0x31,0xa6,0x31,0xa6,0x31,0x85,0x31,0x86,0x31,0x85,0x31,0x85,0x31,0x65,0x31,
    0x65,0x31,0x45,0x29,0x65,0x31,0x86,0x31,0x85,0x31,0x24,0x29,0x44,0x29,0x44,0x29,
    0x44,0x29,0x44,0x29,0x45,0x29,0x65,0x29,0x44,0x29,0x65,0x31,0x65,0x31,0x44,0x29,
    0x45,0x29,0x65,0x31,0x65,0x31,0x45,0x29,0x65,0x29,0x65,0x31,0x45,0x29,0x45,0x29,
    0x65,0x31,0x65,0x31,0x65,0x31,0x45,0x29,0x44,0x29,0x44,0x29,0x24,0x29,0x24,0x21,
    0x24,0x21,0x24,0x29,0x44,0x29,0x24,0x29,0x44,0x29,0x44,0x29,0x24,0x29,0x24,0x29,
    0x44,0x29,0x24,0x29,0x24,0x29,0x24,0x29,0x24,0x29,0x44,0x29,0x44,0x29,0x44,0x29,
    0x44,0x29,0x44,0x29,0x24,0x29,0x24,0x29,0x24,0x29,0x24,0x29,0x24,0x29,0x24,0x29,
    0x24,0x21,0x24,0x21,0x24,0x21,0x24,0x21,0x24,0x21,0x24,0x21,0x24,0x21,0x24,0x21,
    0x24,0x21,0x24,0x21,0x24,0x21,0x03,0x21,0x03,0x21,0x03,0x21,0x24,0x21,0x24,0x21,
    0x24,0x21,0x24,0x21,0x24,0x21,0x24,0x21,0x24,0x21,0x04,0x21,0x04,0x21,0x04,0x21,
    0x04,0x21,0x04,0x21,0x04,0x21,0x03,0x21,0x04,0x21,0x03,0x21,0x03,0x21,0x03,0x21,
    0x03,0x21,0x03,0x21,0x03,0x21,0x03,0x21,0x03,0x21,0x03,0x21,0x03,0x21,0x03,0x21,
    0x03,0x21,0x03,0x21,0x04,0x21,0x04,0x21,0x03,0x21,0x04,0x21,0x03,0x21,0x03,0x21,
    0x03,0x21,0x03,0x21,0x03,0x21,0x03,0x21,0x03,0x21,0x04,0x21,0x04,0x21,0x04,0x21,
    0x04,0x21,0x04,0x21,0x04,0x21,0x04,0x21,0x03,0x21,0x03,0x21,0x03,0x21,0x03,0x21,
    0x03,0x21,0x03,0x21,0x03,0x21,0x23,0x21,0x23,0x29,0x24,0x29,0x24,0x21,0x24,0x21,
    0x24,0x21,0x24,0x21,0x24,0x29,0x24,0x29,0x24,0x29,0x24,0x29,0x24,0x29,0x44,0x29,
    0x44,0x29,0x44,0x29,0x44,0x29,0x44,0x29,0x44,0x29,0x44,0x29,0x44,0x29,0x44,0x29,
    0x45,0x29,0x65,0x29,0x65,0x29,0x45,0x29,0x45,0x29,0x65,0x29,0x65,0x31,0xa6,0x31,
    0xa6,0x31,0x65,0x31,0x65,0x29,0x85,0x31,0x65,0x31,0x65,0x29,0x65,0x29,0x45,0x29,
    0x44,0x29,0x65,0x29,0x85,0x31,0xa6,0x31,0x45,0x29,0x44,0x29,0x65,0x29,0x65,0x29,
    0x65,0x31,0x65,0x31,0x65,0x29,0x45,0x29,0x45,0x29,0x65,0x29,0x85,0x31,0x85,0x31,
    0x85,0x31,0x65,0x29,0x44,0x29,0x44,0x29,0x65,0x29,0x85,0x31,0x65,0x31,0x65,0x29,
    0x65,0x29,0x65,0x29,0x65,0x31,0xa6,0x31,0x07,0x42,0xe7,0x39,0x85,0x31,0x65,0x31,
    0x85,0x31,0x65,0x29,0xa6,0x31,0x86,0x31,0x86,0x31,0x86,0x31,0x85,0x31,0x85,0x31,
    0x85,0x31,0x86,0x31,0x86,0x31,0x65,0x31,0x86,0x31,0x86,0x31,0x65,0x29,0x86,0x31,
    0xa6,0x31,0x65,0x29,0x65,0x29,0x86,0x31,0x65,0x29,0x86,0x31,0x86,0x31,0x86,0x31,
    0x86,0x31,0x86,0x31,0x86,0x31,0xa6,0x31,0xc7,0x39,0xa6,0x31,0x86,0x31,0x86,0x31,
    0x86,0x31,0x86,0x31,0x65,0x29,0x86,0x31,0x86,0x31,0x86,0x31,0x86,0x31,0x86,0x31,
    0x86,0x31,0x86,0x31,0xa6,0x31,0xa6,0x31,0xa6,0x31,0xa6,0x31,0x86,0x31,0x86,0x31,
    0x86,0x31,0x86,0x31,0xa6,0x31,0x86,0x31,0x65,0x29,0x86,0x31,0x86,0x31,0x86,0x31,
    0xa6,0x31,0xc7,0x39,0x86,0x31,0x86,0x31,0xa6,0x31,0xa6,0x31,0xa6,0x31,0xa6,0x31,
    0x65,0x31,0x65,0x31,0x65,0x31,0x65,0x31,0x65,0x31,0x45,0x29,0x65,0x31,0x85,0x31,
    0x85,0x31,0x65,0x31,0x65,0x31,0x65,0x31,0x65,0x31,0x44,0x29,0x44,0x29,0x44,0x29,
    0x44,0x29,0x65,0x31,0x85,0x31,0x65,0x31,0x45,0x31,0x65,0x31,0x65,0x31,0x45,0x31,
    0x45,0x29,0x45,0x29,0x65,0x31,0x65,0x31,0x65,0x31,0x65,0x29,0x65,0x29,0x44,0x29,
    0x44,0x29,0x44,0x29,0x44,0x29,0x24,0x21,0x24,0x21,0x44,0x29,0x44,0x29,0x24,0x29,
    0x44,0x29,0x45,0x29,0x24,0x29,0x24,0x29,0x24,0x29,0x24,0x29,0x24,0x29,0x24,0x29,
    0x24,0x29,0x24,0x29,0x24,0x29,0x24,0x29,0x24,0x29,0x24,0x29,0x24,0x29,0x24,0x29,
    0x24,0x29,0x24,0x29,0x24,0x21,0x24,0x21,0x24,0x21,0x24,0x21,0x24,0x21,0x24,0x21,
    0x24,0x21,0x24,0x21,0x24,0x21,0x24,0x21,0x24,0x21,0x24,0x21,0x24,0x21,0x03,0x21,
    0x03,0x21,0x03,0x21,0x24,0x21,0x24,0x21,0x24,0x21,0x24,0x21,0x24,0x21,0x24,0x21,
    0x24,0x21,0x04,0x21,0x04,0x21,0x04,0x21,0x04,0x21,0x04,0x21,0x04,0x21,0x03,0x21,
    0x03,0x21,0x03,0x21,0x03,0x21,0x03,0x21,0x03,0x21,0x03,0x21,0x03,0x21,0x03,0x21,
    0x03,0x21,0x03,0x21,0x03,0x21,0x03,0x21,0x03,0x21,0x03,0x21,0x03,0x21,0x03,0x21,
    0x03,0x21,0x03,0x21,0x03,0x21,0x03,0x21,0x03,0x21,0x03,0x21,0x03,0x21,0x03,0x21,
    0x03,0x21,0x03,0x21,0x03,0x21,0x03,0x21,0x04,0x21,0x04,0x21,0x04,0x21,0x04,0x21,
    0x04,0x21,0x04,0x21,0x04,0x21,0x04,0x21,0x04,0x21,0x24,0x21,0x24,0x21,0x24,0x21,
    0x24,0x21,0x24,0x21,0x24,0x21,0x24,0x21,0x24,0x21,0x24,0x21,0x24,0x29,0x44,0x29,
    0x24,0x21,0x24,0x21,0x24,0x21,0x44,0x29,0x44,0x29,0x44,0x29,0x44,0x29,0x44,0x29,
    0x44,0x29,0x44,0x29,0x44,0x29,0x44,0x29,0x45,0x29,0x45,0x29,0x65,0x29,0x45,0x29,
    0x45,0x29,0x65,0x29,0x85,0x31,0x86,0x31,0xa6,0x31,0x85,0x31,0x65,0x29,0x85,0x31,
    0x65,0x31,0x45,0x29,0x65,0x29,0x65,0x29,0x45,0x29,0x65,0x29,0x86,0x31,0xa6,0x31,
    0x65,0x29,0x45,0x29,0x45,0x29,0x45,0x29,0x45,0x29,0x45,0x29,0x45,0x29,0x65,0x29,
    0x65,0x31,0x85,0x31,0x85,0x31,0x85,0x31,0x65,0x31,0x65,0x29,0x45,0x29,0x44,0x29,
    0x65,0x29,0x65,0x31,0x85,0x31,0x85,0x31,0x65,0x31,0x85,0x31,0x85,0x31,0xa6,0x31,
    0xe7,0x39,0xa6,0x39,0x86,0x31,0x65,0x29,0x85,0x31,0x65,0x29,0x86,0x31,0x85,0x31,
    0x65,0x29,0x85,0x31,0x86,0x31,0x86,0x31,0x86,0x31,0x86,0x31,0x86,0x31,0x65,0x29,
    0x65,0x29,0x86,0x31,0x86,0x31,0x86,0x31,0x86,0x31,0x65,0x29,0x65,0x29,0x86,0x31,
    0x65,0x29,0x86,0x31,0x86,0x31,0x86,0x31,0x86,0x31,0x86,0x31,0x86,0x31,0x86,0x31,
    0x86,0x31,0x86,0x31,0x86,0x31,0x65,0x31,0x65,0x29,0x65,0x29,0x65,0x29,0xa6,0x31,
    0xc7,0x39,0xa6,0x31,0x86,0x31,0x86,0x31,0x86,0x31,0x86,0x31,0x86,0x31,0x86,0x31,
    0x86,0x31,0xa6,0x31,0x86,0x31,0x86,0x31,0xa6,0x31,0xa6,0x31,0xa6,0x31,0x86,0x31,
    0x65,0x29,0x86,0x31,0x86,0x31,0x86,0x31,0xa6,0x31,0xa6,0x31,0x86,0x31,0x86,0x31,
    0x86,0x31,0x86,0x31,0xa6,0x31,0xa6,0x31,0x65,0x31,0x65,0x31,0x65,0x31,0x65,0x31,
    0x65,0x31,0x65,0x31,0x65,0x31,0x65,0x31,0x65,0x31,0x65,0x31,0x65,0x31,0x65,0x31,
    0x65,0x31,0x65,0x31,0x45,0x29,0x44,0x29,0x44,0x29,0x65,0x31,0x85,0x31,0x65,0x31,
    0x45,0x29,0x65,0x31,0x65,0x31,0x45,0x29,0x44,0x29,0x65,0x29,0x85,0x31,0x65,0x31,
    0x65,0x31,0x45,0x29,0x44,0x29,0x44,0x29,0x44,0x29,0x65,0x29,0x44,0x29,0x44,0x29,
    0x44,0x29,0x44,0x29,0x44,0x29,0x24,0x29,0x24,0x29,0x44,0x29,0x44,0x29,0x24,0x29,
    0x24,0x29,0x24,0x29,0x24,0x29,0x24,0x29,0x24,0x29,0x24,0x29,0x24,0x21,0x24,0x21,
    0x24,0x21,0x24,0x21,0x24,0x29,0x24,0x29,0x24,0x21,0x24,0x21,0x24,0x21,0x24,0x21,
    0x24,0x21,0x24,0x21,0x24,0x21,0x24,0x21,0x24,0x21,0x24,0x21,0x24,0x21,0x24,0x21,
    0x24,0x21,0x24,0x21,0x24,0x21,0x03,0x21,0x03,0x21,0x03,0x21,0x24,0x21,0x24,0x21,
    0x24,0x21,0x24,0x21,0x24,0x21,0x24,0x21,0x24,0x21,0x04,0x21,0x04,0x21,0x04,0x21,
    0x04,0x21,0x04,0x21,0x04,0x21,0x04,0x21,0x03,0x21,0x03,0x21,0x03,0x21,0x03,0x21,
    0x03,0x21,0x04,0x21,0x03,0x21,0x03,0x21,0x03,0x21,0x03,0x21,0x03,0x21,0x03,0x21,
    0x03,0x21,0x03,0x21,0x03,0x21,0x03,0x21,0x03,0x21,0x03,0x21,0x03,0x21,0x03,0x21,
    0x03,0x21,0x03,0x21,0x03,0x21,0x03,0x21,0x03,0x21,0x03,0x21,0x03,0x21,0x03,0x21,
    0x04,0x21,0x04,0x21,0x04,0x21,0x04,0x21,0x04,0x21,0x04,0x21,0x04,0x21,0x04,0x21,
    0x24,0x21,0x24,0x21,0x24,0x21,0x24,0x21,0x24,0x21,0x24,0x21,0x24,0x21,0x24,0x21,
    0x24,0x29,0x24,0x29,0x24,0x29,0x24,0x29,0x24,0x21,0x24,0x21,0x24,0x21,0x44,0x29,
    0x44,0x29,0x44,0x29,0x44,0x29,0x44,0x29,0x44,0x29,0x44,0x29,0x44,0x29,0x45,0x29,
    0x45,0x29,0x45,0x29,0x65,0x29,0x45,0x29,0x45,0x29,0x65,0x29,0x65,0x29,0x65,0x31,
    0x65,0x31,0x65,0x31,0x65,0x29,0x65,0x31,0x65,0x31,0x45,0x29,0x65,0x29,0x65,0x29,
    0x65,0x29,0x65,0x29,0x65,0x29,0x65,0x29,0x65,0x29,0x65,0x29,0x65,0x29,0x44,0x29,
    0x44,0x29,0x44,0x29,0x44,0x29,0x45,0x29,0x65,0x29,0x65,0x29,0x65,0x31,0x65,0x31,
    0x65,0x29,0x65,0x29,0x65,0x29,0x65,0x29,0x65,0x31,0x65,0x29,0x65,0x29,0x65,0x29,
    0x65,0x31,0x86,0x31,0x86,0x31,0x86,0x31,0xa6,0x31,0x85,0x31,0xa6,0x31,0x65,0x31,
    0x65,0x31,0x45,0x29,0x65,0x29,0x65,0x31,0x65,0x31,0x86,0x31,0xc7,0x39,0xa6,0x39,
    0x86,0x31,0xa6,0x31,0x86,0x31,0x65,0x31,0x86,0x31,0x86,0x31,0x86,0x31,0x86,0x31,
    0x65,0x29,0x65,0x29,0x86,0x31,0x65,0x29,0xa6,0x31,0xa6,0x31,0x86,0x31,0x86,0x31,
    0x65,0x31,0x66,0x31,0x86,0x31,0xa6,0x31,0x66,0x31,0x86,0x31,0xa6,0x31,0x86,0x31,
    0x65,0x29,0x65,0x29,0x65,0x29,0xa6,0x31,0xa6,0x31,0xa6,0x31,0x86,0x31,0x86,0x31,
    0x86,0x31,0x86,0x31,0x86,0x31,0x86,0x31,0x86,0x31,0x86,0x31,0x86,0x31,0x86,0x31,
    0xc7,0x39,0xc7,0x39,0xc7,0x39,0x86,0x31,0x86,0x31,0x86,0x31,0x86,0x31,0xa6,0x31,
    0x86,0x31,0x86,0x31,0x86,0x31,0x86,0x31,0xa6,0x31,0xa6,0x31,0x86,0x31,0x86,0x31,
    0x86,0x31,0x85,0x31,0x85,0x31,0x85,0x31,0x65,0x31,0x65,0x31,0x65,0x31,0x44,0x29,
    0x44,0x29,0x65,0x31,0x65,0x31,0x44,0x29,0x65,0x31,0x65,0x31,0x85,0x31,0x65,0x31,
    0x45,0x29,0x65,0x31,0x45,0x29,0x45,0x29,0x45,0x29,0x45,0x29,0x45,0x29,0x45,0x29,
    0x44,0x29,0x65,0x31,0x86,0x31,0x85,0x31,0x65,0x31,0x65,0x29,0x44,0x29,0x44,0x29,
    0x65,0x29,0x65,0x29,0x44,0x29,0x44,0x29,0x44,0x29,0x44,0x29,0x44,0x29,0x24,0x21,
    0x04,0x21,0x24,0x29,0x24,0x29,0x24,0x29,0x24,0x29,0x24,0x29,0x24,0x29,0x44,0x29,
    0x24,0x29,0x24,0x29,0x24,0x21,0x24,0x21,0x24,0x21,0x24,0x21,0x24,0x29,0x24,0x29,
    0x24,0x21,0x24,0x21,0x24,0x21,0x24,0x21,0x03,0x21,0x24,0x21,0x24,0x21,0x24,0x21,
    0x24,0x21,0x24,0x21,0x24,0x21,0x24,0x21,0x24,0x21,0x24,0x21,0x24,0x21,0x03,0x21,
    0x03,0x21,0x03,0x21,0x24,0x21,0x24,0x21,0x24,0x21,0x24,0x21,0x24,0x21,0x24,0x21,
    0x24,0x21,0x03,0x21,0x03,0x21,0x04,0x21,0x04,0x21,0x04,0x21,0x04,0x21,0x04,0x21,
    0x04,0x21,0x03,0x21,0x03,0x21,0x03,0x21,0x03,0x21,0x04,0x21,0x03,0x21,0x03,0x21,
    0x03,0x21,0x03,0x21,0x03,0x21,0x03,0x21,0x03,0x21,0x03,0x21,0x03,0x21,0x03,0x21,
    0x03,0x21,0x03,0x21,0x03,0x21,0x03,0x21,0x03,0x21,0x03,0x21,0x03,0x21,0x03,0x21,
    0x03,0x21,0x03,0x21,0x03,0x21,0x03,0x21,0x04,0x21,0x04,0x21,0x04,0x21,0x04,0x21,
    0x04,0x21,0x04,0x21,0x04,0x21,0x04,0x21,0x04,0x21,0x24,0x21,0x24,0x21,0x24,0x21,
    0x24,0x21,0x24,0x21,0x24,0x21,0x24,0x29,0x44,0x29,0x44,0x29,0x44,0x29,0x44,0x29,
    0x24,0x29,0x24,0x21,0x24,0x29,0x44,0x29,0x44,0x29,0x44,0x29,0x44,0x29,0x44,0x29,
    0x45,0x29,0x45,0x29,0x45,0x29,0x45,0x29,0x45,0x29,0x45,0x29,0x65,0x29,0x45,0x29,
    0x45,0x29,0x45,0x29,0x45,0x29,0x65,0x29,0x65,0x29,0x65,0x29,0x65,0x29,0x65,0x31,
    0x65,0x29,0x45,0x29,0x65,0x29,0x65,0x29,0x45,0x29,0x65,0x29,0x45,0x29,0x45,0x29,
    0x65,0x29,0x65,0x29,0x65,0x29,0x65,0x29,0x65,0x29,0x65,0x29,0x65,0x29,0x65,0x29,
    0x65,0x29,0x65,0x29,0x65,0x29,0x65,0x29,0x65,0x29,0x65,0x29,0x65,0x31,0x86,0x31,
    0xa6,0x31,0x85,0x31,0x65,0x29,0x65,0x29,0x65,0x31,0x86,0x31,0x86,0x31,0x85,0x31,
    0x86,0x31,0xa6,0x31,0xc7,0x39,0xa6,0x31,0x86,0x31,0x65,0x29,0x65,0x29,0x86,0x31,
    0x86,0x31,0x86,0x31,0xa6,0x31,0xa6,0x31,0x86,0x31,0x86,0x31,0x86,0x31,0x86,0x31,
    0x86,0x31,0x65,0x29,0x65,0x29,0x65,0x29,0x65,0x29,0x86,0x31,0x86,0x31,0x65,0x29,
    0xa6,0x31,0xa6,0x31,0x86,0x31,0x86,0x31,0x65,0x29,0x65,0x31,0x86,0x31,0x86,0x31,
    0x86,0x31,0x65,0x29,0x65,0x29,0x86,0x31,0xc7,0x39,0xa6,0x31,0x86,0x31,0x86,0x31,
    0x86,0x31,0x86,0x31,0x86,0x31,0x86,0x31,0x86,0x31,0x86,0x31,0x86,0x31,0x86,0x31,
    0x86,0x31,0x86,0x31,0x65,0x29,0x65,0x29,0x86,0x31,0xa6,0x31,0xa6,0x31,0x86,0x31,
    0x86,0x31,0xa6,0x31,0xa6,0x31,0x86,0x31,0x86,0x31,0x86,0x31,0x86,0x31,0xa6,0x31,
    0xa6,0x31,0xa6,0x31,0x86,0x31,0x86,0x31,0x85,0x31,0x85,0x31,0x65,0x31,0x65,0x31,
    0x65,0x31,0x65,0x31,0x44,0x29,0x44,0x29,0x65,0x31,0x85,0x31,0x85,0x31,0x65,0x31,
    0x85,0x31,0x85,0x31,0x65,0x31,0x44,0x29,0x44,0x29,0x65,0x31,0x44,0x29,0x44,0x29,
    0x65,0x31,0x45,0x29,0x65,0x31,0x45,0x29,0x44,0x29,0x65,0x31,0x85,0x31,0x65,0x31,
    0x65,0x31,0x65,0x31,0x44,0x29,0x44,0x29,0x44,0x29,0x44,0x29,0x44,0x29,0x44,0x29,
    0x44,0x29,0x44,0x29,0x44,0x29,0x24,0x21,0x04,0x21,0x03,0x21,0x04,0x21,0x24,0x29,
    0x24,0x29,0x04,0x21,0x24,0x29,0x44,0x29,0x44,0x29,0x24,0x29,0x24,0x29,0x24,0x29,
    0x24,0x29,0x24,0x29,0x24,0x29,0x24,0x29,0x24,0x21,0x24,0x21,0x24,0x21,0x24,0x21,
    0x03,0x21,0x24,0x21,0x24,0x21,0x24,0x21,0x24,0x21,0x24,0x21,0x24,0x21,0x24,0x21,
    0x24,0x21,0x24,0x21,0x24,0x21,0x03,0x21,0x03,0x21,0x03,0x21,0x24,0x21,0x24,0x21,
    0x24,0x21,0x24,0x21,0x24,0x21,0x24,0x21,0x24,0x21,0x03,0x21,0x03,0x21,0x03,0x21,
    0x04,0x21,0x04,0x21,0x04,0x21,0x04,0x21,0x04,0x21,0x03,0x21,0x03,0x21,0x03,0x21,
    0x03,0x21,0x04,0x21,0x03,0x21,0x03,0x21,0x03,0x21,0x03,0x21,0x03,0x21,0x03,0x21,
    0x03,0x21,0x03,0x21,0x03,0x21,0x03,0x21,0x03,0x21,0x03,0x21,0x03,0x21,0x03,0x21,
    0x03,0x21,0x03,0x21,0x03,0x21,0x03,0x21,0x03,0x21,0x03,0x21,0x03,0x21,0x03,0x21,
    0x04,0x21,0x04,0x21,0x04,0x21,0x04,0x21,0x04,0x21,0x04,0x21,0x04,0x21,0x04,0x21,
    0x04,0x21,0x04,0x21,0x24,0x21,0x24,0x21,0x24,0x21,0x24,0x21,0x24,0x21,0x24,0x29,
    0x44,0x29,0x44,0x29,0x44,0x29,0x44,0x29,0x44,0x29,0x24,0x29,0x44,0x29,0x45,0x29,
    0x45,0x29,0x45,0x29,0x45,0x29,0x45,0x29,0x65,0x29,0x45,0x29,0x45,0x29,0x65,0x29,
    0x65,0x29,0x45,0x29,0x65,0x29,0x45,0x29,0x45,0x29,0x45,0x29,0x45,0x29,0x65,0x31,
    0x85,0x31,0x65,0x29,0x65,0x29,0x65,0x31,0x65,0x29,0x45,0x29,0x45,0x29,0x85,0x31,
    0x65,0x29,0x85,0x31,0x65,0x29,0x65,0x29,0x65,0x31,0x85,0x31,0x65,0x29,0x65,0x29,
    0x65,0x29,0x65,0x31,0x65,0x31,0x65,0x29,0x65,0x29,0x65,0x29,0x65,0x31,0x65,0x29,
    0x65,0x29,0x65,0x29,0x86,0x31,0x86,0x31,0x86,0x31,0x65,0x29,0x65,0x29,0x65,0x31,
    0x85,0x31,0x86,0x31,0x85,0x31,0x85,0x31,0x86,0x31,0xa6,0x31,0xa6,0x31,0xa6,0x31,
    0x86,0x31,0x85,0x31,0x65,0x29,0x65,0x31,0x85,0x31,0x86,0x31,0xa6,0x31,0x85,0x31,
    0x65,0x31,0x85,0x31,0xa6,0x31,0xa6,0x31,0xa6,0x31,0xa6,0x31,0x86,0x31,0x86,0x31,
    0x86,0x31,0xa6,0x31,0x86,0x31,0x65,0x29,0x86,0x31,0x86,0x31,0x86,0x31,0x86,0x31,
    0x65,0x29,0x65,0x29,0x86,0x31,0x66,0x31,0x86,0x31,0x86,0x31,0x86,0x31,0x86,0x31,
    0xa6,0x31,0xa6,0x31,0xa6,0x31,0xa6,0x31,0x86,0x31,0x86,0x31,0x86,0x31,0x86,0x31,
    0x86,0x31,0x86,0x31,0x86,0x31,0x86,0x31,0x86,0x31,0x86,0x31,0x86,0x31,0xa6,0x31,
    0x65,0x29,0x86,0x31,0x86,0x31,0x86,0x31,0x86,0x31,0x86,0x31,0x86,0x31,0x86,0x31,
    0x86,0x31,0xa6,0x31,0xc7,0x39,0xa6,0x31,0xa6,0x31,0x86,0x31,0x86,0x31,0x86,0x31,
    0x85,0x31,0x85,0x31,0x85,0x31,0x65,0x31,0x65,0x31,0x44,0x29,0x44,0x29,0x65,0x31,
    0x65,0x31,0x65,0x31,0x85,0x31,0x85,0x31,0x65,0x31,0x65,0x31,0x45,0x29,0x44,0x29,
    0x65,0x31,0x65,0x31,0x65,0x31,0x45,0x29,0x65,0x31,0x65,0x31,0x45,0x29,0x65,0x31,
    0x65,0x31,0x85,0x31,0x65,0x31,0x65,0x31,0x45,0x31,0x65,0x29,0x44,0x29,0x44,0x29,
    0x44,0x29,0x44,0x29,0x44,0x29,0x44,0x29,0x44,0x29,0x44,0x29,0x44,0x29,0x44,0x29,
    0x24,0x29,0x24,0x29,0x24,0x29,0x04,0x21,0x24,0x29,0x24,0x29,0x04,0x21,0x24,0x29,
    0x24,0x29,0x24,0x29,0x44,0x29,0x24,0x21,0x24,0x21,0x24,0x21,0x24,0x29,0x44,0x29,
    0x24,0x21,0x24,0x21,0x24,0x21,0x24,0x21,0x24,0x21,0x24,0x21,0x24,0x21,0x24,0x21,
    0x24,0x21,0x24,0x21,0x24,0x21,0x03,0x21,0x03,0x21,0x03,0x21,0x03,0x21,0x03,0x21,
    0x03,0x21,0x03,0x21,0x03,0x21,0x03,0x21,0x03,0x21,0x03,0x21,0x03,0x21,0x03,0x21,
    0x03,0x21,0x03,0x21,0x03,0x21,0x03,0x21,0x04,0x21,0x04,0x21,0x04,0x21,0x04,0x21,
    0x04,0x21,0x03,0x21,0x03,0x21,0x03,0x21,0x03,0x21,0x24,0x21,0x04,0x21,0x04,0x21,
    0x03,0x21,0x03,0x21,0x03,0x21,0x03,0x21,0x03,0x21,0x03,0x21,0x03,0x21,0x03,0x21,
    0x03,0x21,0x03,0x21,0x03,0x21,0x03,0x21,0x03,0x21,0x03,0x21,0x03,0x21,0x04,0x21,
    0x04,0x21,0x04,0x21,0x03,0x21,0x04,0x21,0x04,0x21,0x04,0x21,0x04,0x21,0x24,0x21,
    0x24,0x21,0x24,0x21,0x04,0x21,0x04,0x21,0x24,0x21,0x24,0x21,0x24,0x21,0x04,0x21,
    0x24,0x21,0x24,0x21,0x24,0x21,0x24,0x29,0x24,0x29,0x44,0x29,0x44,0x29,0x44,0x29,
    0x44,0x29,0x44,0x29,0x44,0x29,0x45,0x29,0x45,0x29,0x44,0x29,0x45,0x29,0x65,0x29,
    0x45,0x29,0x45,0x29,0x45,0x29,0x65,0x29,0x45,0x29,0x65,0x29,0x65,0x29,0x65,0x29,
    0x65,0x29,0x65,0x29,0x65,0x31,0x65,0x31,0x65,0x29,0x65,0x29,0x65,0x29,0x65,0x29,
    0x65,0x29,0x45,0x29,0x45,0x29,0x65,0x29,0x85,0x31,0x86,0x31,0x65,0x29,0x65,0x29,
    0x45,0x29,0x65,0x29,0x86,0x31,0x65,0x29,0x44,0x29,0x65,0x29,0x85,0x31,0x44,0x29,
    0x45,0x29,0x65,0x31,0x65,0x29,0x65,0x29,0x45,0x29,0x65,0x29,0x86,0x31,0x85,0x31,
    0x85,0x31,0x65,0x31,0x86,0x31,0x86,0x31,0x85,0x31,0xa6,0x31,0xa6,0x31,0x85,0x31,
    0x85,0x31,0x86,0x31,0x86,0x31,0x86,0x31,0x86,0x31,0x85,0x31,0x85,0x31,0x85,0x31,
    0x85,0x31,0xa6,0x31,0xa6,0x31,0x86,0x31,0x85,0x31,0x65,0x31,0x85,0x31,0x86,0x31,
    0xa6,0x31,0xa6,0x31,0x86,0x31,0x86,0x31,0xa6,0x31,0xa6,0x31,0x86,0x31,0x86,0x31,
    0x86,0x31,0x86,0x31,0x86,0x31,0x86,0x31,0x86,0x31,0x65,0x31,0x66,0x31,0x86,0x31,
    0x86,0x31,0x86,0x31,0x86,0x31,0x86,0x31,0x86,0x31,0xa6,0x31,0x86,0x31,0x86,0x31,
    0x86,0x31,0xa6,0x31,0xe7,0x39,0xc7,0x39,0xa6,0x31,0x86,0x31,0x65,0x29,0x65,0x29,
    0x65,0x29,0x86,0x31,0x86,0x31,0x86,0x31,0x86,0x31,0x86,0x31,0xa6,0x31,0xa6,0x31,
    0xc7,0x39,0x86,0x31,0x86,0x31,0x86,0x31,0x86,0x31,0x86,0x31,0xa6,0x31,0x86,0x31,
    0x65,0x29,0x65,0x29,0x86,0x31,0x65,0x29,0xc6,0x39,0xc6,0x39,0x86,0x31,0x65,0x31,
    0x65,0x31,0x45,0x29,0x45,0x29,0x65,0x31,0x65,0x31,0x45,0x29,0x85,0x31,0x85,0x31,
    0x65,0x31,0x65,0x31,0x65,0x31,0x65,0x31,0x65,0x31,0x65,0x31,0x65,0x31,0x65,0x31,
    0x65,0x31,0x45,0x29,0x44,0x29,0x65,0x31,0x65,0x31,0x85,0x31,0x65,0x31,0x44,0x29,
    0x65,0x31,0x65,0x31,0x65,0x29,0x44,0x29,0x44,0x29,0x44,0x29,0x44,0x29,0x44,0x29,
    0x44,0x29,0x44,0x29,0x44,0x29,0x44,0x29,0x24,0x29,0x24,0x29,0x24,0x29,0x24,0x29,
    0x24,0x29,0x24,0x29,0x24,0x29,0x24,0x29,0x24,0x29,0x24,0x29,0x44,0x29,0x24,0x21,
    0x24,0x21,0x24,0x21,0x24,0x29,0x24,0x29,0x24,0x21,0x24,0x21,0x24,0x21,0x24,0x21,
    0x24,0x21,0x24,0x21,0x03,0x21,0x24,0x21,0x03,0x21,0x24,0x21,0x24,0x21,0x03,0x21,
    0x03,0x21,0x03,0x21,0x03,0x21,0x03,0x21,0x03,0x21,0x03,0x21,0x03,0x21,0x03,0x21,
    0x03,0x21,0x03,0x21,0x03,0x21,0x03,0x21,0x03,0x21,0x03,0x21,0x03,0x21,0x03,0x21,
    0x04,0x21,0x04,0x21,0x04,0x21,0x04,0x21,0x04,0x21,0x03,0x21,0x03,0x21,0x03,0x21,
    0x03,0x21,0x04,0x21,0x04,0x21,0x04,0x21,0x03,0x21,0x03,0x21,0x03,0x21,0x03,0x21,
    0x03,0x21,0x03,0x21,0x03,0x21,0x03,0x21,0x03,0x21,0x03,0x21,0x03,0x21,0x03,0x21,
    0x03,0x21,0x03,0x21,0x03,0x21,0x04,0x21,0x04,0x21,0x04,0x21,0x03,0x21,0x03,0x21,
    0x04,0x21,0x04,0x21,0x04,0x21,0x24,0x21,0x24,0x21,0x24,0x21,0x04,0x21,0x04,0x21,
    0x24,0x21,0x24,0x21,0x24,0x21,0x24,0x21,0x24,0x21,0x24,0x21,0x24,0x21,0x24,0x29,
    0x44,0x29,0x44,0x29,0x24,0x29,0x24,0x29,0x44,0x29,0x44,0x29,0x44,0x29,0x45,0x29,
    0x65,0x29,0x44,0x29,0x44,0x29,0x45,0x29,0x45,0x29,0x45,0x29,0x45,0x29,0x65,0x29,
    0x65,0x29,0x65,0x29,0x65,0x29,0x45,0x29,0x45,0x29,0x65,0x29,0x65,0x29,0x44,0x29,
    0x45,0x29,0x65,0x29,0x65,0x29,0x65,0x29,0x65,0x29,0x65,0x29,0x85,0x31,0x65,0x29,
    0x85,0x31,0x85,0x31,0x65,0x29,0x45,0x29,0x45,0x29,0x65,0x29,0x85,0x31,0x65,0x29,
    0x45,0x29,0x85,0x31,0xa6,0x39,0x65,0x29,0x45,0x29,0x65,0x29,0x45,0x29,0x65,0x29,
    0x65,0x29,0x65,0x29,0x85,0x31,0x65,0x29,0x65,0x31,0x65,0x29,0x86,0x31,0xa6,0x31,
    0x86,0x31,0xa6,0x31,0xa6,0x31,0x86,0x31,0x85,0x31,0x86,0x31,0xa6,0x31,0xa6,0x39,
    0xa6,0x31,0x86,0x31,0x86,0x31,0xa6,0x31,0xa6,0x31,0xa6,0x39,0x86,0x31,0xa6,0x31,
    0x86,0x31,0x85,0x31,0x85,0x31,0x86,0x31,0x65,0x29,0x86,0x31,0x86,0x31,0x65,0x29,
    0xa6,0x31,0xa6,0x31,0x86,0x31,0x86,0x31,0xa6,0x31,0x86,0x31,0x65,0x31,0x66,0x31,
    0x86,0x31,0x86,0x31,0xa6,0x31,0x86,0x31,0x86,0x31,0x86,0x31,0xa6,0x31,0xa6,0x31,
    0xa6,0x31,0xa6,0x31,0x86,0x31,0x86,0x31,0x86,0x31,0xc7,0x39,0xe7,0x39,0xa6,0x31,
    0xa6,0x31,0x86,0x31,0x86,0x31,0xa6,0x31,0xa6,0x31,0x86,0x31,0x86,0x31,0xa6,0x31,
    0xa6,0x31,0xa6,0x31,0x86,0x31,0xa6,0x31,0xa6,0x31,0x86,0x31,0x65,0x29,0x65,0x29,
    0x65,0x29,0x86,0x31,0x86,0x31,0x86,0x31,0x86,0x31,0x86,0x31,0x86,0x31,0x86,0x31,
    0xc6,0x39,0xc7,0x39,0xa6,0x39,0x65,0x31,0x65,0x31,0x65,0x31,0x65,0x31,0x65,0x31,
    0x65,0x31,0x65,0x31,0x86,0x31,0x85,0x31,0x85,0x31,0x85,0x31,0x85,0x31,0x65,0x31,
    0x45,0x29,0x45,0x29,0x65,0x31,0x65,0x31,0x65,0x31,0x65,0x31,0x65,0x31,0x65,0x31,
    0x65,0x31,0x65,0x31,0x65,0x31,0x65,0x31,0x65,0x31,0x45,0x29,0x65,0x29,0x65,0x29,
    0x65,0x29,0x44,0x29,0x44,0x29,0x44,0x29,0x44,0x29,0x44,0x29,0x44,0x29,0x44,0x29,
    0x24,0x29,0x24,0x29,0x24,0x29,0x44,0x29,0x44,0x29,0x24,0x29,0x24,0x29,0x24,0x29,
    0x24,0x29,0x24,0x29,0x44,0x29,0x24,0x21,0x24,0x21,0x24,0x21,0x24,0x29,0x24,0x29,
    0x24,0x21,0x24,0x21,0x24,0x21,0x24,0x21,0x24,0x21,0x24,0x21,0x03,0x21,0x03,0x21,
    0x03,0x21,0x24,0x21,0x24,0x21,0x03,0x21,0x03,0x21,0x03,0x21,0x03,0x21,0x03,0x21,
    0x03,0x21,0x03,0x21,0x03,0x21,0x03,0x21,0x03,0x21,0x03,0x21,0x24,0x21,0x03,0x21,
    0x03,0x21,0x03,0x21,0x03,0x21,0x03,0x21,0x03,0x21,0x03,0x21,0x04,0x21,0x04,0x21,
    0x04,0x21,0x03,0x21,0x03,0x21,0x03,0x21,0x03,0x21,0x04,0x21,0x04,0x21,0x04,0x21,
    0x03,0x21,0x03,0x21,0x03,0x21,0x03,0x21,0x03,0x21,0x03,0x21,0x03,0x21,0x03,0x21,
    0x03,0x21,0x03,0x21,0x03,0x21,0x03,0x21,0x04,0x21,0x03,0x21,0x03,0x21,0x04,0x21,
    0x04,0x21,0x04,0x21,0x03,0x21,0x03,0x21,0x04,0x21,0x04,0x21,0x04,0x21,0x24,0x21,
    0x24,0x21,0x24,0x21,0x24,0x21,0x24,0x21,0x24,0x21,0x24,0x21,0x24,0x21,0x24,0x21,
    0x24,0x21,0x24,0x21,0x24,0x21,0x24,0x29,0x44,0x29,0x44,0x29,0x44,0x29,0x44,0x29,
    0x44,0x29,0x44,0x29,0x44,0x29,0x45,0x29,0x65,0x29,0x45,0x29,0x44,0x29,0x44,0x29,
    0x45,0x29,0x45,0x29,0x45,0x29,0x65,0x29,0x65,0x29,0x65,0x29,0x65,0x29,0x65,0x29,
    0x65,0x29,0x65,0x29,0x45,0x29,0x45,0x29,0x65,0x29,0x65,0x31,0x65,0x29,0x65,0x29,
    0x65,0x29,0x65,0x31,0x85,0x31,0x65,0x31,0x85,0x31,0x65,0x31,0x65,0x29,0x45,0x29,
    0x65,0x29,0x45,0x29,0x65,0x29,0x65,0x29,0x65,0x29,0x86,0x31,0xc6,0x39,0x85,0x31,
    0x44,0x29,0x45,0x29,0x65,0x29,0x85,0x31,0x65,0x29,0x65,0x29,0x65,0x31,0x65,0x29,
    0x65,0x29,0x85,0x31,0x86,0x31,0x85,0x31,0x65,0x29,0x85,0x31,0xc6,0x39,0xc6,0x39,
    0x85,0x31,0x86,0x31,0xa6,0x31,0xa6,0x31,0xa6,0x31,0x86,0x31,0x85,0x31,0x86,0x31,
    0x85,0x31,0xa6,0x31,0x85,0x31,0x86,0x31,0x86,0x31,0x85,0x31,0x85,0x31,0x85,0x31,
    0x65,0x29,0xa6,0x31,0xa6,0x31,0x86,0x31,0x86,0x31,0xa6,0x31,0xa6,0x31,0xa6,0x31,
    0x86,0x31,0x86,0x31,0x66,0x31,0x86,0x31,0x66,0x31,0x65,0x31,0x86,0x31,0x86,0x31,
    0x86,0x31,0x86,0x31,0xa6,0x31,0xa7,0x39,0xa6,0x31,0xa6,0x31,0x86,0x31,0xa6,0x31,
    0xa6,0x31,0xa6,0x31,0xa6,0x31,0x86,0x31,0x86,0x31,0x65,0x29,0x86,0x31,0xa6,0x31,
    0xa6,0x31,0x86,0x31,0x86,0x31,0xe7,0x39,0xc7,0x39,0xa6,0x31,0x86,0x31,0x86,0x31,
    0x86,0x31,0x86,0x31,0x86,0x31,0x86,0x31,0x86,0x31,0x86,0x31,0x65,0x29,0x86,0x31,
    0x65,0x29,0x65,0x29,0x86,0x31,0x86,0x31,0x85,0x31,0xc6,0x39,0xc6,0x39,0x85,0x31,
    0x65,0x31,0x65,0x31,0x65,0x31,0x65,0x31,0x65,0x31,0x65,0x31,0x65,0x31,0x65,0x31,
    0x65,0x31,0x65,0x31,0x65,0x31,0x44,0x29,0x44,0x29,0x65,0x31,0x65,0x31,0x85,0x31,
    0x86,0x31,0x85,0x31,0x65,0x31,0x65,0x31,0x45,0x29,0x45,0x29,0x65,0x31,0x85,0x31,
    0x45,0x29,0x44,0x29,0x65,0x29,0x44,0x29,0x65,0x29,0x65,0x29,0x44,0x29,0x44,0x29,
    0x44,0x29,0x44,0x29,0x44,0x29,0x44,0x29,0x24,0x29,0x24,0x29,0x44,0x29,0x44,0x29,
    0x44,0x29,0x44,0x29,0x24,0x29,0x24,0x29,0x24,0x29,0x24,0x29,0x24,0x29,0x24,0x21,
    0x24,0x21,0x24,0x21,0x24,0x29,0x24,0x29,0x24,0x21,0x24,0x21,0x24,0x21,0x24,0x21,
    0x24,0x21,0x24,0x21,0x03,0x21,0x03,0x21,0x03,0x21,0x24,0x21,0x24,0x21,0x03,0x21,
    0x03,0x21,0x03,0x21,0x03,0x21,0x03,0x21,0x03,0x21,0x03,0x21,0x03,0x21,0x03,0x21,
    0x03,0x21,0x24,0x21,0x24,0x21,0x24,0x21,0x24,0x21,0x24,0x21,0x24,0x21,0x24,0x21,
    0x24,0x21,0x24,0x21,0x04,0x21,0x04,0x21,0x04,0x21,0x24,0x21,0x03,0x21,0x03,0x21,
    0x03,0x21,0x04,0x21,0x04,0x21,0x04,0x21,0x03,0x21,0x03,0x21,0x03,0x21,0x03,0x21,
    0x03,0x21,0x03,0x21,0x03,0x21,0x03,0x21,0x03,0x21,0x03,0x21,0x04,0x21,0x04,0x21,
    0x04,0x21,0x03,0x21,0x03,0x21,0x04,0x21,0x04,0x21,0x04,0x21,0x03,0x21,0x04,0x21,
    0x04,0x21,0x04,0x21,0x04,0x21,0x04,0x21,0x04,0x21,0x24,0x21,0x24,0x21,0x24,0x21,
    0x24,0x21,0x24,0x21,0x24,0x21,0x24,0x21,0x24,0x21,0x24,0x21,0x24,0x21,0x44,0x29,
    0x44,0x29,0x44,0x29,0x45,0x29,0x65,0x29,0x44,0x29,0x45,0x29,0x45,0x29,0x45,0x29,
    0x45,0x29,0x45,0x29,0x45,0x29,0x44,0x29,0x45,0x29,0x45,0x29,0x45,0x29,0x65,0x29,
    0x65,0x29,0x45,0x29,0x45,0x29,0x65,0x29,0x65,0x31,0x65,0x29,0x45,0x29,0x85,0x31,
    0x86,0x31,0x65,0x31,0x65,0x29,0x65,0x29,0x45,0x29,0x65,0x29,0x65,0x29,0x65,0x29,
    0x85,0x31,0x65,0x29,0x45,0x29,0x65,0x29,0x65,0x29,0x44,0x29,0x45,0x29,0x65,0x29,
    0x65,0x31,0x85,0x31,0x86,0x31,0x86,0x31,0x65,0x29,0x65,0x29,0x85,0x31,0x86,0x31,
    0x85,0x31,0x65,0x31,0x65,0x29,0x65,0x29,0x65,0x31,0x86,0x31,0x86,0x31,0x65,0x31,
    0x85,0x31,0x85,0x31,0xc7,0x39,0xe7,0x39,0x86,0x31,0x86,0x31,0x85,0x31,0x65,0x31,
    0x85,0x31,0x85,0x31,0x86,0x31,0x86,0x31,0x65,0x31,0x86,0x31,0x86,0x31,0x85,0x31,
    0x85,0x31,0x85,0x31,0x86,0x31,0x86,0x31,0x86,0x31,0xa6,0x31,0xa6,0x31,0x86,0x31,
    0x65,0x29,0x86,0x31,0x86,0x31,0xa6,0x31,0x86,0x31,0x86,0x31,0x66,0x31,0x66,0x31,
    0x86,0x31,0x86,0x31,0x86,0x31,0x65,0x31,0x65,0x31,0x65,0x31,0x66,0x31,0x86,0x31,
    0x86,0x31,0x65,0x29,0x65,0x29,0x86,0x31,0x86,0x31,0xa6,0x31,0x86,0x31,0x65,0x29,
    0x86,0x31,0x65,0x29,0x65,0x29,0x86,0x31,0xa6,0x31,0xa6,0x31,0xa6,0x31,0xa6,0x31,
    0x86,0x31,0x86,0x31,0x86,0x31,0x86,0x31,0x86,0x31,0x86,0x31,0x86,0x31,0x86,0x31,
    0x65,0x29,0x65,0x29,0x86,0x31,0x86,0x31,0x65,0x29,0x65,0x29,0x86,0x31,0x86,0x31,
    0x65,0x31,0xc6,0x39,0xe7,0x41,0x86,0x31,0x65,0x31,0x65,0x31,0x65,0x31,0x65,0x31,
    0x65,0x31,0x65,0x31,0x65,0x31,0x65,0x31,0x45,0x29,0x65,0x31,0x65,0x31,0x65,0x31,
    0x65,0x31,0x65,0x31,0x65,0x31,0x85,0x31,0x85,0x31,0x85,0x31,0x65,0x31,0x65,0x31,
    0x65,0x31,0x45,0x29,0x65,0x31,0x65,0x31,0x65,0x31,0x45,0x29,0x64,0x29,0x44,0x29,
    0x65,0x29,0x65,0x29,0x65,0x29,0x44,0x29,0x44,0x29,0x44,0x29,0x44,0x29,0x44,0x29,
    0x44,0x29,0x44,0x29,0x44,0x29,0x44,0x29,0x44,0x29,0x44,0x29,0x44,0x29,0x24,0x29,
    0x24,0x29,0x44,0x29,0x24,0x29,0x24,0x29,0x24,0x29,0x24,0x29,0x24,0x29,0x24,0x29,
    0x24,0x29,0x24,0x29,0x24,0x29,0x24,0x29,0x24,0x29,0x24,0x21,0x24,0x21,0x24,0x21,
    0x03,0x21,0x24,0x21,0x24,0x21,0x03,0x21,0x03,0x21,0x24,0x21,0x24,0x21,0x03,0x21,
    0x03,0x21,0x03,0x21,0x03,0x21,0x03,0x21,0x24,0x21,0x24,0x21,0x24,0x21,0x23,0x21,
    0x23,0x21,0x24,0x21,0x24,0x21,0x24,0x21,0x24,0x21,0x24,0x21,0x24,0x21,0x03,0x21,
    0x03,0x21,0x24,0x21,0x24,0x21,0x24,0x21,0x03,0x21,0x04,0x21,0x04,0x21,0x04,0x21,
    0x03,0x21,0x03,0x21,0x03,0x21,0x03,0x21,0x03,0x21,0x03,0x21,0x03,0x21,0x03,0x21,
    0x03,0x21,0x03,0x21,0x04,0x21,0x04,0x21,0x04,0x21,0x03,0x21,0x03,0x21,0x04,0x21,
    0x04,0x21,0x04,0x21,0x04,0x21,0x04,0x21,0x04,0x21,0x24,0x21,0x24,0x21,0x04,0x21,
    0x04,0x21,0x24,0x21,0x24,0x21,0x24,0x21,0x24,0x21,0x24,0x21,0x24,0x21,0x24,0x21,
    0x24,0x21,0x24,0x21,0x24,0x29,0x44,0x29,0x44,0x29,0x44,0x29,0x45,0x29,0x65,0x29,
    0x44,0x29,0x44,0x29,0x65,0x29,0x44,0x29,0x44,0x29,0x45,0x29,0x65,0x29,0x45,0x29,
    0x45,0x29,0x45,0x29,0x45,0x29,0x45,0x29,0x65,0x31,0x85,0x31,0x65,0x29,0x65,0x29,
    0x65,0x31,0x65,0x29,0x45,0x29,0x65,0x31,0x65,0x29,0x65,0x29,0x65,0x31,0x65,0x29,
    0x65,0x29,0x65,0x29,0x65,0x29,0x65,0x29,0x65,0x29,0x65,0x29,0x45,0x29,0x65,0x31,
    0x65,0x29,0x44,0x29,0x65,0x29,0x85,0x31,0x65,0x31,0x85,0x31,0x85,0x31,0xa6,0x31,
    0x85,0x31,0x65,0x31,0x65,0x29,0x85,0x31,0x85,0x31,0x85,0x31,0x85,0x31,0x85,0x31,
    0x65,0x29,0x85,0x31,0x86,0x31,0xa6,0x31,0xa6,0x31,0x86,0x31,0x86,0x31,0x86,0x31,
    0x86,0x31,0x85,0x31,0x85,0x31,0x85,0x31,0x65,0x31,0x65,0x31,0x85,0x31,0x85,0x31,
    0x85,0x31,0x86,0x31,0x65,0x29,0x65,0x29,0x85,0x31,0x86,0x31,0xa6,0x31,0xa6,0x31,
    0x86,0x31,0x86,0x31,0x86,0x31,0x86,0x31,0x86,0x31,0x86,0x31,0x86,0x31,0x86,0x31,
    0x86,0x31,0x86,0x31,0x86,0x31,0x66,0x31,0xa6,0x31,0xa6,0x31,0x86,0x31,0x86,0x31,
    0x86,0x31,0x86,0x31,0x65,0x31,0x65,0x31,0x86,0x31,0x86,0x31,0x86,0x31,0x86,0x31,
    0x86,0x31,0xc7,0x39,0xa6,0x31,0xa6,0x31,0xa6,0x31,0xa6,0x31,0x86,0x31,0x86,0x31,
    0xa6,0x31,0xc7,0x39,0xc7,0x39,0x86,0x31,0x86,0x31,0x86,0x31,0xa6,0x31,0xa6,0x31,
    0x86,0x31,0xa6,0x31,0xa6,0x31,0xa6,0x31,0x86,0x31,0x86,0x31,0xa6,0x31,0x86,0x31,
    0x86,0x31,0x86,0x31,0x86,0x31,0xa6,0x31,0xa6,0x39,0xa6,0x39,0xa6,0x39,0xa6,0x39,
    0x85,0x31,0x65,0x31,0x65,0x31,0x85,0x31,0x65,0x31,0x65,0x31,0x85,0x31,0x85,0x31,
    0x65,0x31,0x65,0x31,0x65,0x31,0x65,0x31,0x65,0x31,0x85,0x31,0x85,0x31,0x65,0x31,
    0x85,0x31,0x65,0x31,0x65,0x31,0x85,0x31,0x65,0x31,0x65,0x31,0x85,0x31,0x65,0x31,
    0x65,0x31,0x65,0x31,0x65,0x31,0x65,0x31,0x65,0x31,0x65,0x31,0x45,0x29,0x44,0x29,
    0x44,0x29,0x44,0x29,0x45,0x29,0x65,0x31,0x65,0x31,0x44,0x29,0x44,0x29,0x24,0x29,
    0x24,0x29,0x44,0x29,0x24,0x29,0x24,0x29,0x24,0x29,0x24,0x29,0x24,0x29,0x24,0x29,
    0x44,0x29,0x24,0x21,0x24,0x21,0x24,0x29,0x24,0x29,0x24,0x29,0x24,0x29,0x24,0x29,
    0x24,0x29,0x24,0x29,0x24,0x29,0x24,0x29,0x24,0x29,0x04,0x21,0x04,0x21,0x04,0x21,
    0x03,0x21,0x24,0x21,0x24,0x21,0x03,0x21,0x03,0x21,0x24,0x21,0x03,0x21,0x03,0x21,
    0x03,0x21,0x24,0x21,0x24,0x21,0x24,0x21,0x24,0x21,0x24,0x21,0x24,0x21,0x24,0x21,
    0x24,0x21,0x24,0x21,0x24,0x21,0x24,0x21,0x24,0x21,0x24,0x21,0x24,0x21,0x24,0x21,
    0x03,0x21,0x03,0x21,0x03,0x21,0x03,0x21,0x03,0x21,0x03,0x21,0x03,0x21,0x04,0x21,
    0x03,0x21,0x03,0x21,0x03,0x21,0x03,0x21,0x03,0x21,0x03,0x21,0x04,0x21,0x04,0x21,
    0x04,0x21,0x04,0x21,0x04,0x21,0x04,0x21,0x04,0x21,0x04,0x21,0x04,0x21,0x04,0x21,
    0x04,0x21,0x24,0x21,0x24,0x21,0x24,0x21,0x24,0x21,0x24,0x21,0x24,0x21,0x24,0x21,
    0x24,0x29,0x24,0x29,0x24,0x29,0x24,0x21,0x24,0x21,0x24,0x29,0x44,0x29,0x44,0x29,
    0x44,0x29,0x44,0x29,0x44,0x29,0x44,0x29,0x45,0x29,0x45,0x29,0x45,0x29,0x44,0x29,
    0x45,0x29,0x44,0x29,0x44,0x29,0x44,0x29,0x44,0x29,0x45,0x29,0x65,0x29,0x65,0x29,
    0x65,0x29,0x65,0x31,0x65,0x29,0x65,0x31,0x85,0x31,0x65,0x29,0x45,0x29,0x65,0x29,
    0x65,0x29,0x65,0x29,0x65,0x29,0x45,0x29,0x65,0x29,0x65,0x31,0x65,0x31,0x65,0x29,
    0x85,0x31,0x85,0x31,0x65,0x29,0x45,0x29,0x65,0x31,0x65,0x29,0x65,0x29,0x65,0x29,
    0x65,0x29,0x65,0x31,0x85,0x31,0xa6,0x31,0x85,0x31,0x65,0x29,0x85,0x31,0x65,0x31,
    0x65,0x29,0x65,0x29,0x65,0x29,0x85,0x31,0x86,0x31,0x65,0x31,0x65,0x31,0x86,0x31,
    0xa6,0x39,0xe7,0x39,0x85,0x31,0x65,0x29,0x65,0x29,0x85,0x31,0x65,0x29,0x45,0x29,
    0x65,0x31,0x65,0x29,0x65,0x29,0x85,0x31,0x85,0x31,0x65,0x29,0x45,0x29,0x85,0x31,
    0x85,0x31,0x86,0x31,0xa6,0x31,0xa6,0x31,0x86,0x31,0x86,0x31,0x86,0x31,0x85,0x31,
    0x85,0x31,0x86,0x31,0x86,0x31,0x85,0x31,0x86,0x31,0xa6,0x31,0xa6,0x31,0x86,0x31,
    0x86,0x31,0x86,0x31,0x85,0x31,0x86,0x31,0x86,0x31,0x86,0x31,0x65,0x31,0x65,0x31,
    0x86,0x31,0x86,0x31,0xa6,0x31,0xa6,0x31,0xe8,0x41,0x08,0x42,0xc7,0x39,0xa6,0x31,
    0xc7,0x39,0xa6,0x31,0x86,0x31,0x85,0x31,0xc6,0x39,0xa6,0x31,0x86,0x31,0x86,0x31,
    0xa6,0x31,0xa6,0x31,0xa6,0x31,0x86,0x31,0xa6,0x31,0xc7,0x39,0xa6,0x31,0xa6,0x31,
    0x86,0x31,0x86,0x31,0xa6,0x31,0xa6,0x31,0x86,0x31,0x86,0x31,0xa6,0x31,0xa6,0x31,
    0x85,0x31,0x85,0x31,0x85,0x31,0xa6,0x39,0xa6,0x39,0x65,0x31,0x65,0x31,0x65,0x31,
    0x65,0x31,0x65,0x31,0x85,0x31,0x65,0x31,0x65,0x31,0x85,0x31,0x85,0x31,0x85,0x31,
    0x85,0x31,0xa6,0x39,0xa5,0x31,0x65,0x31,0x65,0x31,0x65,0x31,0x85,0x31,0x85,0x31,
    0x65,0x31,0x65,0x31,0x65,0x31,0x65,0x31,0x65,0x31,0x44,0x29,0x45,0x29,0x45,0x29,
    0x45,0x29,0x45,0x29,0x44,0x29,0x44,0x29,0x45,0x29,0x44,0x29,0x44,0x29,0x45,0x29,
    0x65,0x31,0x44,0x29,0x44,0x29,0x44,0x29,0x44,0x29,0x44,0x29,0x24,0x29,0x24,0x29,
    0x24,0x29,0x24,0x29,0x24,0x29,0x24,0x29,0x44,0x29,0x24,0x21,0x24,0x21,0x24,0x21,
    0x24,0x29,0x24,0x29,0x24,0x21,0x24,0x29,0x24,0x29,0x24,0x29,0x24,0x29,0x24,0x29,
    0x24,0x29,0x24,0x29,0x24,0x29,0x24,0x29,0x04,0x21,0x24,0x21,0x24,0x21,0x03,0x21,
    0x03,0x21,0x24,0x21,0x03,0x21,0x03,0x21,0x03,0x21,0x24,0x21,0x24,0x21,0x24,0x21,
    0x24,0x21,0x24,0x21,0x24,0x21,0x24,0x21,0x24,0x21,0x24,0x21,0x24,0x21,0x24,0x21,
    0x24,0x21,0x24,0x21,0x24,0x21,0x03,0x21,0x03,0x21,0x03,0x21,0x03,0x21,0x03,0x21,
    0x03,0x21,0x03,0x21,0x03,0x21,0x04,0x21,0x04,0x21,0x04,0x21,0x03,0x21,0x03,0x21,
    0x03,0x21,0x03,0x21,0x04,0x21,0x04,0x21,0x04,0x21,0x04,0x21,0x04,0x21,0x04,0x21,
    0x04,0x21,0x04,0x21,0x04,0x21,0x04,0x21,0x24,0x21,0x24,0x21,0x24,0x21,0x24,0x21,
    0x24,0x21,0x24,0x21,0x24,0x21,0x24,0x21,0x24,0x29,0x44,0x29,0x44,0x29,0x44,0x29,
    0x44,0x29,0x24,0x29,0x44,0x29,0x44,0x29,0x44,0x29,0x44,0x29,0x44,0x29,0x44,0x29,
    0x45,0x29,0x45,0x29,0x45,0x29,0x45,0x29,0x65,0x29,0x65,0x29,0x45,0x29,0x44,0x29,
    0x45,0x29,0x65,0x29,0x65,0x29,0x65,0x29,0x65,0x29,0x65,0x29,0x65,0x29,0x45,0x29,
    0x65,0x29,0x45,0x29,0x65,0x29,0x65,0x29,0x65,0x29,0x65,0x31,0x65,0x29,0x65,0x29,
    0x65,0x29,0x65,0x29,0x65,0x29,0x65,0x31,0x86,0x31,0x65,0x31,0x65,0x29,0x65,0x29,
    0x85,0x31,0x65,0x29,0x65,0x29,0x65,0x31,0x85,0x31,0x65,0x31,0x65,0x29,0x85,0x31,
    0x85,0x31,0xc7,0x39,0xa6,0x31,0x65,0x29,0x45,0x29,0x45,0x29,0x65,0x29,0x86,0x31,
    0xa6,0x31,0x65,0x31,0x65,0x29,0x85,0x31,0xa6,0x39,0xc6,0x39,0xa6,0x39,0xa6,0x31,
    0x86,0x31,0x65,0x29,0x44,0x29,0x45,0x29,0x86,0x31,0xa6,0x31,0x65,0x31,0x65,0x31,
    0x85,0x31,0x65,0x29,0x65,0x29,0x85,0x31,0x85,0x31,0x86,0x31,0xa6,0x31,0xa6,0x31,
    0xa6,0x31,0xa6,0x31,0x86,0x31,0x85,0x31,0x85,0x31,0xa6,0x39,0xa6,0x39,0xa6,0x31,
    0xa6,0x31,0xa6,0x31,0x86,0x31,0x85,0x31,0x85,0x31,0x86,0x31,0xa6,0x31,0x86,0x31,
    0x85,0x31,0x86,0x31,0x85,0x31,0xa6,0x31,0x86,0x31,0x65,0x29,0x86,0x31,0x86,0x31,
    0xa7,0x39,0xc7,0x39,0xa6,0x31,0xa6,0x31,0xa6,0x31,0x65,0x29,0x86,0x31,0xa6,0x31,
    0xa6,0x31,0x86,0x31,0xa6,0x31,0xa6,0x31,0xa6,0x31,0xa6,0x31,0xa6,0x31,0x86,0x31,
    0xa6,0x31,0xa6,0x31,0x86,0x31,0xa6,0x31,0x86,0x31,0x86,0x31,0xc7,0x39,0xc7,0x39,
    0xa6,0x31,0x86,0x31,0x86,0x31,0x86,0x31,0x65,0x31,0x65,0x31,0x65,0x31,0x85,0x31,
    0xa6,0x39,0xc6,0x39,0xa5,0x31,0x85,0x31,0x65,0x31,0x85,0x31,0x65,0x31,0x64,0x29,
    0x64,0x29,0x65,0x31,0x85,0x31,0x85,0x31,0x85,0x31,0x85,0x31,0xa6,0x39,0x85,0x31,
    0x65,0x31,0x65,0x31,0x85,0x31,0x85,0x31,0x85,0x31,0x65,0x31,0x65,0x31,0x85,0x31,
    0x65,0x31,0x44,0x29,0x44,0x29,0x44,0x29,0x44,0x29,0x44,0x29,0x44,0x29,0x45,0x29,
    0x65,0x31,0x44,0x29,0x44,0x29,0x44,0x29,0x45,0x29,0x44,0x29,0x44,0x29,0x44,0x29,
    0x44,0x29,0x44,0x29,0x24,0x29,0x24,0x29,0x24,0x29,0x24,0x29,0x24,0x29,0x24,0x29,
    0x44,0x29,0x24,0x21,0x24,0x21,0x24,0x21,0x24,0x21,0x24,0x21,0x24,0x21,0x24,0x21,
    0x24,0x29,0x24,0x29,0x24,0x29,0x24,0x29,0x24,0x29,0x24,0x29,0x24,0x29,0x24,0x29,
    0x24,0x29,0x24,0x21,0x24,0x21,0x03,0x21,0x03,0x21,0x24,0x21,0x03,0x21,0x03,0x21,
    0x03,0x21,0x03,0x21,0x03,0x21,0x24,0x21,0x24,0x21,0x24,0x21,0x24,0x21,0x24,0x21,
    0x24,0x21,0x24,0x21,0x24,0x21,0x24,0x21,0x03,0x21,0x24,0x21,0x03,0x21,0x03,0x21,
    0x03,0x21,0x03,0x21,0x03,0x21,0x03,0x21,0x03,0x21,0x03,0x21,0x03,0x21,0x04,0x21,
    0x04,0x21,0x04,0x21,0x04,0x21,0x04,0x21,0x04,0x21,0x04,0x21,0x04,0x21,0x04,0x21,
    0x04,0x21,0x04,0x21,0x04,0x21,0x04,0x21,0x04,0x21,0x04,0x21,0x04,0x21,0x04,0x21,
    0x24,0x21,0x24,0x21,0x24,0x21,0x24,0x21,0x24,0x21,0x24,0x21,0x24,0x21,0x24,0x21,
    0x24,0x29,0x24,0x29,0x44,0x29,0x44,0x29,0x44,0x29,0x24,0x29,0x44,0x29,0x44,0x29,
    0x44,0x29,0x44,0x29,0x44,0x29,0x44,0x29,0x45,0x29,0x44,0x29,0x45,0x29,0x45,0x29,
    0x65,0x29,0x65,0x29,0x45,0x29,0x45,0x29,0x45,0x29,0x45,0x29,0x65,0x29,0x65,0x29,
    0x65,0x29,0x65,0x29,0x65,0x29,0x45,0x29,0x45,0x29,0x65,0x29,0x65,0x29,0x65,0x29,
    0x65,0x29,0x85,0x31,0x65,0x31,0x65,0x29,0x65,0x29,0x65,0x31,0x65,0x31,0x85,0x31,
    0x85,0x31,0x85,0x31,0x85,0x31,0x85,0x31,0x85,0x31,0x65,0x29,0x65,0x29,0x85,0x31,
    0x86,0x31,0x85,0x31,0x65,0x29,0x65,0x29,0x86,0x31,0x07,0x42,0xe7,0x41,0xa6,0x31,
    0x85,0x31,0x85,0x31,0x65,0x29,0x86,0x31,0xa6,0x31,0x65,0x31,0x65,0x29,0x85,0x31,
    0xa6,0x31,0x85,0x31,0xc6,0x39,0xc7,0x39,0xa6,0x31,0x65,0x29,0x65,0x31,0x86,0x31,
    0x65,0x31,0x65,0x29,0x65,0x29,0x65,0x29,0x86,0x31,0x65,0x29,0x85,0x31,0x85,0x31,
    0x85,0x31,0x86,0x31,0x86,0x31,0xa6,0x31,0xa6,0x31,0xa6,0x31,0xa6,0x31,0x86,0x31,
    0x85,0x31,0x85,0x31,0x86,0x31,0x86,0x31,0xa6,0x39,0xa6,0x31,0x85,0x31,0x86,0x31,
    0x86,0x31,0x86,0x31,0xc6,0x39,0xa6,0x31,0x85,0x31,0x85,0x31,0x86,0x31,0xc7,0x39,
    0x86,0x31,0x65,0x29,0x86,0x31,0x86,0x31,0x86,0x31,0xa6,0x31,0x86,0x31,0xa6,0x31,
    0xc7,0x39,0xa6,0x31,0x86,0x31,0x86,0x31,0x85,0x31,0x86,0x31,0xa6,0x31,0xa6,0x31,
    0xa6,0x31,0xa6,0x31,0xa6,0x31,0xa6,0x31,0x86,0x31,0x65,0x29,0xa6,0x31,0xc7,0x39,
    0x86,0x31,0x86,0x31,0xa6,0x31,0xa6,0x31,0xa6,0x31,0x86,0x31,0x86,0x31,0x65,0x29,
    0x85,0x31,0x65,0x31,0x85,0x31,0x85,0x31,0xa6,0x39,0xc6,0x39,0xa6,0x39,0x85,0x31,
    0x65,0x31,0x85,0x31,0x85,0x31,0x85,0x31,0x65,0x31,0x85,0x31,0x85,0x31,0x85,0x31,
    0x85,0x31,0x85,0x31,0xa6,0x39,0xa6,0x39,0x65,0x31,0x65,0x31,0x65,0x31,0x85,0x31,
    0x85,0x31,0x65,0x31,0x65,0x31,0x65,0x31,0x64,0x29,0x44,0x29,0x44,0x29,0x44,0x29,
    0x44,0x29,0x44,0x29,0x44,0x29,0x44,0x29,0x44,0x29,0x24,0x29,0x24,0x29,0x44,0x29,
    0x44,0x29,0x44,0x29,0x44,0x29,0x44,0x29,0x44,0x29,0x44,0x29,0x24,0x29,0x24,0x29,
    0x24,0x29,0x24,0x29,0x24,0x29,0x24,0x29,0x44,0x29,0x24,0x21,0x24,0x21,0x24,0x21,
    0x24,0x21,0x24,0x21,0x24,0x21,0x24,0x21,0x24,0x29,0x24,0x29,0x24,0x29,0x24,0x29,
    0x24,0x29,0x24,0x29,0x24,0x29,0x24,0x29,0x24,0x29,0x24,0x21,0x24,0x21,0x03,0x21,
    0x03,0x21,0x24,0x21,0x24,0x21,0x24,0x21,0x03,0x21,0x03,0x21,0x03,0x21,0x24,0x21,
    0x24,0x21,0x24,0x21,0x24,0x21,0x24,0x21,0x24,0x21,0x24,0x21,0x24,0x21,0x03,0x21,
    0x03,0x21,0x03,0x21,0x03,0x21,0x03,0x21,0x03,0x21,0x03,0x21,0x03,0x21,0x03,0x21,
    0x03,0x21,0x03,0x21,0x03,0x21,0x04,0x21,0x04,0x21,0x04,0x21,0x04,0x21,0x04,0x21,
    0x04,0x21,0x04,0x21,0x04,0x21,0x04,0x21,0x04,0x21,0x04,0x21,0x04,0x21,0x04,0x21,
    0x04,0x21,0x04,0x21,0x04,0x21,0x04,0x21,0x24,0x21,0x24,0x21,0x24,0x21,0x24,0x21,
    0x24,0x21,0x24,0x21,0x24,0x21,0x24,0x21,0x24,0x21,0x24,0x21,0x24,0x21,0x24,0x21,
    0x24,0x29,0x44,0x29,0x44,0x29,0x44,0x29,0x44,0x29,0x44,0x29,0x45,0x29,0x45,0x29,
    0x45,0x29,0x44,0x29,0x44,0x29,0x44,0x29,0x45,0x29,0x45,0x29,0x45,0x29,0x45,0x29,
    0x45,0x29,0x45,0x29,0x45,0x29,0x65,0x29,0x65,0x29,0x65,0x31,0x85,0x31,0x65,0x29,
    0x65,0x29,0x65,0x29,0x65,0x29,0x65,0x29,0x65,0x29,0x65,0x31,0x65,0x29,0x65,0x29,
    0x65,0x29,0x85,0x31,0x85,0x31,0x65,0x29,0x65,0x29,0x85,0x31,0x86,0x31,0x85,0x31,
    0x65,0x31,0x65,0x31,0x85,0x31,0x85,0x31,0x85,0x31,0x65,0x29,0x45,0x29,0x65,0x29,
    0x65,0x29,0xa6,0x31,0xe7,0x39,0xa6,0x39,0xc6,0x39,0xe7,0x39,0x86,0x31,0x85,0x31,
    0x86,0x31,0x85,0x31,0x65,0x31,0x86,0x31,0xc7,0x39,0xa6,0x31,0xc6,0x39,0xa6,0x31,
    0x65,0x31,0x45,0x29,0x85,0x31,0xa6,0x39,0x65,0x29,0x45,0x29,0x45,0x29,0x65,0x29,
    0xa6,0x31,0x85,0x31,0x85,0x31,0x86,0x31,0x86,0x31,0x86,0x31,0x86,0x31,0x86,0x31,
    0xa6,0x31,0xa6,0x31,0xa6,0x31,0xa6,0x31,0xa6,0x31,0x86,0x31,0x85,0x31,0x65,0x31,
    0x85,0x31,0x65,0x29,0x85,0x31,0x85,0x31,0x85,0x31,0x65,0x31,0x85,0x31,0x85,0x31,
    0x65,0x31,0x85,0x31,0x85,0x31,0xa6,0x31,0x86,0x31,0x45,0x29,0x45,0x29,0x86,0x31,
    0x86,0x31,0x86,0x31,0x65,0x29,0x86,0x31,0xe7,0x39,0xe7,0x39,0x86,0x31,0x65,0x29,
    0xa6,0x31,0xe7,0x39,0xa6,0x31,0x65,0x29,0xa6,0x31,0xc7,0x39,0xa6,0x31,0xa6,0x31,
    0x86,0x31,0x65,0x29,0xa6,0x31,0xa6,0x31,0xc7,0x39,0xa6,0x31,0x86,0x31,0x86,0x31,
    0xa6,0x31,0xa6,0x31,0xa6,0x31,0x86,0x31,0x85,0x31,0x85,0x31,0xa5,0x31,0xa6,0x39,
    0x85,0x31,0x85,0x31,0x85,0x31,0x85,0x31,0x65,0x31,0x85,0x31,0x85,0x31,0x85,0x31,
    0x85,0x31,0x85,0x31,0x65,0x31,0x65,0x31,0x85,0x31,0x85,0x31,0x85,0x31,0xa5,0x31,
    0x65,0x31,0x85,0x31,0x85,0x31,0x85,0x31,0x85,0x31,0x85,0x31,0x85,0x31,0x65,0x31,
    0x44,0x29,0x44,0x29,0x44,0x29,0x44,0x29,0x44,0x29,0x44,0x29,0x44,0x29,0x44,0x29,
    0x24,0x29,0x24,0x29,0x24,0x29,0x44,0x29,0x24,0x29,0x24,0x29,0x44,0x29,0x44,0x29,
    0x44,0x29,0x44,0x29,0x24,0x29,0x24,0x29,0x24,0x29,0x24,0x29,0x24,0x29,0x24,0x29,
    0x44,0x29,0x24,0x21,0x24,0x21,0x24,0x21,0x24,0x21,0x24,0x21,0x24,0x21,0x03,0x21,
    0x04,0x21,0x24,0x29,0x24,0x29,0x24,0x29,0x24,0x29,0x24,0x29,0x24,0x29,0x24,0x29,
    0x24,0x29,0x24,0x21,0x24,0x21,0x03,0x21,0x03,0x21,0x24,0x21,0x24,0x21,0x24,0x21,
    0x03,0x21,0x03,0x21,0x03,0x21,0x24,0x21,0x24,0x21,0x24,0x21,0x24,0x21,0x24,0x21,
    0x24,0x21,0x24,0x21,0x03,0x21,0x03,0x21,0x03,0x21,0x03,0x21,0x03,0x21,0x03,0x21,
    0x03,0x21,0x03,0x21,0x03,0x21,0x03,0x21,0x03,0x21,0x03,0x21,0x03,0x21,0x03,0x21,
    0x03,0x21,0x04,0x21,0x04,0x21,0x04,0x21,0x04,0x21,0x04,0x21,0x04,0x21,0x04,0x21,
    0x04,0x21,0x04,0x21,0x04,0x21,0x04,0x21,0x04,0x21,0x04,0x21,0x04,0x21,0x24,0x21,
    0x24,0x21,0x24,0x21,0x24,0x21,0x24,0x21,0x24,0x21,0x24,0x21,0x24,0x21,0x24,0x21,
    0x44,0x29,0x24,0x21,0x24,0x21,0x24,0x21,0x24,0x29,0x44,0x29,0x24,0x29,0x24,0x29,
    0x44,0x29,0x45,0x29,0x45,0x29,0x45,0x29,0x45,0x29,0x44,0x29,0x44,0x29,0x44,0x29,
    0x45,0x29,0x45,0x29,0x45,0x29,0x45,0x29,0x45,0x29,0x45,0x29,0x45,0x29,0x65,0x29,
    0x65,0x29,0x45,0x29,0x65,0x29,0x45,0x29,0x65,0x29,0x65,0x29,0x45,0x29,0x65,0x29,
    0x65,0x29,0x65,0x29,0x65,0x29,0x65,0x29,0x65,0x29,0x65,0x29,0x65,0x29,0x65,0x29,
    0x45,0x29,0x65,0x29,0x85,0x31,0x85,0x31,0x85,0x31,0x85,0x31,0x85,0x31,0x85,0x31,
    0x65,0x31,0x45,0x29,0x65,0x29,0x85,0x31,0x65,0x31,0x65,0x31,0x86,0x31,0x65,0x29,
    0xa6,0x31,0x08,0x42,0xe7,0x39,0x86,0x31,0x86,0x31,0x85,0x31,0x85,0x31,0xa6,0x31,
    0xe7,0x39,0xe7,0x39,0xc7,0x39,0x86,0x31,0xa6,0x31,0x85,0x31,0x65,0x29,0x86,0x31,
    0x65,0x29,0x44,0x29,0x24,0x29,0x45,0x29,0xa6,0x39,0x85,0x31,0x65,0x31,0x86,0x31,
    0x86,0x31,0x85,0x31,0x86,0x31,0x86,0x31,0x86,0x31,0xa6,0x31,0xa6,0x31,0xa6,0x31,
    0xa6,0x31,0xa6,0x31,0x85,0x31,0x85,0x31,0xa6,0x31,0x85,0x31,0x86,0x31,0x65,0x29,
    0x65,0x29,0x85,0x31,0x65,0x31,0x65,0x29,0x65,0x29,0x85,0x31,0x65,0x29,0x65,0x29,
    0x24,0x29,0x24,0x29,0x25,0x29,0x65,0x29,0x65,0x29,0x86,0x31,0xa6,0x31,0xa6,0x31,
    0xa6,0x31,0xc7,0x39,0xa6,0x31,0x85,0x31,0x85,0x31,0xc7,0x39,0x86,0x31,0x85,0x31,
    0xe7,0x39,0xe7,0x39,0x86,0x31,0xa6,0x31,0x86,0x31,0x65,0x29,0x86,0x31,0x86,0x31,
    0xa6,0x31,0x86,0x31,0x86,0x31,0x86,0x31,0x86,0x31,0xa6,0x31,0xa6,0x31,0xa6,0x31,
    0xa6,0x39,0xc6,0x39,0xc6,0x39,0xa6,0x39,0xc6,0x39,0x85,0x31,0x85,0x31,0x85,0x31,
    0x85,0x31,0x85,0x31,0x85,0x31,0x85,0x31,0x85,0x31,0x65,0x31,0x65,0x31,0x65,0x31,
    0x85,0x31,0x85,0x31,0x85,0x31,0x85,0x31,0x65,0x31,0x65,0x31,0x65,0x31,0x65,0x31,
    0x85,0x31,0x85,0x31,0x65,0x31,0x44,0x29,0x65,0x31,0x65,0x31,0x44,0x29,0x44,0x29,
    0x65,0x31,0x44,0x29,0x44,0x29,0x24,0x29,0x24,0x29,0x44,0x29,0x44,0x29,0x24,0x29,
    0x44,0x29,0x44,0x29,0x44,0x29,0x44,0x29,0x24,0x29,0x44,0x29,0x44,0x29,0x44,0x29,
    0x44,0x29,0x24,0x29,0x24,0x29,0x24,0x29,0x24,0x29,0x24,0x29,0x24,0x21,0x24,0x21,
    0x24,0x21,0x24,0x21,0x24,0x21,0x24,0x21,0x24,0x29,0x24,0x29,0x04,0x21,0x24,0x29,
    0x24,0x29,0x24,0x29,0x24,0x29,0x24,0x29,0x24,0x29,0x24,0x21,0x24,0x21,0x24,0x21,
    0x24,0x21,0x24,0x21,0x24,0x21,0x03,0x21,0x03,0x21,0x03,0x21,0x03,0x21,0x03,0x21,
    0x03,0x21,0x03,0x21,0x03,0x21,0x03,0x21,0x24,0x21,0x24,0x21,0x24,0x21,0x24,0x21,
    0x24,0x21,0x03,0x21,0x03,0x21,0x03,0x21,0x03,0x21,0x03,0x21,0x03,0x21,0x03,0x21,
    0x03,0x21,0x03,0x21,0x03,0x21,0x04,0x21,0x04,0x21,0x04,0x21,0x04,0x21,0x04,0x21,
    0x04,0x21,0x04,0x21,0x24,0x21,0x24,0x21,0x04,0x21,0x04,0x21,0x04,0x21,0x04,0x21,
    0x04,0x21,0x04,0x21,0x04,0x21,0x04,0x21,0x24,0x21,0x24,0x21,0x24,0x21,0x24,0x21,
    0x24,0x21,0x24,0x21,0x24,0x21,0x44,0x29,0x44,0x29,0x24,0x29,0x44,0x29,0x24,0x21,
    0x24,0x21,0x44,0x29,0x24,0x29,0x24,0x29,0x45,0x29,0x65,0x29,0x45,0x29,0x45,0x29,
    0x45,0x29,0x45,0x29,0x44,0x29,0x45,0x29,0x45,0x29,0x44,0x29,0x45,0x29,0x65,0x29,
    0x65,0x29,0x65,0x29,0x65,0x29,0x65,0x29,0x65,0x29,0x45,0x29,0x65,0x29,0x65,0x29,
    0x65,0x29,0x45,0x29,0x45,0x29,0x65,0x29,0x65,0x29,0x65,0x29,0x65,0x29,0x65,0x29,
    0x65,0x29,0x85,0x31,0x65,0x31,0x65,0x29,0x65,0x29,0x65,0x29,0x85,0x31,0x86,0x31,
    0x85,0x31,0x65,0x29,0x85,0x31,0x65,0x31,0x65,0x29,0x65,0x31,0x65,0x29,0x65,0x31,
    0x65,0x29,0x86,0x31,0xa6,0x31,0x65,0x31,0x65,0x31,0xe7,0x39,0xe7,0x39,0x86,0x31,
    0x65,0x29,0x65,0x29,0x65,0x29,0xa6,0x31,0xe7,0x39,0xe7,0x39,0xc6,0x39,0x85,0x31,
    0x85,0x31,0x85,0x31,0x65,0x29,0x65,0x29,0x45,0x29,0x44,0x29,0x45,0x29,0x45,0x29,
    0x65,0x29,0x86,0x31,0xa6,0x31,0x86,0x31,0x85,0x31,0x86,0x31,0x85,0x31,0x86,0x31,
    0xa6,0x31,0x65,0x31,0xa6,0x31,0xa6,0x31,0xa6,0x31,0xa6,0x31,0xa6,0x31,0xa6,0x31,
    0xc7,0x39,0x86,0x31,0x85,0x31,0x85,0x31,0x65,0x29,0xa6,0x31,0x85,0x31,0x65,0x29,
    0x85,0x31,0x85,0x31,0x65,0x29,0x65,0x29,0x24,0x29,0x24,0x21,0x25,0x29,0x45,0x29,
    0x24,0x21,0x45,0x29,0x86,0x31,0xc7,0x39,0xc7,0x39,0xa6,0x31,0xa6,0x31,0x86,0x31,
    0x86,0x31,0x86,0x31,0xa6,0x31,0x86,0x31,0xa6,0x31,0xa6,0x31,0xa6,0x31,0xa6,0x31,
    0x86,0x31,0x86,0x31,0x86,0x31,0x65,0x29,0x65,0x29,0x86,0x31,0x86,0x31,0x86,0x31,
    0x65,0x29,0x86,0x31,0x86,0x31,0xa6,0x31,0x48,0x4a,0x07,0x42,0xc6,0x39,0xa6,0x39,
    0xc6,0x39,0xa5,0x31,0x85,0x31,0x85,0x31,0x85,0x31,0x85,0x31,0x85,0x31,0x85,0x31,
    0x85,0x31,0x85,0x31,0x85,0x31,0x65,0x31,0x85,0x31,0x65,0x31,0x65,0x31,0x85,0x31,
    0x85,0x31,0x85,0x31,0x65,0x31,0x65,0x31,0x65,0x31,0x85,0x31,0x85,0x31,0x65,0x31,
    0x85,0x31,0x85,0x31,0x65,0x31,0x45,0x29,0x65,0x31,0x44,0x29,0x44,0x29,0x44,0x29,
    0x24,0x29,0x44,0x29,0x24,0x29,0x24,0x29,0x24,0x29,0x44,0x29,0x44,0x29,0x24,0x29,
    0x24,0x29,0x44,0x29,0x44,0x29,0x44,0x29,0x44,0x29,0x24,0x29,0x24,0x29,0x24,0x29,
    0x24,0x29,0x24,0x29,0x24,0x21,0x24,0x21,0x24,0x21,0x24,0x21,0x24,0x21,0x24,0x21,
    0x24,0x29,0x24,0x29,0x04,0x21,0x24,0x29,0x24,0x29,0x24,0x29,0x24,0x29,0x24,0x29,
    0x24,0x29,0x24,0x21,0x24,0x21,0x24,0x21,0x24,0x21,0x24,0x21,0x24,0x21,0x24,0x21,
    0x03,0x21,0x03,0x21,0x03,0x21,0x03,0x21,0x03,0x21,0x03,0x21,0x03,0x21,0x03,0x21,
    0x24,0x21,0x24,0x21,0x24,0x21,0x24,0x21,0x24,0x21,0x03,0x21,0x03,0x21,0x03,0x21,
    0x03,0x21,0x03,0x21,0x03,0x21,0x03,0x21,0x03,0x21,0x03,0x21,0x03,0x21,0x04,0x21,
    0x04,0x21,0x04,0x21,0x04,0x21,0x04,0x21,0x04,0x21,0x04,0x21,0x24,0x21,0x24,0x21,
    0x04,0x21,0x04,0x21,0x04,0x21,0x04,0x21,0x04,0x21,0x04,0x21,0x04,0x21,0x04,0x21,
    0x24,0x21,0x24,0x21,0x24,0x21,0x24,0x21,0x24,0x21,0x24,0x21,0x24,0x21,0x44,0x29,
    0x44,0x29,0x44,0x29,0x24,0x29,0x24,0x21,0x24,0x21,0x44,0x29,0x44,0x29,0x44,0x29,
    0x44,0x29,0x45,0x29,0x45,0x29,0x45,0x29,0x44,0x29,0x44,0x29,0x24,0x29,0x44,0x29,
    0x44,0x29,0x44,0x29,0x44,0x29,0x45,0x29,0x65,0x29,0x65,0x29,0x65,0x29,0x45,0x29,
    0x45,0x29,0x45,0x29,0x45,0x29,0x65,0x29,0x65,0x29,0x45,0x29,0x45,0x29,0x65,0x29,
    0x65,0x29,0x85,0x31,0x85,0x31,0x65,0x29,0x45,0x29,0x65,0x29,0x65,0x29,0x65,0x29,
    0x65,0x29,0x65,0x29,0x65,0x31,0x86,0x31,0x85,0x31,0x65,0x29,0x65,0x31,0x65,0x31,
    0x65,0x29,0x85,0x31,0x65,0x31,0x65,0x31,0x65,0x29,0x65,0x31,0x85,0x31,0x65,0x31,
    0x85,0x31,0xc7,0x39,0x08,0x42,0x07,0x42,0x85,0x31,0x65,0x29,0x85,0x31,0x86,0x31,
    0x86,0x31,0x85,0x31,0x86,0x31,0x86,0x31,0x86,0x31,0x65,0x31,0x85,0x31,0x86,0x31,
    0x85,0x31,0x65,0x29,0x85,0x31,0x85,0x31,0x85,0x31,0xa6,0x31,0x86,0x31,0x85,0x31,
    0x86,0x31,0x86,0x31,0x85,0x31,0xa6,0x31,0x86,0x31,0x86,0x31,0xa6,0x31,0xa6,0x39,
    0xa6,0x31,0xa6,0x31,0xa6,0x31,0xa6,0x31,0xa6,0x31,0x85,0x31,0x85,0x31,0x65,0x29,
    0x65,0x31,0x86,0x31,0x86,0x31,0x85,0x31,0x85,0x31,0x85,0x31,0x85,0x31,0x65,0x31,
    0x45,0x29,0x25,0x29,0x45,0x29,0x45,0x29,0x24,0x29,0x65,0x29,0x86,0x31,0x86,0x31,
    0xa6,0x31,0xc7,0x39,0xa6,0x31,0x86,0x31,0x86,0x31,0x86,0x31,0xa6,0x31,0xa6,0x31,
    0xc7,0x39,0x86,0x31,0x86,0x31,0xa6,0x31,0x86,0x31,0xa6,0x31,0xa6,0x31,0x65,0x29,
    0x65,0x29,0x86,0x31,0x86,0x31,0x86,0x31,0x86,0x31,0x86,0x31,0x65,0x29,0x86,0x31,

};

const lv_image_dsc_t coffee_ready_espresso_img = {
  .header = {
    .magic = LV_IMAGE_HEADER_MAGIC,
    .cf = LV_COLOR_FORMAT_RGB565,
    .flags = 0,
    .w = 260,
    .h = 150,
    .stride = 520,
    .reserved_2 = 0,
  },
  .data_size = sizeof(coffee_ready_espresso_img_map),
  .data = coffee_ready_espresso_img_map,
  .reserved = NULL,
};
